path,label,source,cluster
data/raw/TB_Chest_Radiography_Database/Normal/Normal-1.png,0,rahman,0
data/raw/TB_Chest_Radiography_Database/Normal/Normal-10.png,0,rahman,1
data/raw/TB_Chest_Radiography_Database/Normal/Normal-100.png,0,rahman,2
data/raw/TB_Chest_Radiography_Database/Normal/Normal-1000.png,0,rahman,3
data/raw/TB_Chest_Radiography_Database/Normal/Normal-1001.png,0,rahman,4
data/raw/TB_Chest_Radiography_Database/Normal/Normal-1002.png,0,rahman,5
data/raw/TB_Chest_Radiography_Database/Normal/Normal-1003.png,0,rahman,6
data/raw/TB_Chest_Radiography_Database/Normal/Normal-1004.png,0,rahman,7
data/raw/TB_Chest_Radiography_Database/Normal/Normal-1005.png,0,rahman,8
data/raw/TB_Chest_Radiography_Database/Normal/Normal-1006.png,0,rahman,9
data/raw/TB_Chest_Radiography_Database/Normal/Normal-1007.png,0,rahman,10
data/raw/TB_Chest_Radiography_Database/Normal/Normal-1008.png,0,rahman,11
data/raw/TB_Chest_Radiography_Database/Normal/Normal-1009.png,0,rahman,12
data/raw/TB_Chest_Radiography_Database/Normal/Normal-101.png,0,rahman,13
data/raw/TB_Chest_Radiography_Database/Normal/Normal-1010.png,0,rahman,14
data/raw/TB_Chest_Radiography_Database/Normal/Normal-1011.png,0,rahman,15
data/raw/TB_Chest_Radiography_Database/Normal/Normal-1013.png,0,rahman,17
data/raw/TB_Chest_Radiography_Database/Normal/Normal-1014.png,0,rahman,18
data/raw/TB_Chest_Radiography_Database/Normal/Normal-1015.png,0,rahman,19
data/raw/TB_Chest_Radiography_Database/Normal/Normal-1016.png,0,rahman,20
data/raw/TB_Chest_Radiography_Database/Normal/Normal-1017.png,0,rahman,21
data/raw/TB_Chest_Radiography_Database/Normal/Normal-1018.png,0,rahman,22
data/raw/TB_Chest_Radiography_Database/Normal/Normal-1019.png,0,rahman,23
data/raw/TB_Chest_Radiography_Database/Normal/Normal-102.png,0,rahman,24
data/raw/TB_Chest_Radiography_Database/Normal/Normal-1020.png,0,rahman,25
data/raw/TB_Chest_Radiography_Database/Normal/Normal-1021.png,0,rahman,26
data/raw/TB_Chest_Radiography_Database/Normal/Normal-1022.png,0,rahman,27
data/raw/TB_Chest_Radiography_Database/Normal/Normal-1024.png,0,rahman,29
data/raw/TB_Chest_Radiography_Database/Normal/Normal-1026.png,0,rahman,31
data/raw/TB_Chest_Radiography_Database/Normal/Normal-1028.png,0,rahman,33
data/raw/TB_Chest_Radiography_Database/Normal/Normal-103.png,0,rahman,35
data/raw/TB_Chest_Radiography_Database/Normal/Normal-1030.png,0,rahman,36
data/raw/TB_Chest_Radiography_Database/Normal/Normal-1032.png,0,rahman,38
data/raw/TB_Chest_Radiography_Database/Normal/Normal-1033.png,0,rahman,39
data/raw/TB_Chest_Radiography_Database/Normal/Normal-1034.png,0,rahman,40
data/raw/TB_Chest_Radiography_Database/Normal/Normal-1035.png,0,rahman,41
data/raw/TB_Chest_Radiography_Database/Normal/Normal-1036.png,0,rahman,42
data/raw/TB_Chest_Radiography_Database/Normal/Normal-1037.png,0,rahman,43
data/raw/TB_Chest_Radiography_Database/Normal/Normal-1038.png,0,rahman,44
data/raw/TB_Chest_Radiography_Database/Normal/Normal-104.png,0,rahman,46
data/raw/TB_Chest_Radiography_Database/Normal/Normal-1040.png,0,rahman,47
data/raw/TB_Chest_Radiography_Database/Normal/Normal-1041.png,0,rahman,48
data/raw/TB_Chest_Radiography_Database/Normal/Normal-1042.png,0,rahman,49
data/raw/TB_Chest_Radiography_Database/Normal/Normal-1043.png,0,rahman,50
data/raw/TB_Chest_Radiography_Database/Normal/Normal-1044.png,0,rahman,51
data/raw/TB_Chest_Radiography_Database/Normal/Normal-1045.png,0,rahman,52
data/raw/TB_Chest_Radiography_Database/Normal/Normal-1046.png,0,rahman,53
data/raw/TB_Chest_Radiography_Database/Normal/Normal-1048.png,0,rahman,55
data/raw/TB_Chest_Radiography_Database/Normal/Normal-1049.png,0,rahman,56
data/raw/TB_Chest_Radiography_Database/Normal/Normal-105.png,0,rahman,57
data/raw/TB_Chest_Radiography_Database/Normal/Normal-1050.png,0,rahman,58
data/raw/TB_Chest_Radiography_Database/Normal/Normal-1051.png,0,rahman,59
data/raw/TB_Chest_Radiography_Database/Normal/Normal-1052.png,0,rahman,60
data/raw/TB_Chest_Radiography_Database/Normal/Normal-1053.png,0,rahman,61
data/raw/TB_Chest_Radiography_Database/Normal/Normal-1054.png,0,rahman,62
data/raw/TB_Chest_Radiography_Database/Normal/Normal-1055.png,0,rahman,63
data/raw/TB_Chest_Radiography_Database/Normal/Normal-1056.png,0,rahman,64
data/raw/TB_Chest_Radiography_Database/Normal/Normal-1057.png,0,rahman,65
data/raw/TB_Chest_Radiography_Database/Normal/Normal-1058.png,0,rahman,66
data/raw/TB_Chest_Radiography_Database/Normal/Normal-1059.png,0,rahman,67
data/raw/TB_Chest_Radiography_Database/Normal/Normal-106.png,0,rahman,68
data/raw/TB_Chest_Radiography_Database/Normal/Normal-1062.png,0,rahman,71
data/raw/TB_Chest_Radiography_Database/Normal/Normal-1063.png,0,rahman,72
data/raw/TB_Chest_Radiography_Database/Normal/Normal-1064.png,0,rahman,73
data/raw/TB_Chest_Radiography_Database/Normal/Normal-1065.png,0,rahman,74
data/raw/TB_Chest_Radiography_Database/Normal/Normal-1066.png,0,rahman,75
data/raw/TB_Chest_Radiography_Database/Normal/Normal-1067.png,0,rahman,76
data/raw/TB_Chest_Radiography_Database/Normal/Normal-1069.png,0,rahman,78
data/raw/TB_Chest_Radiography_Database/Normal/Normal-107.png,0,rahman,79
data/raw/TB_Chest_Radiography_Database/Normal/Normal-1070.png,0,rahman,80
data/raw/TB_Chest_Radiography_Database/Normal/Normal-1071.png,0,rahman,81
data/raw/TB_Chest_Radiography_Database/Normal/Normal-1072.png,0,rahman,82
data/raw/TB_Chest_Radiography_Database/Normal/Normal-1073.png,0,rahman,83
data/raw/TB_Chest_Radiography_Database/Normal/Normal-1074.png,0,rahman,84
data/raw/TB_Chest_Radiography_Database/Normal/Normal-1075.png,0,rahman,85
data/raw/TB_Chest_Radiography_Database/Normal/Normal-1076.png,0,rahman,86
data/raw/TB_Chest_Radiography_Database/Normal/Normal-1077.png,0,rahman,87
data/raw/TB_Chest_Radiography_Database/Normal/Normal-1078.png,0,rahman,88
data/raw/TB_Chest_Radiography_Database/Normal/Normal-1079.png,0,rahman,89
data/raw/TB_Chest_Radiography_Database/Normal/Normal-1080.png,0,rahman,91
data/raw/TB_Chest_Radiography_Database/Normal/Normal-1081.png,0,rahman,92
data/raw/TB_Chest_Radiography_Database/Normal/Normal-1082.png,0,rahman,93
data/raw/TB_Chest_Radiography_Database/Normal/Normal-1083.png,0,rahman,94
data/raw/TB_Chest_Radiography_Database/Normal/Normal-1084.png,0,rahman,95
data/raw/TB_Chest_Radiography_Database/Normal/Normal-1085.png,0,rahman,96
data/raw/TB_Chest_Radiography_Database/Normal/Normal-1086.png,0,rahman,97
data/raw/TB_Chest_Radiography_Database/Normal/Normal-1088.png,0,rahman,99
data/raw/TB_Chest_Radiography_Database/Normal/Normal-1089.png,0,rahman,100
data/raw/TB_Chest_Radiography_Database/Normal/Normal-109.png,0,rahman,101
data/raw/TB_Chest_Radiography_Database/Normal/Normal-1090.png,0,rahman,102
data/raw/TB_Chest_Radiography_Database/Normal/Normal-1091.png,0,rahman,103
data/raw/TB_Chest_Radiography_Database/Normal/Normal-1092.png,0,rahman,104
data/raw/TB_Chest_Radiography_Database/Normal/Normal-1093.png,0,rahman,105
data/raw/TB_Chest_Radiography_Database/Normal/Normal-1094.png,0,rahman,106
data/raw/TB_Chest_Radiography_Database/Normal/Normal-1095.png,0,rahman,107
data/raw/TB_Chest_Radiography_Database/Normal/Normal-1096.png,0,rahman,108
data/raw/TB_Chest_Radiography_Database/Normal/Normal-1097.png,0,rahman,109
data/raw/TB_Chest_Radiography_Database/Normal/Normal-1098.png,0,rahman,110
data/raw/TB_Chest_Radiography_Database/Normal/Normal-1099.png,0,rahman,111
data/raw/TB_Chest_Radiography_Database/Normal/Normal-11.png,0,rahman,112
data/raw/TB_Chest_Radiography_Database/Normal/Normal-110.png,0,rahman,113
data/raw/TB_Chest_Radiography_Database/Normal/Normal-1100.png,0,rahman,114
data/raw/TB_Chest_Radiography_Database/Normal/Normal-1101.png,0,rahman,115
data/raw/TB_Chest_Radiography_Database/Normal/Normal-1102.png,0,rahman,116
data/raw/TB_Chest_Radiography_Database/Normal/Normal-1103.png,0,rahman,117
data/raw/TB_Chest_Radiography_Database/Normal/Normal-1104.png,0,rahman,118
data/raw/TB_Chest_Radiography_Database/Normal/Normal-1105.png,0,rahman,119
data/raw/TB_Chest_Radiography_Database/Normal/Normal-1106.png,0,rahman,120
data/raw/TB_Chest_Radiography_Database/Normal/Normal-1107.png,0,rahman,121
data/raw/TB_Chest_Radiography_Database/Normal/Normal-1108.png,0,rahman,122
data/raw/TB_Chest_Radiography_Database/Normal/Normal-111.png,0,rahman,124
data/raw/TB_Chest_Radiography_Database/Normal/Normal-1110.png,0,rahman,125
data/raw/TB_Chest_Radiography_Database/Normal/Normal-1111.png,0,rahman,126
data/raw/TB_Chest_Radiography_Database/Normal/Normal-1113.png,0,rahman,128
data/raw/TB_Chest_Radiography_Database/Normal/Normal-1114.png,0,rahman,129
data/raw/TB_Chest_Radiography_Database/Normal/Normal-1115.png,0,rahman,130
data/raw/TB_Chest_Radiography_Database/Normal/Normal-1116.png,0,rahman,131
data/raw/TB_Chest_Radiography_Database/Normal/Normal-1117.png,0,rahman,132
data/raw/TB_Chest_Radiography_Database/Normal/Normal-1118.png,0,rahman,133
data/raw/TB_Chest_Radiography_Database/Normal/Normal-1119.png,0,rahman,134
data/raw/TB_Chest_Radiography_Database/Normal/Normal-1120.png,0,rahman,136
data/raw/TB_Chest_Radiography_Database/Normal/Normal-1121.png,0,rahman,137
data/raw/TB_Chest_Radiography_Database/Normal/Normal-1122.png,0,rahman,138
data/raw/TB_Chest_Radiography_Database/Normal/Normal-1124.png,0,rahman,140
data/raw/TB_Chest_Radiography_Database/Normal/Normal-1125.png,0,rahman,141
data/raw/TB_Chest_Radiography_Database/Normal/Normal-1128.png,0,rahman,144
data/raw/TB_Chest_Radiography_Database/Normal/Normal-1129.png,0,rahman,145
data/raw/TB_Chest_Radiography_Database/Normal/Normal-113.png,0,rahman,146
data/raw/TB_Chest_Radiography_Database/Normal/Normal-1130.png,0,rahman,147
data/raw/TB_Chest_Radiography_Database/Normal/Normal-1132.png,0,rahman,149
data/raw/TB_Chest_Radiography_Database/Normal/Normal-1133.png,0,rahman,150
data/raw/TB_Chest_Radiography_Database/Normal/Normal-1135.png,0,rahman,152
data/raw/TB_Chest_Radiography_Database/Normal/Normal-1136.png,0,rahman,153
data/raw/TB_Chest_Radiography_Database/Normal/Normal-1137.png,0,rahman,154
data/raw/TB_Chest_Radiography_Database/Normal/Normal-1138.png,0,rahman,155
data/raw/TB_Chest_Radiography_Database/Normal/Normal-1139.png,0,rahman,156
data/raw/TB_Chest_Radiography_Database/Normal/Normal-114.png,0,rahman,157
data/raw/TB_Chest_Radiography_Database/Normal/Normal-1141.png,0,rahman,159
data/raw/TB_Chest_Radiography_Database/Normal/Normal-1142.png,0,rahman,160
data/raw/TB_Chest_Radiography_Database/Normal/Normal-1143.png,0,rahman,161
data/raw/TB_Chest_Radiography_Database/Normal/Normal-1144.png,0,rahman,162
data/raw/TB_Chest_Radiography_Database/Normal/Normal-1145.png,0,rahman,163
data/raw/TB_Chest_Radiography_Database/Normal/Normal-1146.png,0,rahman,164
data/raw/TB_Chest_Radiography_Database/Normal/Normal-1147.png,0,rahman,165
data/raw/TB_Chest_Radiography_Database/Normal/Normal-1148.png,0,rahman,166
data/raw/TB_Chest_Radiography_Database/Normal/Normal-115.png,0,rahman,168
data/raw/TB_Chest_Radiography_Database/Normal/Normal-1150.png,0,rahman,169
data/raw/TB_Chest_Radiography_Database/Normal/Normal-1151.png,0,rahman,170
data/raw/TB_Chest_Radiography_Database/Normal/Normal-1152.png,0,rahman,171
data/raw/TB_Chest_Radiography_Database/Normal/Normal-1153.png,0,rahman,172
data/raw/TB_Chest_Radiography_Database/Normal/Normal-1154.png,0,rahman,173
data/raw/TB_Chest_Radiography_Database/Normal/Normal-1155.png,0,rahman,174
data/raw/TB_Chest_Radiography_Database/Normal/Normal-1156.png,0,rahman,175
data/raw/TB_Chest_Radiography_Database/Normal/Normal-1158.png,0,rahman,177
data/raw/TB_Chest_Radiography_Database/Normal/Normal-116.png,0,rahman,179
data/raw/TB_Chest_Radiography_Database/Normal/Normal-1160.png,0,rahman,180
data/raw/TB_Chest_Radiography_Database/Normal/Normal-1161.png,0,rahman,181
data/raw/TB_Chest_Radiography_Database/Normal/Normal-1162.png,0,rahman,182
data/raw/TB_Chest_Radiography_Database/Normal/Normal-1163.png,0,rahman,183
data/raw/TB_Chest_Radiography_Database/Normal/Normal-1164.png,0,rahman,184
data/raw/TB_Chest_Radiography_Database/Normal/Normal-1165.png,0,rahman,185
data/raw/TB_Chest_Radiography_Database/Normal/Normal-1166.png,0,rahman,186
data/raw/TB_Chest_Radiography_Database/Normal/Normal-1167.png,0,rahman,187
data/raw/TB_Chest_Radiography_Database/Normal/Normal-1168.png,0,rahman,188
data/raw/TB_Chest_Radiography_Database/Normal/Normal-117.png,0,rahman,190
data/raw/TB_Chest_Radiography_Database/Normal/Normal-1170.png,0,rahman,191
data/raw/TB_Chest_Radiography_Database/Normal/Normal-1171.png,0,rahman,192
data/raw/TB_Chest_Radiography_Database/Normal/Normal-1172.png,0,rahman,193
data/raw/TB_Chest_Radiography_Database/Normal/Normal-1174.png,0,rahman,195
data/raw/TB_Chest_Radiography_Database/Normal/Normal-1175.png,0,rahman,196
data/raw/TB_Chest_Radiography_Database/Normal/Normal-1176.png,0,rahman,197
data/raw/TB_Chest_Radiography_Database/Normal/Normal-1177.png,0,rahman,198
data/raw/TB_Chest_Radiography_Database/Normal/Normal-1178.png,0,rahman,199
data/raw/TB_Chest_Radiography_Database/Normal/Normal-1179.png,0,rahman,200
data/raw/TB_Chest_Radiography_Database/Normal/Normal-118.png,0,rahman,201
data/raw/TB_Chest_Radiography_Database/Normal/Normal-1180.png,0,rahman,202
data/raw/TB_Chest_Radiography_Database/Normal/Normal-1181.png,0,rahman,203
data/raw/TB_Chest_Radiography_Database/Normal/Normal-1182.png,0,rahman,204
data/raw/TB_Chest_Radiography_Database/Normal/Normal-1183.png,0,rahman,205
data/raw/TB_Chest_Radiography_Database/Normal/Normal-1184.png,0,rahman,206
data/raw/TB_Chest_Radiography_Database/Normal/Normal-1185.png,0,rahman,207
data/raw/TB_Chest_Radiography_Database/Normal/Normal-1186.png,0,rahman,208
data/raw/TB_Chest_Radiography_Database/Normal/Normal-1187.png,0,rahman,209
data/raw/TB_Chest_Radiography_Database/Normal/Normal-1188.png,0,rahman,210
data/raw/TB_Chest_Radiography_Database/Normal/Normal-119.png,0,rahman,212
data/raw/TB_Chest_Radiography_Database/Normal/Normal-1190.png,0,rahman,213
data/raw/TB_Chest_Radiography_Database/Normal/Normal-1192.png,0,rahman,215
data/raw/TB_Chest_Radiography_Database/Normal/Normal-1193.png,0,rahman,216
data/raw/TB_Chest_Radiography_Database/Normal/Normal-1195.png,0,rahman,218
data/raw/TB_Chest_Radiography_Database/Normal/Normal-1196.png,0,rahman,219
data/raw/TB_Chest_Radiography_Database/Normal/Normal-1197.png,0,rahman,220
data/raw/TB_Chest_Radiography_Database/Normal/Normal-1198.png,0,rahman,221
data/raw/TB_Chest_Radiography_Database/Normal/Normal-1199.png,0,rahman,222
data/raw/TB_Chest_Radiography_Database/Normal/Normal-12.png,0,rahman,223
data/raw/TB_Chest_Radiography_Database/Normal/Normal-120.png,0,rahman,224
data/raw/TB_Chest_Radiography_Database/Normal/Normal-1200.png,0,rahman,225
data/raw/TB_Chest_Radiography_Database/Normal/Normal-1201.png,0,rahman,226
data/raw/TB_Chest_Radiography_Database/Normal/Normal-1202.png,0,rahman,227
data/raw/TB_Chest_Radiography_Database/Normal/Normal-1204.png,0,rahman,229
data/raw/TB_Chest_Radiography_Database/Normal/Normal-1205.png,0,rahman,230
data/raw/TB_Chest_Radiography_Database/Normal/Normal-1206.png,0,rahman,231
data/raw/TB_Chest_Radiography_Database/Normal/Normal-1207.png,0,rahman,232
data/raw/TB_Chest_Radiography_Database/Normal/Normal-1208.png,0,rahman,233
data/raw/TB_Chest_Radiography_Database/Normal/Normal-121.png,0,rahman,235
data/raw/TB_Chest_Radiography_Database/Normal/Normal-1211.png,0,rahman,237
data/raw/TB_Chest_Radiography_Database/Normal/Normal-1212.png,0,rahman,238
data/raw/TB_Chest_Radiography_Database/Normal/Normal-1213.png,0,rahman,239
data/raw/TB_Chest_Radiography_Database/Normal/Normal-1214.png,0,rahman,240
data/raw/TB_Chest_Radiography_Database/Normal/Normal-1215.png,0,rahman,241
data/raw/TB_Chest_Radiography_Database/Normal/Normal-1216.png,0,rahman,242
data/raw/TB_Chest_Radiography_Database/Normal/Normal-1217.png,0,rahman,243
data/raw/TB_Chest_Radiography_Database/Normal/Normal-1218.png,0,rahman,244
data/raw/TB_Chest_Radiography_Database/Normal/Normal-1219.png,0,rahman,245
data/raw/TB_Chest_Radiography_Database/Normal/Normal-122.png,0,rahman,246
data/raw/TB_Chest_Radiography_Database/Normal/Normal-1220.png,0,rahman,247
data/raw/TB_Chest_Radiography_Database/Normal/Normal-1221.png,0,rahman,248
data/raw/TB_Chest_Radiography_Database/Normal/Normal-1222.png,0,rahman,249
data/raw/TB_Chest_Radiography_Database/Normal/Normal-1223.png,0,rahman,250
data/raw/TB_Chest_Radiography_Database/Normal/Normal-1225.png,0,rahman,252
data/raw/TB_Chest_Radiography_Database/Normal/Normal-1226.png,0,rahman,253
data/raw/TB_Chest_Radiography_Database/Normal/Normal-1227.png,0,rahman,254
data/raw/TB_Chest_Radiography_Database/Normal/Normal-1228.png,0,rahman,255
data/raw/TB_Chest_Radiography_Database/Normal/Normal-1229.png,0,rahman,256
data/raw/TB_Chest_Radiography_Database/Normal/Normal-123.png,0,rahman,257
data/raw/TB_Chest_Radiography_Database/Normal/Normal-1230.png,0,rahman,258
data/raw/TB_Chest_Radiography_Database/Normal/Normal-1231.png,0,rahman,259
data/raw/TB_Chest_Radiography_Database/Normal/Normal-1232.png,0,rahman,260
data/raw/TB_Chest_Radiography_Database/Normal/Normal-1233.png,0,rahman,261
data/raw/TB_Chest_Radiography_Database/Normal/Normal-1234.png,0,rahman,262
data/raw/TB_Chest_Radiography_Database/Normal/Normal-1235.png,0,rahman,263
data/raw/TB_Chest_Radiography_Database/Normal/Normal-1236.png,0,rahman,264
data/raw/TB_Chest_Radiography_Database/Normal/Normal-1238.png,0,rahman,266
data/raw/TB_Chest_Radiography_Database/Normal/Normal-124.png,0,rahman,268
data/raw/TB_Chest_Radiography_Database/Normal/Normal-1240.png,0,rahman,269
data/raw/TB_Chest_Radiography_Database/Normal/Normal-1241.png,0,rahman,270
data/raw/TB_Chest_Radiography_Database/Normal/Normal-1242.png,0,rahman,271
data/raw/TB_Chest_Radiography_Database/Normal/Normal-1243.png,0,rahman,272
data/raw/TB_Chest_Radiography_Database/Normal/Normal-1244.png,0,rahman,273
data/raw/TB_Chest_Radiography_Database/Normal/Normal-1245.png,0,rahman,274
data/raw/TB_Chest_Radiography_Database/Normal/Normal-1247.png,0,rahman,276
data/raw/TB_Chest_Radiography_Database/Normal/Normal-1248.png,0,rahman,277
data/raw/TB_Chest_Radiography_Database/Normal/Normal-1249.png,0,rahman,278
data/raw/TB_Chest_Radiography_Database/Normal/Normal-125.png,0,rahman,279
data/raw/TB_Chest_Radiography_Database/Normal/Normal-1250.png,0,rahman,280
data/raw/TB_Chest_Radiography_Database/Normal/Normal-1251.png,0,rahman,281
data/raw/TB_Chest_Radiography_Database/Normal/Normal-1252.png,0,rahman,282
data/raw/TB_Chest_Radiography_Database/Normal/Normal-1253.png,0,rahman,283
data/raw/TB_Chest_Radiography_Database/Normal/Normal-1254.png,0,rahman,284
data/raw/TB_Chest_Radiography_Database/Normal/Normal-1257.png,0,rahman,287
data/raw/TB_Chest_Radiography_Database/Normal/Normal-1258.png,0,rahman,288
data/raw/TB_Chest_Radiography_Database/Normal/Normal-1259.png,0,rahman,289
data/raw/TB_Chest_Radiography_Database/Normal/Normal-1260.png,0,rahman,291
data/raw/TB_Chest_Radiography_Database/Normal/Normal-1261.png,0,rahman,292
data/raw/TB_Chest_Radiography_Database/Normal/Normal-1262.png,0,rahman,293
data/raw/TB_Chest_Radiography_Database/Normal/Normal-1263.png,0,rahman,294
data/raw/TB_Chest_Radiography_Database/Normal/Normal-1264.png,0,rahman,295
data/raw/TB_Chest_Radiography_Database/Normal/Normal-1265.png,0,rahman,296
data/raw/TB_Chest_Radiography_Database/Normal/Normal-1266.png,0,rahman,297
data/raw/TB_Chest_Radiography_Database/Normal/Normal-1267.png,0,rahman,298
data/raw/TB_Chest_Radiography_Database/Normal/Normal-1268.png,0,rahman,299
data/raw/TB_Chest_Radiography_Database/Normal/Normal-1269.png,0,rahman,300
data/raw/TB_Chest_Radiography_Database/Normal/Normal-127.png,0,rahman,301
data/raw/TB_Chest_Radiography_Database/Normal/Normal-1270.png,0,rahman,302
data/raw/TB_Chest_Radiography_Database/Normal/Normal-1271.png,0,rahman,303
data/raw/TB_Chest_Radiography_Database/Normal/Normal-1272.png,0,rahman,304
data/raw/TB_Chest_Radiography_Database/Normal/Normal-1273.png,0,rahman,305
data/raw/TB_Chest_Radiography_Database/Normal/Normal-1274.png,0,rahman,306
data/raw/TB_Chest_Radiography_Database/Normal/Normal-1276.png,0,rahman,308
data/raw/TB_Chest_Radiography_Database/Normal/Normal-1277.png,0,rahman,309
data/raw/TB_Chest_Radiography_Database/Normal/Normal-1278.png,0,rahman,310
data/raw/TB_Chest_Radiography_Database/Normal/Normal-128.png,0,rahman,312
data/raw/TB_Chest_Radiography_Database/Normal/Normal-1280.png,0,rahman,313
data/raw/TB_Chest_Radiography_Database/Normal/Normal-1281.png,0,rahman,314
data/raw/TB_Chest_Radiography_Database/Normal/Normal-1282.png,0,rahman,315
data/raw/TB_Chest_Radiography_Database/Normal/Normal-1283.png,0,rahman,316
data/raw/TB_Chest_Radiography_Database/Normal/Normal-1284.png,0,rahman,317
data/raw/TB_Chest_Radiography_Database/Normal/Normal-1285.png,0,rahman,318
data/raw/TB_Chest_Radiography_Database/Normal/Normal-1286.png,0,rahman,319
data/raw/TB_Chest_Radiography_Database/Normal/Normal-1288.png,0,rahman,321
data/raw/TB_Chest_Radiography_Database/Normal/Normal-1289.png,0,rahman,322
data/raw/TB_Chest_Radiography_Database/Normal/Normal-129.png,0,rahman,323
data/raw/TB_Chest_Radiography_Database/Normal/Normal-1290.png,0,rahman,324
data/raw/TB_Chest_Radiography_Database/Normal/Normal-1291.png,0,rahman,325
data/raw/TB_Chest_Radiography_Database/Normal/Normal-1292.png,0,rahman,326
data/raw/TB_Chest_Radiography_Database/Normal/Normal-1293.png,0,rahman,327
data/raw/TB_Chest_Radiography_Database/Normal/Normal-1294.png,0,rahman,328
data/raw/TB_Chest_Radiography_Database/Normal/Normal-1295.png,0,rahman,329
data/raw/TB_Chest_Radiography_Database/Normal/Normal-1297.png,0,rahman,331
data/raw/TB_Chest_Radiography_Database/Normal/Normal-1298.png,0,rahman,332
data/raw/TB_Chest_Radiography_Database/Normal/Normal-1299.png,0,rahman,333
data/raw/TB_Chest_Radiography_Database/Normal/Normal-13.png,0,rahman,334
data/raw/TB_Chest_Radiography_Database/Normal/Normal-130.png,0,rahman,335
data/raw/TB_Chest_Radiography_Database/Normal/Normal-1300.png,0,rahman,336
data/raw/TB_Chest_Radiography_Database/Normal/Normal-1301.png,0,rahman,337
data/raw/TB_Chest_Radiography_Database/Normal/Normal-1302.png,0,rahman,338
data/raw/TB_Chest_Radiography_Database/Normal/Normal-1304.png,0,rahman,340
data/raw/TB_Chest_Radiography_Database/Normal/Normal-1305.png,0,rahman,341
data/raw/TB_Chest_Radiography_Database/Normal/Normal-1306.png,0,rahman,342
data/raw/TB_Chest_Radiography_Database/Normal/Normal-1307.png,0,rahman,343
data/raw/TB_Chest_Radiography_Database/Normal/Normal-1308.png,0,rahman,344
data/raw/TB_Chest_Radiography_Database/Normal/Normal-1309.png,0,rahman,345
data/raw/TB_Chest_Radiography_Database/Normal/Normal-131.png,0,rahman,346
data/raw/TB_Chest_Radiography_Database/Normal/Normal-1310.png,0,rahman,347
data/raw/TB_Chest_Radiography_Database/Normal/Normal-1312.png,0,rahman,349
data/raw/TB_Chest_Radiography_Database/Normal/Normal-1313.png,0,rahman,350
data/raw/TB_Chest_Radiography_Database/Normal/Normal-1314.png,0,rahman,351
data/raw/TB_Chest_Radiography_Database/Normal/Normal-1315.png,0,rahman,352
data/raw/TB_Chest_Radiography_Database/Normal/Normal-1316.png,0,rahman,353
data/raw/TB_Chest_Radiography_Database/Normal/Normal-1318.png,0,rahman,355
data/raw/TB_Chest_Radiography_Database/Normal/Normal-132.png,0,rahman,357
data/raw/TB_Chest_Radiography_Database/Normal/Normal-1320.png,0,rahman,358
data/raw/TB_Chest_Radiography_Database/Normal/Normal-1321.png,0,rahman,359
data/raw/TB_Chest_Radiography_Database/Normal/Normal-1322.png,0,rahman,360
data/raw/TB_Chest_Radiography_Database/Normal/Normal-1323.png,0,rahman,361
data/raw/TB_Chest_Radiography_Database/Normal/Normal-1324.png,0,rahman,362
data/raw/TB_Chest_Radiography_Database/Normal/Normal-1325.png,0,rahman,363
data/raw/TB_Chest_Radiography_Database/Normal/Normal-1327.png,0,rahman,365
data/raw/TB_Chest_Radiography_Database/Normal/Normal-1329.png,0,rahman,367
data/raw/TB_Chest_Radiography_Database/Normal/Normal-133.png,0,rahman,368
data/raw/TB_Chest_Radiography_Database/Normal/Normal-1330.png,0,rahman,369
data/raw/TB_Chest_Radiography_Database/Normal/Normal-1331.png,0,rahman,370
data/raw/TB_Chest_Radiography_Database/Normal/Normal-1332.png,0,rahman,371
data/raw/TB_Chest_Radiography_Database/Normal/Normal-1333.png,0,rahman,372
data/raw/TB_Chest_Radiography_Database/Normal/Normal-1334.png,0,rahman,373
data/raw/TB_Chest_Radiography_Database/Normal/Normal-1335.png,0,rahman,374
data/raw/TB_Chest_Radiography_Database/Normal/Normal-1336.png,0,rahman,375
data/raw/TB_Chest_Radiography_Database/Normal/Normal-1337.png,0,rahman,376
data/raw/TB_Chest_Radiography_Database/Normal/Normal-1338.png,0,rahman,377
data/raw/TB_Chest_Radiography_Database/Normal/Normal-1339.png,0,rahman,378
data/raw/TB_Chest_Radiography_Database/Normal/Normal-134.png,0,rahman,379
data/raw/TB_Chest_Radiography_Database/Normal/Normal-1340.png,0,rahman,380
data/raw/TB_Chest_Radiography_Database/Normal/Normal-1341.png,0,rahman,381
data/raw/TB_Chest_Radiography_Database/Normal/Normal-1342.png,0,rahman,382
data/raw/TB_Chest_Radiography_Database/Normal/Normal-1344.png,0,rahman,384
data/raw/TB_Chest_Radiography_Database/Normal/Normal-1345.png,0,rahman,385
data/raw/TB_Chest_Radiography_Database/Normal/Normal-1346.png,0,rahman,386
data/raw/TB_Chest_Radiography_Database/Normal/Normal-1347.png,0,rahman,387
data/raw/TB_Chest_Radiography_Database/Normal/Normal-1348.png,0,rahman,388
data/raw/TB_Chest_Radiography_Database/Normal/Normal-1349.png,0,rahman,389
data/raw/TB_Chest_Radiography_Database/Normal/Normal-135.png,0,rahman,390
data/raw/TB_Chest_Radiography_Database/Normal/Normal-1350.png,0,rahman,391
data/raw/TB_Chest_Radiography_Database/Normal/Normal-1351.png,0,rahman,392
data/raw/TB_Chest_Radiography_Database/Normal/Normal-1352.png,0,rahman,393
data/raw/TB_Chest_Radiography_Database/Normal/Normal-1353.png,0,rahman,394
data/raw/TB_Chest_Radiography_Database/Normal/Normal-1354.png,0,rahman,395
data/raw/TB_Chest_Radiography_Database/Normal/Normal-1355.png,0,rahman,396
data/raw/TB_Chest_Radiography_Database/Normal/Normal-1356.png,0,rahman,397
data/raw/TB_Chest_Radiography_Database/Normal/Normal-1357.png,0,rahman,398
data/raw/TB_Chest_Radiography_Database/Normal/Normal-1358.png,0,rahman,399
data/raw/TB_Chest_Radiography_Database/Normal/Normal-1359.png,0,rahman,400
data/raw/TB_Chest_Radiography_Database/Normal/Normal-136.png,0,rahman,401
data/raw/TB_Chest_Radiography_Database/Normal/Normal-1360.png,0,rahman,402
data/raw/TB_Chest_Radiography_Database/Normal/Normal-1361.png,0,rahman,403
data/raw/TB_Chest_Radiography_Database/Normal/Normal-1362.png,0,rahman,404
data/raw/TB_Chest_Radiography_Database/Normal/Normal-1363.png,0,rahman,405
data/raw/TB_Chest_Radiography_Database/Normal/Normal-1364.png,0,rahman,406
data/raw/TB_Chest_Radiography_Database/Normal/Normal-1366.png,0,rahman,408
data/raw/TB_Chest_Radiography_Database/Normal/Normal-1367.png,0,rahman,409
data/raw/TB_Chest_Radiography_Database/Normal/Normal-1368.png,0,rahman,410
data/raw/TB_Chest_Radiography_Database/Normal/Normal-1369.png,0,rahman,411
data/raw/TB_Chest_Radiography_Database/Normal/Normal-1370.png,0,rahman,413
data/raw/TB_Chest_Radiography_Database/Normal/Normal-1371.png,0,rahman,414
data/raw/TB_Chest_Radiography_Database/Normal/Normal-1372.png,0,rahman,415
data/raw/TB_Chest_Radiography_Database/Normal/Normal-1373.png,0,rahman,416
data/raw/TB_Chest_Radiography_Database/Normal/Normal-1374.png,0,rahman,417
data/raw/TB_Chest_Radiography_Database/Normal/Normal-1375.png,0,rahman,418
data/raw/TB_Chest_Radiography_Database/Normal/Normal-1376.png,0,rahman,419
data/raw/TB_Chest_Radiography_Database/Normal/Normal-1379.png,0,rahman,422
data/raw/TB_Chest_Radiography_Database/Normal/Normal-1382.png,0,rahman,426
data/raw/TB_Chest_Radiography_Database/Normal/Normal-1383.png,0,rahman,427
data/raw/TB_Chest_Radiography_Database/Normal/Normal-1385.png,0,rahman,429
data/raw/TB_Chest_Radiography_Database/Normal/Normal-1386.png,0,rahman,430
data/raw/TB_Chest_Radiography_Database/Normal/Normal-1387.png,0,rahman,431
data/raw/TB_Chest_Radiography_Database/Normal/Normal-1388.png,0,rahman,432
data/raw/TB_Chest_Radiography_Database/Normal/Normal-1389.png,0,rahman,433
data/raw/TB_Chest_Radiography_Database/Normal/Normal-1390.png,0,rahman,435
data/raw/TB_Chest_Radiography_Database/Normal/Normal-1392.png,0,rahman,437
data/raw/TB_Chest_Radiography_Database/Normal/Normal-1393.png,0,rahman,438
data/raw/TB_Chest_Radiography_Database/Normal/Normal-1394.png,0,rahman,439
data/raw/TB_Chest_Radiography_Database/Normal/Normal-1395.png,0,rahman,440
data/raw/TB_Chest_Radiography_Database/Normal/Normal-1397.png,0,rahman,442
data/raw/TB_Chest_Radiography_Database/Normal/Normal-1398.png,0,rahman,443
data/raw/TB_Chest_Radiography_Database/Normal/Normal-1399.png,0,rahman,444
data/raw/TB_Chest_Radiography_Database/Normal/Normal-14.png,0,rahman,445
data/raw/TB_Chest_Radiography_Database/Normal/Normal-140.png,0,rahman,446
data/raw/TB_Chest_Radiography_Database/Normal/Normal-1400.png,0,rahman,447
data/raw/TB_Chest_Radiography_Database/Normal/Normal-1403.png,0,rahman,450
data/raw/TB_Chest_Radiography_Database/Normal/Normal-1404.png,0,rahman,451
data/raw/TB_Chest_Radiography_Database/Normal/Normal-1405.png,0,rahman,452
data/raw/TB_Chest_Radiography_Database/Normal/Normal-1406.png,0,rahman,453
data/raw/TB_Chest_Radiography_Database/Normal/Normal-1407.png,0,rahman,454
data/raw/TB_Chest_Radiography_Database/Normal/Normal-1409.png,0,rahman,456
data/raw/TB_Chest_Radiography_Database/Normal/Normal-141.png,0,rahman,457
data/raw/TB_Chest_Radiography_Database/Normal/Normal-1410.png,0,rahman,458
data/raw/TB_Chest_Radiography_Database/Normal/Normal-1411.png,0,rahman,459
data/raw/TB_Chest_Radiography_Database/Normal/Normal-1412.png,0,rahman,460
data/raw/TB_Chest_Radiography_Database/Normal/Normal-1413.png,0,rahman,461
data/raw/TB_Chest_Radiography_Database/Normal/Normal-1414.png,0,rahman,462
data/raw/TB_Chest_Radiography_Database/Normal/Normal-1415.png,0,rahman,463
data/raw/TB_Chest_Radiography_Database/Normal/Normal-1416.png,0,rahman,464
data/raw/TB_Chest_Radiography_Database/Normal/Normal-1417.png,0,rahman,465
data/raw/TB_Chest_Radiography_Database/Normal/Normal-1418.png,0,rahman,466
data/raw/TB_Chest_Radiography_Database/Normal/Normal-1419.png,0,rahman,467
data/raw/TB_Chest_Radiography_Database/Normal/Normal-142.png,0,rahman,468
data/raw/TB_Chest_Radiography_Database/Normal/Normal-1421.png,0,rahman,470
data/raw/TB_Chest_Radiography_Database/Normal/Normal-1422.png,0,rahman,471
data/raw/TB_Chest_Radiography_Database/Normal/Normal-1423.png,0,rahman,472
data/raw/TB_Chest_Radiography_Database/Normal/Normal-1424.png,0,rahman,473
data/raw/TB_Chest_Radiography_Database/Normal/Normal-1425.png,0,rahman,474
data/raw/TB_Chest_Radiography_Database/Normal/Normal-1426.png,0,rahman,475
data/raw/TB_Chest_Radiography_Database/Normal/Normal-1428.png,0,rahman,477
data/raw/TB_Chest_Radiography_Database/Normal/Normal-1429.png,0,rahman,478
data/raw/TB_Chest_Radiography_Database/Normal/Normal-143.png,0,rahman,479
data/raw/TB_Chest_Radiography_Database/Normal/Normal-1430.png,0,rahman,480
data/raw/TB_Chest_Radiography_Database/Normal/Normal-1431.png,0,rahman,481
data/raw/TB_Chest_Radiography_Database/Normal/Normal-1432.png,0,rahman,482
data/raw/TB_Chest_Radiography_Database/Normal/Normal-1433.png,0,rahman,483
data/raw/TB_Chest_Radiography_Database/Normal/Normal-1434.png,0,rahman,484
data/raw/TB_Chest_Radiography_Database/Normal/Normal-1435.png,0,rahman,485
data/raw/TB_Chest_Radiography_Database/Normal/Normal-1436.png,0,rahman,486
data/raw/TB_Chest_Radiography_Database/Normal/Normal-1437.png,0,rahman,487
data/raw/TB_Chest_Radiography_Database/Normal/Normal-1438.png,0,rahman,488
data/raw/TB_Chest_Radiography_Database/Normal/Normal-1439.png,0,rahman,489
data/raw/TB_Chest_Radiography_Database/Normal/Normal-144.png,0,rahman,490
data/raw/TB_Chest_Radiography_Database/Normal/Normal-1440.png,0,rahman,491
data/raw/TB_Chest_Radiography_Database/Normal/Normal-1441.png,0,rahman,492
data/raw/TB_Chest_Radiography_Database/Normal/Normal-1442.png,0,rahman,493
data/raw/TB_Chest_Radiography_Database/Normal/Normal-1443.png,0,rahman,494
data/raw/TB_Chest_Radiography_Database/Normal/Normal-1444.png,0,rahman,495
data/raw/TB_Chest_Radiography_Database/Normal/Normal-1445.png,0,rahman,496
data/raw/TB_Chest_Radiography_Database/Normal/Normal-1446.png,0,rahman,497
data/raw/TB_Chest_Radiography_Database/Normal/Normal-1447.png,0,rahman,498
data/raw/TB_Chest_Radiography_Database/Normal/Normal-1448.png,0,rahman,499
data/raw/TB_Chest_Radiography_Database/Normal/Normal-1449.png,0,rahman,500
data/raw/TB_Chest_Radiography_Database/Normal/Normal-1450.png,0,rahman,502
data/raw/TB_Chest_Radiography_Database/Normal/Normal-1451.png,0,rahman,503
data/raw/TB_Chest_Radiography_Database/Normal/Normal-1453.png,0,rahman,505
data/raw/TB_Chest_Radiography_Database/Normal/Normal-1454.png,0,rahman,506
data/raw/TB_Chest_Radiography_Database/Normal/Normal-1455.png,0,rahman,507
data/raw/TB_Chest_Radiography_Database/Normal/Normal-1456.png,0,rahman,508
data/raw/TB_Chest_Radiography_Database/Normal/Normal-1458.png,0,rahman,510
data/raw/TB_Chest_Radiography_Database/Normal/Normal-1459.png,0,rahman,511
data/raw/TB_Chest_Radiography_Database/Normal/Normal-146.png,0,rahman,512
data/raw/TB_Chest_Radiography_Database/Normal/Normal-1462.png,0,rahman,515
data/raw/TB_Chest_Radiography_Database/Normal/Normal-1463.png,0,rahman,516
data/raw/TB_Chest_Radiography_Database/Normal/Normal-1464.png,0,rahman,517
data/raw/TB_Chest_Radiography_Database/Normal/Normal-1465.png,0,rahman,518
data/raw/TB_Chest_Radiography_Database/Normal/Normal-1466.png,0,rahman,519
data/raw/TB_Chest_Radiography_Database/Normal/Normal-1467.png,0,rahman,520
data/raw/TB_Chest_Radiography_Database/Normal/Normal-1468.png,0,rahman,521
data/raw/TB_Chest_Radiography_Database/Normal/Normal-1469.png,0,rahman,522
data/raw/TB_Chest_Radiography_Database/Normal/Normal-1470.png,0,rahman,524
data/raw/TB_Chest_Radiography_Database/Normal/Normal-1471.png,0,rahman,525
data/raw/TB_Chest_Radiography_Database/Normal/Normal-1472.png,0,rahman,526
data/raw/TB_Chest_Radiography_Database/Normal/Normal-1473.png,0,rahman,527
data/raw/TB_Chest_Radiography_Database/Normal/Normal-1474.png,0,rahman,528
data/raw/TB_Chest_Radiography_Database/Normal/Normal-1477.png,0,rahman,531
data/raw/TB_Chest_Radiography_Database/Normal/Normal-1478.png,0,rahman,532
data/raw/TB_Chest_Radiography_Database/Normal/Normal-1479.png,0,rahman,533
data/raw/TB_Chest_Radiography_Database/Normal/Normal-1480.png,0,rahman,535
data/raw/TB_Chest_Radiography_Database/Normal/Normal-1481.png,0,rahman,536
data/raw/TB_Chest_Radiography_Database/Normal/Normal-1482.png,0,rahman,537
data/raw/TB_Chest_Radiography_Database/Normal/Normal-1483.png,0,rahman,538
data/raw/TB_Chest_Radiography_Database/Normal/Normal-1484.png,0,rahman,539
data/raw/TB_Chest_Radiography_Database/Normal/Normal-1485.png,0,rahman,540
data/raw/TB_Chest_Radiography_Database/Normal/Normal-1486.png,0,rahman,541
data/raw/TB_Chest_Radiography_Database/Normal/Normal-1487.png,0,rahman,542
data/raw/TB_Chest_Radiography_Database/Normal/Normal-1488.png,0,rahman,543
data/raw/TB_Chest_Radiography_Database/Normal/Normal-1489.png,0,rahman,544
data/raw/TB_Chest_Radiography_Database/Normal/Normal-149.png,0,rahman,545
data/raw/TB_Chest_Radiography_Database/Normal/Normal-1490.png,0,rahman,546
data/raw/TB_Chest_Radiography_Database/Normal/Normal-1491.png,0,rahman,547
data/raw/TB_Chest_Radiography_Database/Normal/Normal-1492.png,0,rahman,548
data/raw/TB_Chest_Radiography_Database/Normal/Normal-1493.png,0,rahman,549
data/raw/TB_Chest_Radiography_Database/Normal/Normal-1494.png,0,rahman,550
data/raw/TB_Chest_Radiography_Database/Normal/Normal-1497.png,0,rahman,553
data/raw/TB_Chest_Radiography_Database/Normal/Normal-1498.png,0,rahman,554
data/raw/TB_Chest_Radiography_Database/Normal/Normal-1499.png,0,rahman,555
data/raw/TB_Chest_Radiography_Database/Normal/Normal-15.png,0,rahman,556
data/raw/TB_Chest_Radiography_Database/Normal/Normal-1500.png,0,rahman,558
data/raw/TB_Chest_Radiography_Database/Normal/Normal-1501.png,0,rahman,559
data/raw/TB_Chest_Radiography_Database/Normal/Normal-1503.png,0,rahman,561
data/raw/TB_Chest_Radiography_Database/Normal/Normal-1504.png,0,rahman,562
data/raw/TB_Chest_Radiography_Database/Normal/Normal-1505.png,0,rahman,563
data/raw/TB_Chest_Radiography_Database/Normal/Normal-1507.png,0,rahman,565
data/raw/TB_Chest_Radiography_Database/Normal/Normal-1508.png,0,rahman,566
data/raw/TB_Chest_Radiography_Database/Normal/Normal-1509.png,0,rahman,567
data/raw/TB_Chest_Radiography_Database/Normal/Normal-151.png,0,rahman,568
data/raw/TB_Chest_Radiography_Database/Normal/Normal-1510.png,0,rahman,569
data/raw/TB_Chest_Radiography_Database/Normal/Normal-1511.png,0,rahman,570
data/raw/TB_Chest_Radiography_Database/Normal/Normal-1514.png,0,rahman,573
data/raw/TB_Chest_Radiography_Database/Normal/Normal-1515.png,0,rahman,574
data/raw/TB_Chest_Radiography_Database/Normal/Normal-1516.png,0,rahman,575
data/raw/TB_Chest_Radiography_Database/Normal/Normal-1518.png,0,rahman,577
data/raw/TB_Chest_Radiography_Database/Normal/Normal-1519.png,0,rahman,578
data/raw/TB_Chest_Radiography_Database/Normal/Normal-152.png,0,rahman,579
data/raw/TB_Chest_Radiography_Database/Normal/Normal-1520.png,0,rahman,580
data/raw/TB_Chest_Radiography_Database/Normal/Normal-1521.png,0,rahman,581
data/raw/TB_Chest_Radiography_Database/Normal/Normal-1522.png,0,rahman,582
data/raw/TB_Chest_Radiography_Database/Normal/Normal-1525.png,0,rahman,585
data/raw/TB_Chest_Radiography_Database/Normal/Normal-1526.png,0,rahman,586
data/raw/TB_Chest_Radiography_Database/Normal/Normal-1527.png,0,rahman,587
data/raw/TB_Chest_Radiography_Database/Normal/Normal-1528.png,0,rahman,588
data/raw/TB_Chest_Radiography_Database/Normal/Normal-1529.png,0,rahman,589
data/raw/TB_Chest_Radiography_Database/Normal/Normal-153.png,0,rahman,590
data/raw/TB_Chest_Radiography_Database/Normal/Normal-1530.png,0,rahman,591
data/raw/TB_Chest_Radiography_Database/Normal/Normal-1531.png,0,rahman,592
data/raw/TB_Chest_Radiography_Database/Normal/Normal-1532.png,0,rahman,593
data/raw/TB_Chest_Radiography_Database/Normal/Normal-1533.png,0,rahman,594
data/raw/TB_Chest_Radiography_Database/Normal/Normal-1534.png,0,rahman,595
data/raw/TB_Chest_Radiography_Database/Normal/Normal-1535.png,0,rahman,596
data/raw/TB_Chest_Radiography_Database/Normal/Normal-1536.png,0,rahman,597
data/raw/TB_Chest_Radiography_Database/Normal/Normal-1537.png,0,rahman,598
data/raw/TB_Chest_Radiography_Database/Normal/Normal-1538.png,0,rahman,599
data/raw/TB_Chest_Radiography_Database/Normal/Normal-1539.png,0,rahman,600
data/raw/TB_Chest_Radiography_Database/Normal/Normal-154.png,0,rahman,601
data/raw/TB_Chest_Radiography_Database/Normal/Normal-1541.png,0,rahman,603
data/raw/TB_Chest_Radiography_Database/Normal/Normal-1542.png,0,rahman,604
data/raw/TB_Chest_Radiography_Database/Normal/Normal-1543.png,0,rahman,605
data/raw/TB_Chest_Radiography_Database/Normal/Normal-1544.png,0,rahman,606
data/raw/TB_Chest_Radiography_Database/Normal/Normal-1545.png,0,rahman,607
data/raw/TB_Chest_Radiography_Database/Normal/Normal-1546.png,0,rahman,608
data/raw/TB_Chest_Radiography_Database/Normal/Normal-1547.png,0,rahman,609
data/raw/TB_Chest_Radiography_Database/Normal/Normal-155.png,0,rahman,612
data/raw/TB_Chest_Radiography_Database/Normal/Normal-1550.png,0,rahman,613
data/raw/TB_Chest_Radiography_Database/Normal/Normal-1551.png,0,rahman,614
data/raw/TB_Chest_Radiography_Database/Normal/Normal-1552.png,0,rahman,615
data/raw/TB_Chest_Radiography_Database/Normal/Normal-1553.png,0,rahman,616
data/raw/TB_Chest_Radiography_Database/Normal/Normal-1554.png,0,rahman,617
data/raw/TB_Chest_Radiography_Database/Normal/Normal-1555.png,0,rahman,618
data/raw/TB_Chest_Radiography_Database/Normal/Normal-1556.png,0,rahman,619
data/raw/TB_Chest_Radiography_Database/Normal/Normal-1557.png,0,rahman,620
data/raw/TB_Chest_Radiography_Database/Normal/Normal-1558.png,0,rahman,621
data/raw/TB_Chest_Radiography_Database/Normal/Normal-1559.png,0,rahman,622
data/raw/TB_Chest_Radiography_Database/Normal/Normal-156.png,0,rahman,623
data/raw/TB_Chest_Radiography_Database/Normal/Normal-1560.png,0,rahman,624
data/raw/TB_Chest_Radiography_Database/Normal/Normal-1562.png,0,rahman,626
data/raw/TB_Chest_Radiography_Database/Normal/Normal-1563.png,0,rahman,627
data/raw/TB_Chest_Radiography_Database/Normal/Normal-1564.png,0,rahman,628
data/raw/TB_Chest_Radiography_Database/Normal/Normal-1565.png,0,rahman,629
data/raw/TB_Chest_Radiography_Database/Normal/Normal-1566.png,0,rahman,630
data/raw/TB_Chest_Radiography_Database/Normal/Normal-1567.png,0,rahman,631
data/raw/TB_Chest_Radiography_Database/Normal/Normal-1569.png,0,rahman,633
data/raw/TB_Chest_Radiography_Database/Normal/Normal-1570.png,0,rahman,635
data/raw/TB_Chest_Radiography_Database/Normal/Normal-1571.png,0,rahman,636
data/raw/TB_Chest_Radiography_Database/Normal/Normal-1573.png,0,rahman,638
data/raw/TB_Chest_Radiography_Database/Normal/Normal-1574.png,0,rahman,639
data/raw/TB_Chest_Radiography_Database/Normal/Normal-1576.png,0,rahman,641
data/raw/TB_Chest_Radiography_Database/Normal/Normal-1577.png,0,rahman,642
data/raw/TB_Chest_Radiography_Database/Normal/Normal-1578.png,0,rahman,643
data/raw/TB_Chest_Radiography_Database/Normal/Normal-1579.png,0,rahman,644
data/raw/TB_Chest_Radiography_Database/Normal/Normal-158.png,0,rahman,645
data/raw/TB_Chest_Radiography_Database/Normal/Normal-1580.png,0,rahman,646
data/raw/TB_Chest_Radiography_Database/Normal/Normal-1581.png,0,rahman,647
data/raw/TB_Chest_Radiography_Database/Normal/Normal-1584.png,0,rahman,650
data/raw/TB_Chest_Radiography_Database/Normal/Normal-1585.png,0,rahman,651
data/raw/TB_Chest_Radiography_Database/Normal/Normal-1586.png,0,rahman,652
data/raw/TB_Chest_Radiography_Database/Normal/Normal-1587.png,0,rahman,653
data/raw/TB_Chest_Radiography_Database/Normal/Normal-1588.png,0,rahman,654
data/raw/TB_Chest_Radiography_Database/Normal/Normal-1589.png,0,rahman,655
data/raw/TB_Chest_Radiography_Database/Normal/Normal-159.png,0,rahman,656
data/raw/TB_Chest_Radiography_Database/Normal/Normal-1590.png,0,rahman,657
data/raw/TB_Chest_Radiography_Database/Normal/Normal-1591.png,0,rahman,658
data/raw/TB_Chest_Radiography_Database/Normal/Normal-1593.png,0,rahman,660
data/raw/TB_Chest_Radiography_Database/Normal/Normal-1594.png,0,rahman,661
data/raw/TB_Chest_Radiography_Database/Normal/Normal-1595.png,0,rahman,662
data/raw/TB_Chest_Radiography_Database/Normal/Normal-1597.png,0,rahman,664
data/raw/TB_Chest_Radiography_Database/Normal/Normal-1598.png,0,rahman,665
data/raw/TB_Chest_Radiography_Database/Normal/Normal-1599.png,0,rahman,666
data/raw/TB_Chest_Radiography_Database/Normal/Normal-16.png,0,rahman,667
data/raw/TB_Chest_Radiography_Database/Normal/Normal-160.png,0,rahman,668
data/raw/TB_Chest_Radiography_Database/Normal/Normal-1600.png,0,rahman,669
data/raw/TB_Chest_Radiography_Database/Normal/Normal-1601.png,0,rahman,670
data/raw/TB_Chest_Radiography_Database/Normal/Normal-1602.png,0,rahman,671
data/raw/TB_Chest_Radiography_Database/Normal/Normal-1603.png,0,rahman,672
data/raw/TB_Chest_Radiography_Database/Normal/Normal-1604.png,0,rahman,673
data/raw/TB_Chest_Radiography_Database/Normal/Normal-1606.png,0,rahman,675
data/raw/TB_Chest_Radiography_Database/Normal/Normal-1607.png,0,rahman,676
data/raw/TB_Chest_Radiography_Database/Normal/Normal-1608.png,0,rahman,677
data/raw/TB_Chest_Radiography_Database/Normal/Normal-1609.png,0,rahman,678
data/raw/TB_Chest_Radiography_Database/Normal/Normal-161.png,0,rahman,679
data/raw/TB_Chest_Radiography_Database/Normal/Normal-1610.png,0,rahman,680
data/raw/TB_Chest_Radiography_Database/Normal/Normal-1611.png,0,rahman,681
data/raw/TB_Chest_Radiography_Database/Normal/Normal-1612.png,0,rahman,682
data/raw/TB_Chest_Radiography_Database/Normal/Normal-1613.png,0,rahman,683
data/raw/TB_Chest_Radiography_Database/Normal/Normal-1614.png,0,rahman,684
data/raw/TB_Chest_Radiography_Database/Normal/Normal-1615.png,0,rahman,685
data/raw/TB_Chest_Radiography_Database/Normal/Normal-1616.png,0,rahman,686
data/raw/TB_Chest_Radiography_Database/Normal/Normal-1617.png,0,rahman,687
data/raw/TB_Chest_Radiography_Database/Normal/Normal-1618.png,0,rahman,688
data/raw/TB_Chest_Radiography_Database/Normal/Normal-1619.png,0,rahman,689
data/raw/TB_Chest_Radiography_Database/Normal/Normal-162.png,0,rahman,690
data/raw/TB_Chest_Radiography_Database/Normal/Normal-1621.png,0,rahman,692
data/raw/TB_Chest_Radiography_Database/Normal/Normal-1622.png,0,rahman,693
data/raw/TB_Chest_Radiography_Database/Normal/Normal-1623.png,0,rahman,694
data/raw/TB_Chest_Radiography_Database/Normal/Normal-1624.png,0,rahman,695
data/raw/TB_Chest_Radiography_Database/Normal/Normal-1625.png,0,rahman,696
data/raw/TB_Chest_Radiography_Database/Normal/Normal-1626.png,0,rahman,697
data/raw/TB_Chest_Radiography_Database/Normal/Normal-1628.png,0,rahman,699
data/raw/TB_Chest_Radiography_Database/Normal/Normal-1629.png,0,rahman,700
data/raw/TB_Chest_Radiography_Database/Normal/Normal-163.png,0,rahman,701
data/raw/TB_Chest_Radiography_Database/Normal/Normal-1630.png,0,rahman,702
data/raw/TB_Chest_Radiography_Database/Normal/Normal-1631.png,0,rahman,703
data/raw/TB_Chest_Radiography_Database/Normal/Normal-1632.png,0,rahman,704
data/raw/TB_Chest_Radiography_Database/Normal/Normal-1633.png,0,rahman,705
data/raw/TB_Chest_Radiography_Database/Normal/Normal-1635.png,0,rahman,707
data/raw/TB_Chest_Radiography_Database/Normal/Normal-1636.png,0,rahman,708
data/raw/TB_Chest_Radiography_Database/Normal/Normal-1637.png,0,rahman,709
data/raw/TB_Chest_Radiography_Database/Normal/Normal-1638.png,0,rahman,710
data/raw/TB_Chest_Radiography_Database/Normal/Normal-1639.png,0,rahman,711
data/raw/TB_Chest_Radiography_Database/Normal/Normal-164.png,0,rahman,712
data/raw/TB_Chest_Radiography_Database/Normal/Normal-1640.png,0,rahman,713
data/raw/TB_Chest_Radiography_Database/Normal/Normal-1641.png,0,rahman,714
data/raw/TB_Chest_Radiography_Database/Normal/Normal-1644.png,0,rahman,717
data/raw/TB_Chest_Radiography_Database/Normal/Normal-1645.png,0,rahman,718
data/raw/TB_Chest_Radiography_Database/Normal/Normal-1646.png,0,rahman,719
data/raw/TB_Chest_Radiography_Database/Normal/Normal-1647.png,0,rahman,720
data/raw/TB_Chest_Radiography_Database/Normal/Normal-1650.png,0,rahman,724
data/raw/TB_Chest_Radiography_Database/Normal/Normal-1652.png,0,rahman,726
data/raw/TB_Chest_Radiography_Database/Normal/Normal-1653.png,0,rahman,727
data/raw/TB_Chest_Radiography_Database/Normal/Normal-1654.png,0,rahman,728
data/raw/TB_Chest_Radiography_Database/Normal/Normal-1655.png,0,rahman,729
data/raw/TB_Chest_Radiography_Database/Normal/Normal-1656.png,0,rahman,730
data/raw/TB_Chest_Radiography_Database/Normal/Normal-1657.png,0,rahman,731
data/raw/TB_Chest_Radiography_Database/Normal/Normal-1658.png,0,rahman,732
data/raw/TB_Chest_Radiography_Database/Normal/Normal-1659.png,0,rahman,733
data/raw/TB_Chest_Radiography_Database/Normal/Normal-166.png,0,rahman,734
data/raw/TB_Chest_Radiography_Database/Normal/Normal-1661.png,0,rahman,736
data/raw/TB_Chest_Radiography_Database/Normal/Normal-1662.png,0,rahman,737
data/raw/TB_Chest_Radiography_Database/Normal/Normal-1663.png,0,rahman,738
data/raw/TB_Chest_Radiography_Database/Normal/Normal-1664.png,0,rahman,739
data/raw/TB_Chest_Radiography_Database/Normal/Normal-1666.png,0,rahman,741
data/raw/TB_Chest_Radiography_Database/Normal/Normal-1667.png,0,rahman,742
data/raw/TB_Chest_Radiography_Database/Normal/Normal-1668.png,0,rahman,743
data/raw/TB_Chest_Radiography_Database/Normal/Normal-1669.png,0,rahman,744
data/raw/TB_Chest_Radiography_Database/Normal/Normal-167.png,0,rahman,745
data/raw/TB_Chest_Radiography_Database/Normal/Normal-1670.png,0,rahman,746
data/raw/TB_Chest_Radiography_Database/Normal/Normal-1671.png,0,rahman,747
data/raw/TB_Chest_Radiography_Database/Normal/Normal-1672.png,0,rahman,748
data/raw/TB_Chest_Radiography_Database/Normal/Normal-1673.png,0,rahman,749
data/raw/TB_Chest_Radiography_Database/Normal/Normal-1674.png,0,rahman,750
data/raw/TB_Chest_Radiography_Database/Normal/Normal-1675.png,0,rahman,751
data/raw/TB_Chest_Radiography_Database/Normal/Normal-1676.png,0,rahman,752
data/raw/TB_Chest_Radiography_Database/Normal/Normal-1677.png,0,rahman,753
data/raw/TB_Chest_Radiography_Database/Normal/Normal-1678.png,0,rahman,754
data/raw/TB_Chest_Radiography_Database/Normal/Normal-1679.png,0,rahman,755
data/raw/TB_Chest_Radiography_Database/Normal/Normal-168.png,0,rahman,756
data/raw/TB_Chest_Radiography_Database/Normal/Normal-1680.png,0,rahman,757
data/raw/TB_Chest_Radiography_Database/Normal/Normal-1682.png,0,rahman,759
data/raw/TB_Chest_Radiography_Database/Normal/Normal-1683.png,0,rahman,760
data/raw/TB_Chest_Radiography_Database/Normal/Normal-1684.png,0,rahman,761
data/raw/TB_Chest_Radiography_Database/Normal/Normal-1685.png,0,rahman,762
data/raw/TB_Chest_Radiography_Database/Normal/Normal-1686.png,0,rahman,763
data/raw/TB_Chest_Radiography_Database/Normal/Normal-1687.png,0,rahman,764
data/raw/TB_Chest_Radiography_Database/Normal/Normal-1688.png,0,rahman,765
data/raw/TB_Chest_Radiography_Database/Normal/Normal-1689.png,0,rahman,766
data/raw/TB_Chest_Radiography_Database/Normal/Normal-169.png,0,rahman,767
data/raw/TB_Chest_Radiography_Database/Normal/Normal-1690.png,0,rahman,768
data/raw/TB_Chest_Radiography_Database/Normal/Normal-1691.png,0,rahman,769
data/raw/TB_Chest_Radiography_Database/Normal/Normal-1692.png,0,rahman,770
data/raw/TB_Chest_Radiography_Database/Normal/Normal-1693.png,0,rahman,771
data/raw/TB_Chest_Radiography_Database/Normal/Normal-1694.png,0,rahman,772
data/raw/TB_Chest_Radiography_Database/Normal/Normal-1695.png,0,rahman,773
data/raw/TB_Chest_Radiography_Database/Normal/Normal-1697.png,0,rahman,775
data/raw/TB_Chest_Radiography_Database/Normal/Normal-1698.png,0,rahman,776
data/raw/TB_Chest_Radiography_Database/Normal/Normal-1699.png,0,rahman,777
data/raw/TB_Chest_Radiography_Database/Normal/Normal-17.png,0,rahman,778
data/raw/TB_Chest_Radiography_Database/Normal/Normal-170.png,0,rahman,779
data/raw/TB_Chest_Radiography_Database/Normal/Normal-1700.png,0,rahman,780
data/raw/TB_Chest_Radiography_Database/Normal/Normal-1701.png,0,rahman,781
data/raw/TB_Chest_Radiography_Database/Normal/Normal-1702.png,0,rahman,782
data/raw/TB_Chest_Radiography_Database/Normal/Normal-1703.png,0,rahman,783
data/raw/TB_Chest_Radiography_Database/Normal/Normal-1704.png,0,rahman,784
data/raw/TB_Chest_Radiography_Database/Normal/Normal-1706.png,0,rahman,786
data/raw/TB_Chest_Radiography_Database/Normal/Normal-1707.png,0,rahman,787
data/raw/TB_Chest_Radiography_Database/Normal/Normal-1708.png,0,rahman,788
data/raw/TB_Chest_Radiography_Database/Normal/Normal-1709.png,0,rahman,789
data/raw/TB_Chest_Radiography_Database/Normal/Normal-1710.png,0,rahman,791
data/raw/TB_Chest_Radiography_Database/Normal/Normal-1711.png,0,rahman,792
data/raw/TB_Chest_Radiography_Database/Normal/Normal-1712.png,0,rahman,793
data/raw/TB_Chest_Radiography_Database/Normal/Normal-1715.png,0,rahman,796
data/raw/TB_Chest_Radiography_Database/Normal/Normal-1716.png,0,rahman,797
data/raw/TB_Chest_Radiography_Database/Normal/Normal-1717.png,0,rahman,798
data/raw/TB_Chest_Radiography_Database/Normal/Normal-1718.png,0,rahman,799
data/raw/TB_Chest_Radiography_Database/Normal/Normal-1719.png,0,rahman,800
data/raw/TB_Chest_Radiography_Database/Normal/Normal-172.png,0,rahman,801
data/raw/TB_Chest_Radiography_Database/Normal/Normal-1720.png,0,rahman,802
data/raw/TB_Chest_Radiography_Database/Normal/Normal-1721.png,0,rahman,803
data/raw/TB_Chest_Radiography_Database/Normal/Normal-1723.png,0,rahman,805
data/raw/TB_Chest_Radiography_Database/Normal/Normal-1724.png,0,rahman,806
data/raw/TB_Chest_Radiography_Database/Normal/Normal-1725.png,0,rahman,807
data/raw/TB_Chest_Radiography_Database/Normal/Normal-1726.png,0,rahman,808
data/raw/TB_Chest_Radiography_Database/Normal/Normal-1727.png,0,rahman,809
data/raw/TB_Chest_Radiography_Database/Normal/Normal-1728.png,0,rahman,810
data/raw/TB_Chest_Radiography_Database/Normal/Normal-173.png,0,rahman,812
data/raw/TB_Chest_Radiography_Database/Normal/Normal-1730.png,0,rahman,813
data/raw/TB_Chest_Radiography_Database/Normal/Normal-1732.png,0,rahman,815
data/raw/TB_Chest_Radiography_Database/Normal/Normal-1733.png,0,rahman,816
data/raw/TB_Chest_Radiography_Database/Normal/Normal-1734.png,0,rahman,817
data/raw/TB_Chest_Radiography_Database/Normal/Normal-1735.png,0,rahman,818
data/raw/TB_Chest_Radiography_Database/Normal/Normal-1738.png,0,rahman,821
data/raw/TB_Chest_Radiography_Database/Normal/Normal-1739.png,0,rahman,822
data/raw/TB_Chest_Radiography_Database/Normal/Normal-174.png,0,rahman,823
data/raw/TB_Chest_Radiography_Database/Normal/Normal-1740.png,0,rahman,824
data/raw/TB_Chest_Radiography_Database/Normal/Normal-1741.png,0,rahman,825
data/raw/TB_Chest_Radiography_Database/Normal/Normal-1742.png,0,rahman,826
data/raw/TB_Chest_Radiography_Database/Normal/Normal-1743.png,0,rahman,827
data/raw/TB_Chest_Radiography_Database/Normal/Normal-1744.png,0,rahman,828
data/raw/TB_Chest_Radiography_Database/Normal/Normal-1746.png,0,rahman,830
data/raw/TB_Chest_Radiography_Database/Normal/Normal-1747.png,0,rahman,831
data/raw/TB_Chest_Radiography_Database/Normal/Normal-1748.png,0,rahman,832
data/raw/TB_Chest_Radiography_Database/Normal/Normal-175.png,0,rahman,834
data/raw/TB_Chest_Radiography_Database/Normal/Normal-1750.png,0,rahman,835
data/raw/TB_Chest_Radiography_Database/Normal/Normal-1751.png,0,rahman,836
data/raw/TB_Chest_Radiography_Database/Normal/Normal-1752.png,0,rahman,837
data/raw/TB_Chest_Radiography_Database/Normal/Normal-1753.png,0,rahman,838
data/raw/TB_Chest_Radiography_Database/Normal/Normal-1754.png,0,rahman,839
data/raw/TB_Chest_Radiography_Database/Normal/Normal-1755.png,0,rahman,840
data/raw/TB_Chest_Radiography_Database/Normal/Normal-1756.png,0,rahman,841
data/raw/TB_Chest_Radiography_Database/Normal/Normal-1757.png,0,rahman,842
data/raw/TB_Chest_Radiography_Database/Normal/Normal-1758.png,0,rahman,843
data/raw/TB_Chest_Radiography_Database/Normal/Normal-1759.png,0,rahman,844
data/raw/TB_Chest_Radiography_Database/Normal/Normal-1760.png,0,rahman,846
data/raw/TB_Chest_Radiography_Database/Normal/Normal-1761.png,0,rahman,847
data/raw/TB_Chest_Radiography_Database/Normal/Normal-1762.png,0,rahman,848
data/raw/TB_Chest_Radiography_Database/Normal/Normal-1763.png,0,rahman,849
data/raw/TB_Chest_Radiography_Database/Normal/Normal-1764.png,0,rahman,850
data/raw/TB_Chest_Radiography_Database/Normal/Normal-1765.png,0,rahman,851
data/raw/TB_Chest_Radiography_Database/Normal/Normal-1766.png,0,rahman,852
data/raw/TB_Chest_Radiography_Database/Normal/Normal-1767.png,0,rahman,853
data/raw/TB_Chest_Radiography_Database/Normal/Normal-1768.png,0,rahman,854
data/raw/TB_Chest_Radiography_Database/Normal/Normal-1769.png,0,rahman,855
data/raw/TB_Chest_Radiography_Database/Normal/Normal-1770.png,0,rahman,857
data/raw/TB_Chest_Radiography_Database/Normal/Normal-1771.png,0,rahman,858
data/raw/TB_Chest_Radiography_Database/Normal/Normal-1772.png,0,rahman,859
data/raw/TB_Chest_Radiography_Database/Normal/Normal-1773.png,0,rahman,860
data/raw/TB_Chest_Radiography_Database/Normal/Normal-1775.png,0,rahman,862
data/raw/TB_Chest_Radiography_Database/Normal/Normal-1776.png,0,rahman,863
data/raw/TB_Chest_Radiography_Database/Normal/Normal-1777.png,0,rahman,864
data/raw/TB_Chest_Radiography_Database/Normal/Normal-1778.png,0,rahman,865
data/raw/TB_Chest_Radiography_Database/Normal/Normal-1779.png,0,rahman,866
data/raw/TB_Chest_Radiography_Database/Normal/Normal-178.png,0,rahman,867
data/raw/TB_Chest_Radiography_Database/Normal/Normal-1780.png,0,rahman,868
data/raw/TB_Chest_Radiography_Database/Normal/Normal-1781.png,0,rahman,869
data/raw/TB_Chest_Radiography_Database/Normal/Normal-1782.png,0,rahman,870
data/raw/TB_Chest_Radiography_Database/Normal/Normal-1783.png,0,rahman,871
data/raw/TB_Chest_Radiography_Database/Normal/Normal-1784.png,0,rahman,8357
data/raw/TB_Chest_Radiography_Database/Normal/Normal-1785.png,0,rahman,873
data/raw/TB_Chest_Radiography_Database/Normal/Normal-1786.png,0,rahman,874
data/raw/TB_Chest_Radiography_Database/Normal/Normal-1787.png,0,rahman,875
data/raw/TB_Chest_Radiography_Database/Normal/Normal-1788.png,0,rahman,876
data/raw/TB_Chest_Radiography_Database/Normal/Normal-1789.png,0,rahman,877
data/raw/TB_Chest_Radiography_Database/Normal/Normal-179.png,0,rahman,878
data/raw/TB_Chest_Radiography_Database/Normal/Normal-1790.png,0,rahman,879
data/raw/TB_Chest_Radiography_Database/Normal/Normal-1791.png,0,rahman,880
data/raw/TB_Chest_Radiography_Database/Normal/Normal-1792.png,0,rahman,881
data/raw/TB_Chest_Radiography_Database/Normal/Normal-1793.png,0,rahman,882
data/raw/TB_Chest_Radiography_Database/Normal/Normal-1794.png,0,rahman,883
data/raw/TB_Chest_Radiography_Database/Normal/Normal-1795.png,0,rahman,884
data/raw/TB_Chest_Radiography_Database/Normal/Normal-1796.png,0,rahman,885
data/raw/TB_Chest_Radiography_Database/Normal/Normal-1797.png,0,rahman,886
data/raw/TB_Chest_Radiography_Database/Normal/Normal-1798.png,0,rahman,887
data/raw/TB_Chest_Radiography_Database/Normal/Normal-1799.png,0,rahman,888
data/raw/TB_Chest_Radiography_Database/Normal/Normal-18.png,0,rahman,889
data/raw/TB_Chest_Radiography_Database/Normal/Normal-180.png,0,rahman,890
data/raw/TB_Chest_Radiography_Database/Normal/Normal-1800.png,0,rahman,891
data/raw/TB_Chest_Radiography_Database/Normal/Normal-1801.png,0,rahman,892
data/raw/TB_Chest_Radiography_Database/Normal/Normal-1802.png,0,rahman,893
data/raw/TB_Chest_Radiography_Database/Normal/Normal-1803.png,0,rahman,894
data/raw/TB_Chest_Radiography_Database/Normal/Normal-1804.png,0,rahman,895
data/raw/TB_Chest_Radiography_Database/Normal/Normal-1805.png,0,rahman,896
data/raw/TB_Chest_Radiography_Database/Normal/Normal-1807.png,0,rahman,898
data/raw/TB_Chest_Radiography_Database/Normal/Normal-1808.png,0,rahman,899
data/raw/TB_Chest_Radiography_Database/Normal/Normal-181.png,0,rahman,901
data/raw/TB_Chest_Radiography_Database/Normal/Normal-1810.png,0,rahman,902
data/raw/TB_Chest_Radiography_Database/Normal/Normal-1811.png,0,rahman,903
data/raw/TB_Chest_Radiography_Database/Normal/Normal-1812.png,0,rahman,904
data/raw/TB_Chest_Radiography_Database/Normal/Normal-1813.png,0,rahman,905
data/raw/TB_Chest_Radiography_Database/Normal/Normal-1815.png,0,rahman,907
data/raw/TB_Chest_Radiography_Database/Normal/Normal-1816.png,0,rahman,908
data/raw/TB_Chest_Radiography_Database/Normal/Normal-1817.png,0,rahman,909
data/raw/TB_Chest_Radiography_Database/Normal/Normal-1818.png,0,rahman,910
data/raw/TB_Chest_Radiography_Database/Normal/Normal-1819.png,0,rahman,911
data/raw/TB_Chest_Radiography_Database/Normal/Normal-1820.png,0,rahman,913
data/raw/TB_Chest_Radiography_Database/Normal/Normal-1821.png,0,rahman,914
data/raw/TB_Chest_Radiography_Database/Normal/Normal-1822.png,0,rahman,915
data/raw/TB_Chest_Radiography_Database/Normal/Normal-1823.png,0,rahman,916
data/raw/TB_Chest_Radiography_Database/Normal/Normal-1824.png,0,rahman,917
data/raw/TB_Chest_Radiography_Database/Normal/Normal-1825.png,0,rahman,918
data/raw/TB_Chest_Radiography_Database/Normal/Normal-1826.png,0,rahman,919
data/raw/TB_Chest_Radiography_Database/Normal/Normal-1828.png,0,rahman,921
data/raw/TB_Chest_Radiography_Database/Normal/Normal-1829.png,0,rahman,922
data/raw/TB_Chest_Radiography_Database/Normal/Normal-1830.png,0,rahman,924
data/raw/TB_Chest_Radiography_Database/Normal/Normal-1831.png,0,rahman,925
data/raw/TB_Chest_Radiography_Database/Normal/Normal-1832.png,0,rahman,926
data/raw/TB_Chest_Radiography_Database/Normal/Normal-1836.png,0,rahman,930
data/raw/TB_Chest_Radiography_Database/Normal/Normal-1837.png,0,rahman,931
data/raw/TB_Chest_Radiography_Database/Normal/Normal-1839.png,0,rahman,933
data/raw/TB_Chest_Radiography_Database/Normal/Normal-184.png,0,rahman,934
data/raw/TB_Chest_Radiography_Database/Normal/Normal-1840.png,0,rahman,935
data/raw/TB_Chest_Radiography_Database/Normal/Normal-1841.png,0,rahman,936
data/raw/TB_Chest_Radiography_Database/Normal/Normal-1842.png,0,rahman,937
data/raw/TB_Chest_Radiography_Database/Normal/Normal-1843.png,0,rahman,938
data/raw/TB_Chest_Radiography_Database/Normal/Normal-1844.png,0,rahman,939
data/raw/TB_Chest_Radiography_Database/Normal/Normal-1845.png,0,rahman,940
data/raw/TB_Chest_Radiography_Database/Normal/Normal-1847.png,0,rahman,942
data/raw/TB_Chest_Radiography_Database/Normal/Normal-1848.png,0,rahman,943
data/raw/TB_Chest_Radiography_Database/Normal/Normal-1849.png,0,rahman,944
data/raw/TB_Chest_Radiography_Database/Normal/Normal-185.png,0,rahman,945
data/raw/TB_Chest_Radiography_Database/Normal/Normal-1850.png,0,rahman,946
data/raw/TB_Chest_Radiography_Database/Normal/Normal-1851.png,0,rahman,947
data/raw/TB_Chest_Radiography_Database/Normal/Normal-1852.png,0,rahman,948
data/raw/TB_Chest_Radiography_Database/Normal/Normal-1853.png,0,rahman,949
data/raw/TB_Chest_Radiography_Database/Normal/Normal-1854.png,0,rahman,950
data/raw/TB_Chest_Radiography_Database/Normal/Normal-1855.png,0,rahman,951
data/raw/TB_Chest_Radiography_Database/Normal/Normal-1856.png,0,rahman,952
data/raw/TB_Chest_Radiography_Database/Normal/Normal-1857.png,0,rahman,953
data/raw/TB_Chest_Radiography_Database/Normal/Normal-1858.png,0,rahman,954
data/raw/TB_Chest_Radiography_Database/Normal/Normal-1859.png,0,rahman,955
data/raw/TB_Chest_Radiography_Database/Normal/Normal-186.png,0,rahman,956
data/raw/TB_Chest_Radiography_Database/Normal/Normal-1860.png,0,rahman,957
data/raw/TB_Chest_Radiography_Database/Normal/Normal-1862.png,0,rahman,959
data/raw/TB_Chest_Radiography_Database/Normal/Normal-1863.png,0,rahman,960
data/raw/TB_Chest_Radiography_Database/Normal/Normal-1864.png,0,rahman,961
data/raw/TB_Chest_Radiography_Database/Normal/Normal-1865.png,0,rahman,962
data/raw/TB_Chest_Radiography_Database/Normal/Normal-1866.png,0,rahman,963
data/raw/TB_Chest_Radiography_Database/Normal/Normal-1869.png,0,rahman,966
data/raw/TB_Chest_Radiography_Database/Normal/Normal-187.png,0,rahman,967
data/raw/TB_Chest_Radiography_Database/Normal/Normal-1870.png,0,rahman,968
data/raw/TB_Chest_Radiography_Database/Normal/Normal-1871.png,0,rahman,969
data/raw/TB_Chest_Radiography_Database/Normal/Normal-1872.png,0,rahman,970
data/raw/TB_Chest_Radiography_Database/Normal/Normal-1874.png,0,rahman,972
data/raw/TB_Chest_Radiography_Database/Normal/Normal-1875.png,0,rahman,973
data/raw/TB_Chest_Radiography_Database/Normal/Normal-1876.png,0,rahman,974
data/raw/TB_Chest_Radiography_Database/Normal/Normal-1877.png,0,rahman,975
data/raw/TB_Chest_Radiography_Database/Normal/Normal-1878.png,0,rahman,976
data/raw/TB_Chest_Radiography_Database/Normal/Normal-1880.png,0,rahman,979
data/raw/TB_Chest_Radiography_Database/Normal/Normal-1881.png,0,rahman,980
data/raw/TB_Chest_Radiography_Database/Normal/Normal-1882.png,0,rahman,981
data/raw/TB_Chest_Radiography_Database/Normal/Normal-1883.png,0,rahman,982
data/raw/TB_Chest_Radiography_Database/Normal/Normal-1884.png,0,rahman,983
data/raw/TB_Chest_Radiography_Database/Normal/Normal-1885.png,0,rahman,984
data/raw/TB_Chest_Radiography_Database/Normal/Normal-1886.png,0,rahman,985
data/raw/TB_Chest_Radiography_Database/Normal/Normal-1887.png,0,rahman,986
data/raw/TB_Chest_Radiography_Database/Normal/Normal-1889.png,0,rahman,988
data/raw/TB_Chest_Radiography_Database/Normal/Normal-189.png,0,rahman,989
data/raw/TB_Chest_Radiography_Database/Normal/Normal-1890.png,0,rahman,990
data/raw/TB_Chest_Radiography_Database/Normal/Normal-1891.png,0,rahman,991
data/raw/TB_Chest_Radiography_Database/Normal/Normal-1892.png,0,rahman,992
data/raw/TB_Chest_Radiography_Database/Normal/Normal-1893.png,0,rahman,993
data/raw/TB_Chest_Radiography_Database/Normal/Normal-1894.png,0,rahman,994
data/raw/TB_Chest_Radiography_Database/Normal/Normal-1895.png,0,rahman,995
data/raw/TB_Chest_Radiography_Database/Normal/Normal-1896.png,0,rahman,996
data/raw/TB_Chest_Radiography_Database/Normal/Normal-1897.png,0,rahman,997
data/raw/TB_Chest_Radiography_Database/Normal/Normal-1899.png,0,rahman,999
data/raw/TB_Chest_Radiography_Database/Normal/Normal-19.png,0,rahman,1000
data/raw/TB_Chest_Radiography_Database/Normal/Normal-190.png,0,rahman,1001
data/raw/TB_Chest_Radiography_Database/Normal/Normal-1900.png,0,rahman,1002
data/raw/TB_Chest_Radiography_Database/Normal/Normal-1901.png,0,rahman,1003
data/raw/TB_Chest_Radiography_Database/Normal/Normal-1902.png,0,rahman,1004
data/raw/TB_Chest_Radiography_Database/Normal/Normal-1903.png,0,rahman,1005
data/raw/TB_Chest_Radiography_Database/Normal/Normal-1904.png,0,rahman,1006
data/raw/TB_Chest_Radiography_Database/Normal/Normal-1905.png,0,rahman,1007
data/raw/TB_Chest_Radiography_Database/Normal/Normal-1906.png,0,rahman,1008
data/raw/TB_Chest_Radiography_Database/Normal/Normal-1907.png,0,rahman,1009
data/raw/TB_Chest_Radiography_Database/Normal/Normal-1908.png,0,rahman,1010
data/raw/TB_Chest_Radiography_Database/Normal/Normal-1909.png,0,rahman,1011
data/raw/TB_Chest_Radiography_Database/Normal/Normal-1910.png,0,rahman,1013
data/raw/TB_Chest_Radiography_Database/Normal/Normal-1911.png,0,rahman,1014
data/raw/TB_Chest_Radiography_Database/Normal/Normal-1912.png,0,rahman,1015
data/raw/TB_Chest_Radiography_Database/Normal/Normal-1913.png,0,rahman,1016
data/raw/TB_Chest_Radiography_Database/Normal/Normal-1914.png,0,rahman,1017
data/raw/TB_Chest_Radiography_Database/Normal/Normal-1915.png,0,rahman,1018
data/raw/TB_Chest_Radiography_Database/Normal/Normal-1916.png,0,rahman,1019
data/raw/TB_Chest_Radiography_Database/Normal/Normal-1918.png,0,rahman,1021
data/raw/TB_Chest_Radiography_Database/Normal/Normal-1919.png,0,rahman,1022
data/raw/TB_Chest_Radiography_Database/Normal/Normal-192.png,0,rahman,1023
data/raw/TB_Chest_Radiography_Database/Normal/Normal-1920.png,0,rahman,1024
data/raw/TB_Chest_Radiography_Database/Normal/Normal-1921.png,0,rahman,1025
data/raw/TB_Chest_Radiography_Database/Normal/Normal-1922.png,0,rahman,1026
data/raw/TB_Chest_Radiography_Database/Normal/Normal-1923.png,0,rahman,1027
data/raw/TB_Chest_Radiography_Database/Normal/Normal-1924.png,0,rahman,1028
data/raw/TB_Chest_Radiography_Database/Normal/Normal-1925.png,0,rahman,1029
data/raw/TB_Chest_Radiography_Database/Normal/Normal-1927.png,0,rahman,1031
data/raw/TB_Chest_Radiography_Database/Normal/Normal-1928.png,0,rahman,1032
data/raw/TB_Chest_Radiography_Database/Normal/Normal-1929.png,0,rahman,1033
data/raw/TB_Chest_Radiography_Database/Normal/Normal-1930.png,0,rahman,1035
data/raw/TB_Chest_Radiography_Database/Normal/Normal-1931.png,0,rahman,1036
data/raw/TB_Chest_Radiography_Database/Normal/Normal-1932.png,0,rahman,1037
data/raw/TB_Chest_Radiography_Database/Normal/Normal-1933.png,0,rahman,1038
data/raw/TB_Chest_Radiography_Database/Normal/Normal-1934.png,0,rahman,1039
data/raw/TB_Chest_Radiography_Database/Normal/Normal-1935.png,0,rahman,1040
data/raw/TB_Chest_Radiography_Database/Normal/Normal-1936.png,0,rahman,1041
data/raw/TB_Chest_Radiography_Database/Normal/Normal-1937.png,0,rahman,1042
data/raw/TB_Chest_Radiography_Database/Normal/Normal-1938.png,0,rahman,1043
data/raw/TB_Chest_Radiography_Database/Normal/Normal-1939.png,0,rahman,1044
data/raw/TB_Chest_Radiography_Database/Normal/Normal-194.png,0,rahman,1045
data/raw/TB_Chest_Radiography_Database/Normal/Normal-1940.png,0,rahman,1046
data/raw/TB_Chest_Radiography_Database/Normal/Normal-1941.png,0,rahman,1047
data/raw/TB_Chest_Radiography_Database/Normal/Normal-1942.png,0,rahman,1048
data/raw/TB_Chest_Radiography_Database/Normal/Normal-1943.png,0,rahman,1049
data/raw/TB_Chest_Radiography_Database/Normal/Normal-1944.png,0,rahman,1050
data/raw/TB_Chest_Radiography_Database/Normal/Normal-1945.png,0,rahman,1051
data/raw/TB_Chest_Radiography_Database/Normal/Normal-1946.png,0,rahman,1052
data/raw/TB_Chest_Radiography_Database/Normal/Normal-1947.png,0,rahman,1053
data/raw/TB_Chest_Radiography_Database/Normal/Normal-1948.png,0,rahman,1054
data/raw/TB_Chest_Radiography_Database/Normal/Normal-1949.png,0,rahman,1055
data/raw/TB_Chest_Radiography_Database/Normal/Normal-1950.png,0,rahman,1057
data/raw/TB_Chest_Radiography_Database/Normal/Normal-1951.png,0,rahman,1058
data/raw/TB_Chest_Radiography_Database/Normal/Normal-1952.png,0,rahman,1059
data/raw/TB_Chest_Radiography_Database/Normal/Normal-1953.png,0,rahman,1060
data/raw/TB_Chest_Radiography_Database/Normal/Normal-1954.png,0,rahman,1061
data/raw/TB_Chest_Radiography_Database/Normal/Normal-1955.png,0,rahman,1062
data/raw/TB_Chest_Radiography_Database/Normal/Normal-1956.png,0,rahman,1063
data/raw/TB_Chest_Radiography_Database/Normal/Normal-1957.png,0,rahman,1064
data/raw/TB_Chest_Radiography_Database/Normal/Normal-1958.png,0,rahman,1065
data/raw/TB_Chest_Radiography_Database/Normal/Normal-1959.png,0,rahman,1066
data/raw/TB_Chest_Radiography_Database/Normal/Normal-196.png,0,rahman,1067
data/raw/TB_Chest_Radiography_Database/Normal/Normal-1960.png,0,rahman,1068
data/raw/TB_Chest_Radiography_Database/Normal/Normal-1961.png,0,rahman,1069
data/raw/TB_Chest_Radiography_Database/Normal/Normal-1962.png,0,rahman,1070
data/raw/TB_Chest_Radiography_Database/Normal/Normal-1963.png,0,rahman,1071
data/raw/TB_Chest_Radiography_Database/Normal/Normal-1966.png,0,rahman,1074
data/raw/TB_Chest_Radiography_Database/Normal/Normal-1967.png,0,rahman,1075
data/raw/TB_Chest_Radiography_Database/Normal/Normal-1968.png,0,rahman,1076
data/raw/TB_Chest_Radiography_Database/Normal/Normal-197.png,0,rahman,1078
data/raw/TB_Chest_Radiography_Database/Normal/Normal-1970.png,0,rahman,1079
data/raw/TB_Chest_Radiography_Database/Normal/Normal-1972.png,0,rahman,1081
data/raw/TB_Chest_Radiography_Database/Normal/Normal-1973.png,0,rahman,1082
data/raw/TB_Chest_Radiography_Database/Normal/Normal-1974.png,0,rahman,1083
data/raw/TB_Chest_Radiography_Database/Normal/Normal-1975.png,0,rahman,1084
data/raw/TB_Chest_Radiography_Database/Normal/Normal-1977.png,0,rahman,1086
data/raw/TB_Chest_Radiography_Database/Normal/Normal-1978.png,0,rahman,1087
data/raw/TB_Chest_Radiography_Database/Normal/Normal-1979.png,0,rahman,1088
data/raw/TB_Chest_Radiography_Database/Normal/Normal-198.png,0,rahman,1089
data/raw/TB_Chest_Radiography_Database/Normal/Normal-1980.png,0,rahman,1090
data/raw/TB_Chest_Radiography_Database/Normal/Normal-1982.png,0,rahman,1092
data/raw/TB_Chest_Radiography_Database/Normal/Normal-1985.png,0,rahman,1095
data/raw/TB_Chest_Radiography_Database/Normal/Normal-1986.png,0,rahman,1096
data/raw/TB_Chest_Radiography_Database/Normal/Normal-1987.png,0,rahman,1097
data/raw/TB_Chest_Radiography_Database/Normal/Normal-1989.png,0,rahman,1099
data/raw/TB_Chest_Radiography_Database/Normal/Normal-199.png,0,rahman,1100
data/raw/TB_Chest_Radiography_Database/Normal/Normal-1990.png,0,rahman,1101
data/raw/TB_Chest_Radiography_Database/Normal/Normal-1992.png,0,rahman,1103
data/raw/TB_Chest_Radiography_Database/Normal/Normal-1993.png,0,rahman,1104
data/raw/TB_Chest_Radiography_Database/Normal/Normal-1994.png,0,rahman,1105
data/raw/TB_Chest_Radiography_Database/Normal/Normal-1996.png,0,rahman,1107
data/raw/TB_Chest_Radiography_Database/Normal/Normal-1997.png,0,rahman,1108
data/raw/TB_Chest_Radiography_Database/Normal/Normal-1998.png,0,rahman,1109
data/raw/TB_Chest_Radiography_Database/Normal/Normal-1999.png,0,rahman,1110
data/raw/TB_Chest_Radiography_Database/Normal/Normal-2.png,0,rahman,1111
data/raw/TB_Chest_Radiography_Database/Normal/Normal-20.png,0,rahman,1112
data/raw/TB_Chest_Radiography_Database/Normal/Normal-200.png,0,rahman,1113
data/raw/TB_Chest_Radiography_Database/Normal/Normal-2000.png,0,rahman,1114
data/raw/TB_Chest_Radiography_Database/Normal/Normal-2001.png,0,rahman,1115
data/raw/TB_Chest_Radiography_Database/Normal/Normal-2002.png,0,rahman,1116
data/raw/TB_Chest_Radiography_Database/Normal/Normal-2003.png,0,rahman,1117
data/raw/TB_Chest_Radiography_Database/Normal/Normal-2004.png,0,rahman,1118
data/raw/TB_Chest_Radiography_Database/Normal/Normal-2005.png,0,rahman,1119
data/raw/TB_Chest_Radiography_Database/Normal/Normal-2006.png,0,rahman,1120
data/raw/TB_Chest_Radiography_Database/Normal/Normal-2007.png,0,rahman,1121
data/raw/TB_Chest_Radiography_Database/Normal/Normal-2008.png,0,rahman,1122
data/raw/TB_Chest_Radiography_Database/Normal/Normal-2009.png,0,rahman,1123
data/raw/TB_Chest_Radiography_Database/Normal/Normal-201.png,0,rahman,1124
data/raw/TB_Chest_Radiography_Database/Normal/Normal-2010.png,0,rahman,1125
data/raw/TB_Chest_Radiography_Database/Normal/Normal-2011.png,0,rahman,1126
data/raw/TB_Chest_Radiography_Database/Normal/Normal-2012.png,0,rahman,1127
data/raw/TB_Chest_Radiography_Database/Normal/Normal-2013.png,0,rahman,1128
data/raw/TB_Chest_Radiography_Database/Normal/Normal-2014.png,0,rahman,1129
data/raw/TB_Chest_Radiography_Database/Normal/Normal-2015.png,0,rahman,1130
data/raw/TB_Chest_Radiography_Database/Normal/Normal-2016.png,0,rahman,1131
data/raw/TB_Chest_Radiography_Database/Normal/Normal-2017.png,0,rahman,1132
data/raw/TB_Chest_Radiography_Database/Normal/Normal-2018.png,0,rahman,1133
data/raw/TB_Chest_Radiography_Database/Normal/Normal-202.png,0,rahman,1135
data/raw/TB_Chest_Radiography_Database/Normal/Normal-2022.png,0,rahman,1138
data/raw/TB_Chest_Radiography_Database/Normal/Normal-2023.png,0,rahman,1139
data/raw/TB_Chest_Radiography_Database/Normal/Normal-2024.png,0,rahman,1140
data/raw/TB_Chest_Radiography_Database/Normal/Normal-2025.png,0,rahman,1141
data/raw/TB_Chest_Radiography_Database/Normal/Normal-2026.png,0,rahman,1142
data/raw/TB_Chest_Radiography_Database/Normal/Normal-2027.png,0,rahman,1143
data/raw/TB_Chest_Radiography_Database/Normal/Normal-2028.png,0,rahman,1144
data/raw/TB_Chest_Radiography_Database/Normal/Normal-2029.png,0,rahman,1145
data/raw/TB_Chest_Radiography_Database/Normal/Normal-203.png,0,rahman,1146
data/raw/TB_Chest_Radiography_Database/Normal/Normal-2030.png,0,rahman,1147
data/raw/TB_Chest_Radiography_Database/Normal/Normal-2032.png,0,rahman,1149
data/raw/TB_Chest_Radiography_Database/Normal/Normal-2033.png,0,rahman,1150
data/raw/TB_Chest_Radiography_Database/Normal/Normal-2034.png,0,rahman,1151
data/raw/TB_Chest_Radiography_Database/Normal/Normal-2035.png,0,rahman,1152
data/raw/TB_Chest_Radiography_Database/Normal/Normal-2036.png,0,rahman,1153
data/raw/TB_Chest_Radiography_Database/Normal/Normal-2037.png,0,rahman,1154
data/raw/TB_Chest_Radiography_Database/Normal/Normal-2038.png,0,rahman,1155
data/raw/TB_Chest_Radiography_Database/Normal/Normal-2039.png,0,rahman,1156
data/raw/TB_Chest_Radiography_Database/Normal/Normal-204.png,0,rahman,1157
data/raw/TB_Chest_Radiography_Database/Normal/Normal-2041.png,0,rahman,1159
data/raw/TB_Chest_Radiography_Database/Normal/Normal-2042.png,0,rahman,1160
data/raw/TB_Chest_Radiography_Database/Normal/Normal-2043.png,0,rahman,1161
data/raw/TB_Chest_Radiography_Database/Normal/Normal-2045.png,0,rahman,1163
data/raw/TB_Chest_Radiography_Database/Normal/Normal-2046.png,0,rahman,1164
data/raw/TB_Chest_Radiography_Database/Normal/Normal-2047.png,0,rahman,1165
data/raw/TB_Chest_Radiography_Database/Normal/Normal-2048.png,0,rahman,1166
data/raw/TB_Chest_Radiography_Database/Normal/Normal-2049.png,0,rahman,1167
data/raw/TB_Chest_Radiography_Database/Normal/Normal-205.png,0,rahman,1168
data/raw/TB_Chest_Radiography_Database/Normal/Normal-2050.png,0,rahman,1169
data/raw/TB_Chest_Radiography_Database/Normal/Normal-2051.png,0,rahman,1170
data/raw/TB_Chest_Radiography_Database/Normal/Normal-2052.png,0,rahman,1171
data/raw/TB_Chest_Radiography_Database/Normal/Normal-2054.png,0,rahman,1173
data/raw/TB_Chest_Radiography_Database/Normal/Normal-2055.png,0,rahman,1174
data/raw/TB_Chest_Radiography_Database/Normal/Normal-2056.png,0,rahman,1175
data/raw/TB_Chest_Radiography_Database/Normal/Normal-2058.png,0,rahman,1177
data/raw/TB_Chest_Radiography_Database/Normal/Normal-2059.png,0,rahman,1178
data/raw/TB_Chest_Radiography_Database/Normal/Normal-206.png,0,rahman,1179
data/raw/TB_Chest_Radiography_Database/Normal/Normal-2060.png,0,rahman,1180
data/raw/TB_Chest_Radiography_Database/Normal/Normal-2061.png,0,rahman,1181
data/raw/TB_Chest_Radiography_Database/Normal/Normal-2062.png,0,rahman,1182
data/raw/TB_Chest_Radiography_Database/Normal/Normal-2064.png,0,rahman,1184
data/raw/TB_Chest_Radiography_Database/Normal/Normal-2065.png,0,rahman,1185
data/raw/TB_Chest_Radiography_Database/Normal/Normal-2066.png,0,rahman,1186
data/raw/TB_Chest_Radiography_Database/Normal/Normal-2067.png,0,rahman,1187
data/raw/TB_Chest_Radiography_Database/Normal/Normal-2069.png,0,rahman,1189
data/raw/TB_Chest_Radiography_Database/Normal/Normal-207.png,0,rahman,1190
data/raw/TB_Chest_Radiography_Database/Normal/Normal-2070.png,0,rahman,1191
data/raw/TB_Chest_Radiography_Database/Normal/Normal-2071.png,0,rahman,1192
data/raw/TB_Chest_Radiography_Database/Normal/Normal-2072.png,0,rahman,1193
data/raw/TB_Chest_Radiography_Database/Normal/Normal-2073.png,0,rahman,1194
data/raw/TB_Chest_Radiography_Database/Normal/Normal-2074.png,0,rahman,1195
data/raw/TB_Chest_Radiography_Database/Normal/Normal-2075.png,0,rahman,1196
data/raw/TB_Chest_Radiography_Database/Normal/Normal-2078.png,0,rahman,1199
data/raw/TB_Chest_Radiography_Database/Normal/Normal-2079.png,0,rahman,1200
data/raw/TB_Chest_Radiography_Database/Normal/Normal-2081.png,0,rahman,1203
data/raw/TB_Chest_Radiography_Database/Normal/Normal-2082.png,0,rahman,1204
data/raw/TB_Chest_Radiography_Database/Normal/Normal-2083.png,0,rahman,1205
data/raw/TB_Chest_Radiography_Database/Normal/Normal-2084.png,0,rahman,1206
data/raw/TB_Chest_Radiography_Database/Normal/Normal-2085.png,0,rahman,1207
data/raw/TB_Chest_Radiography_Database/Normal/Normal-2086.png,0,rahman,1208
data/raw/TB_Chest_Radiography_Database/Normal/Normal-2088.png,0,rahman,1210
data/raw/TB_Chest_Radiography_Database/Normal/Normal-2089.png,0,rahman,1211
data/raw/TB_Chest_Radiography_Database/Normal/Normal-209.png,0,rahman,1212
data/raw/TB_Chest_Radiography_Database/Normal/Normal-2090.png,0,rahman,1213
data/raw/TB_Chest_Radiography_Database/Normal/Normal-2091.png,0,rahman,1214
data/raw/TB_Chest_Radiography_Database/Normal/Normal-2092.png,0,rahman,1215
data/raw/TB_Chest_Radiography_Database/Normal/Normal-2094.png,0,rahman,1217
data/raw/TB_Chest_Radiography_Database/Normal/Normal-2095.png,0,rahman,1218
data/raw/TB_Chest_Radiography_Database/Normal/Normal-2096.png,0,rahman,1219
data/raw/TB_Chest_Radiography_Database/Normal/Normal-2098.png,0,rahman,1221
data/raw/TB_Chest_Radiography_Database/Normal/Normal-2099.png,0,rahman,1222
data/raw/TB_Chest_Radiography_Database/Normal/Normal-21.png,0,rahman,1223
data/raw/TB_Chest_Radiography_Database/Normal/Normal-210.png,0,rahman,1224
data/raw/TB_Chest_Radiography_Database/Normal/Normal-2100.png,0,rahman,1225
data/raw/TB_Chest_Radiography_Database/Normal/Normal-2101.png,0,rahman,1226
data/raw/TB_Chest_Radiography_Database/Normal/Normal-2102.png,0,rahman,1227
data/raw/TB_Chest_Radiography_Database/Normal/Normal-2103.png,0,rahman,1228
data/raw/TB_Chest_Radiography_Database/Normal/Normal-2104.png,0,rahman,1229
data/raw/TB_Chest_Radiography_Database/Normal/Normal-2105.png,0,rahman,1230
data/raw/TB_Chest_Radiography_Database/Normal/Normal-2106.png,0,rahman,1231
data/raw/TB_Chest_Radiography_Database/Normal/Normal-2107.png,0,rahman,1232
data/raw/TB_Chest_Radiography_Database/Normal/Normal-2108.png,0,rahman,1233
data/raw/TB_Chest_Radiography_Database/Normal/Normal-2109.png,0,rahman,1234
data/raw/TB_Chest_Radiography_Database/Normal/Normal-211.png,0,rahman,1235
data/raw/TB_Chest_Radiography_Database/Normal/Normal-2110.png,0,rahman,1236
data/raw/TB_Chest_Radiography_Database/Normal/Normal-2111.png,0,rahman,1237
data/raw/TB_Chest_Radiography_Database/Normal/Normal-2112.png,0,rahman,1238
data/raw/TB_Chest_Radiography_Database/Normal/Normal-2113.png,0,rahman,1239
data/raw/TB_Chest_Radiography_Database/Normal/Normal-2114.png,0,rahman,1240
data/raw/TB_Chest_Radiography_Database/Normal/Normal-2116.png,0,rahman,1242
data/raw/TB_Chest_Radiography_Database/Normal/Normal-2117.png,0,rahman,1243
data/raw/TB_Chest_Radiography_Database/Normal/Normal-2118.png,0,rahman,1244
data/raw/TB_Chest_Radiography_Database/Normal/Normal-212.png,0,rahman,1246
data/raw/TB_Chest_Radiography_Database/Normal/Normal-2120.png,0,rahman,1247
data/raw/TB_Chest_Radiography_Database/Normal/Normal-2121.png,0,rahman,1248
data/raw/TB_Chest_Radiography_Database/Normal/Normal-2122.png,0,rahman,1249
data/raw/TB_Chest_Radiography_Database/Normal/Normal-2125.png,0,rahman,1252
data/raw/TB_Chest_Radiography_Database/Normal/Normal-2126.png,0,rahman,1253
data/raw/TB_Chest_Radiography_Database/Normal/Normal-2127.png,0,rahman,1254
data/raw/TB_Chest_Radiography_Database/Normal/Normal-2128.png,0,rahman,1255
data/raw/TB_Chest_Radiography_Database/Normal/Normal-2129.png,0,rahman,1256
data/raw/TB_Chest_Radiography_Database/Normal/Normal-213.png,0,rahman,1257
data/raw/TB_Chest_Radiography_Database/Normal/Normal-2130.png,0,rahman,1258
data/raw/TB_Chest_Radiography_Database/Normal/Normal-2132.png,0,rahman,1260
data/raw/TB_Chest_Radiography_Database/Normal/Normal-2133.png,0,rahman,1261
data/raw/TB_Chest_Radiography_Database/Normal/Normal-2136.png,0,rahman,1264
data/raw/TB_Chest_Radiography_Database/Normal/Normal-2137.png,0,rahman,1265
data/raw/TB_Chest_Radiography_Database/Normal/Normal-2139.png,0,rahman,1267
data/raw/TB_Chest_Radiography_Database/Normal/Normal-214.png,0,rahman,1268
data/raw/TB_Chest_Radiography_Database/Normal/Normal-2140.png,0,rahman,1269
data/raw/TB_Chest_Radiography_Database/Normal/Normal-2141.png,0,rahman,1270
data/raw/TB_Chest_Radiography_Database/Normal/Normal-2144.png,0,rahman,1273
data/raw/TB_Chest_Radiography_Database/Normal/Normal-2145.png,0,rahman,1274
data/raw/TB_Chest_Radiography_Database/Normal/Normal-2146.png,0,rahman,1275
data/raw/TB_Chest_Radiography_Database/Normal/Normal-2147.png,0,rahman,1276
data/raw/TB_Chest_Radiography_Database/Normal/Normal-2148.png,0,rahman,1277
data/raw/TB_Chest_Radiography_Database/Normal/Normal-215.png,0,rahman,1279
data/raw/TB_Chest_Radiography_Database/Normal/Normal-2150.png,0,rahman,1280
data/raw/TB_Chest_Radiography_Database/Normal/Normal-2151.png,0,rahman,1281
data/raw/TB_Chest_Radiography_Database/Normal/Normal-2152.png,0,rahman,1282
data/raw/TB_Chest_Radiography_Database/Normal/Normal-2153.png,0,rahman,1283
data/raw/TB_Chest_Radiography_Database/Normal/Normal-2154.png,0,rahman,1284
data/raw/TB_Chest_Radiography_Database/Normal/Normal-2155.png,0,rahman,1285
data/raw/TB_Chest_Radiography_Database/Normal/Normal-2156.png,0,rahman,1286
data/raw/TB_Chest_Radiography_Database/Normal/Normal-2157.png,0,rahman,1287
data/raw/TB_Chest_Radiography_Database/Normal/Normal-2158.png,0,rahman,1288
data/raw/TB_Chest_Radiography_Database/Normal/Normal-2159.png,0,rahman,1289
data/raw/TB_Chest_Radiography_Database/Normal/Normal-216.png,0,rahman,1290
data/raw/TB_Chest_Radiography_Database/Normal/Normal-2160.png,0,rahman,1291
data/raw/TB_Chest_Radiography_Database/Normal/Normal-2161.png,0,rahman,1292
data/raw/TB_Chest_Radiography_Database/Normal/Normal-2162.png,0,rahman,1293
data/raw/TB_Chest_Radiography_Database/Normal/Normal-2163.png,0,rahman,1294
data/raw/TB_Chest_Radiography_Database/Normal/Normal-2165.png,0,rahman,1296
data/raw/TB_Chest_Radiography_Database/Normal/Normal-2166.png,0,rahman,1297
data/raw/TB_Chest_Radiography_Database/Normal/Normal-2167.png,0,rahman,1298
data/raw/TB_Chest_Radiography_Database/Normal/Normal-2168.png,0,rahman,1299
data/raw/TB_Chest_Radiography_Database/Normal/Normal-2169.png,0,rahman,1300
data/raw/TB_Chest_Radiography_Database/Normal/Normal-217.png,0,rahman,1301
data/raw/TB_Chest_Radiography_Database/Normal/Normal-2170.png,0,rahman,1302
data/raw/TB_Chest_Radiography_Database/Normal/Normal-2171.png,0,rahman,1303
data/raw/TB_Chest_Radiography_Database/Normal/Normal-2172.png,0,rahman,1304
data/raw/TB_Chest_Radiography_Database/Normal/Normal-2173.png,0,rahman,1305
data/raw/TB_Chest_Radiography_Database/Normal/Normal-2174.png,0,rahman,1306
data/raw/TB_Chest_Radiography_Database/Normal/Normal-2175.png,0,rahman,1307
data/raw/TB_Chest_Radiography_Database/Normal/Normal-2176.png,0,rahman,1308
data/raw/TB_Chest_Radiography_Database/Normal/Normal-2178.png,0,rahman,1310
data/raw/TB_Chest_Radiography_Database/Normal/Normal-218.png,0,rahman,1312
data/raw/TB_Chest_Radiography_Database/Normal/Normal-2180.png,0,rahman,1313
data/raw/TB_Chest_Radiography_Database/Normal/Normal-2181.png,0,rahman,1314
data/raw/TB_Chest_Radiography_Database/Normal/Normal-2182.png,0,rahman,1315
data/raw/TB_Chest_Radiography_Database/Normal/Normal-2183.png,0,rahman,1316
data/raw/TB_Chest_Radiography_Database/Normal/Normal-2184.png,0,rahman,1317
data/raw/TB_Chest_Radiography_Database/Normal/Normal-2185.png,0,rahman,1318
data/raw/TB_Chest_Radiography_Database/Normal/Normal-2186.png,0,rahman,1319
data/raw/TB_Chest_Radiography_Database/Normal/Normal-2187.png,0,rahman,1320
data/raw/TB_Chest_Radiography_Database/Normal/Normal-2188.png,0,rahman,1321
data/raw/TB_Chest_Radiography_Database/Normal/Normal-2189.png,0,rahman,1322
data/raw/TB_Chest_Radiography_Database/Normal/Normal-219.png,0,rahman,1323
data/raw/TB_Chest_Radiography_Database/Normal/Normal-2190.png,0,rahman,1324
data/raw/TB_Chest_Radiography_Database/Normal/Normal-2191.png,0,rahman,1325
data/raw/TB_Chest_Radiography_Database/Normal/Normal-2192.png,0,rahman,1326
data/raw/TB_Chest_Radiography_Database/Normal/Normal-2193.png,0,rahman,1327
data/raw/TB_Chest_Radiography_Database/Normal/Normal-2194.png,0,rahman,1328
data/raw/TB_Chest_Radiography_Database/Normal/Normal-2195.png,0,rahman,1329
data/raw/TB_Chest_Radiography_Database/Normal/Normal-2196.png,0,rahman,1330
data/raw/TB_Chest_Radiography_Database/Normal/Normal-2198.png,0,rahman,1332
data/raw/TB_Chest_Radiography_Database/Normal/Normal-2199.png,0,rahman,1333
data/raw/TB_Chest_Radiography_Database/Normal/Normal-22.png,0,rahman,1334
data/raw/TB_Chest_Radiography_Database/Normal/Normal-220.png,0,rahman,1335
data/raw/TB_Chest_Radiography_Database/Normal/Normal-2200.png,0,rahman,1336
data/raw/TB_Chest_Radiography_Database/Normal/Normal-2201.png,0,rahman,1337
data/raw/TB_Chest_Radiography_Database/Normal/Normal-2202.png,0,rahman,1338
data/raw/TB_Chest_Radiography_Database/Normal/Normal-2203.png,0,rahman,1339
data/raw/TB_Chest_Radiography_Database/Normal/Normal-2204.png,0,rahman,1340
data/raw/TB_Chest_Radiography_Database/Normal/Normal-2205.png,0,rahman,1341
data/raw/TB_Chest_Radiography_Database/Normal/Normal-2206.png,0,rahman,1342
data/raw/TB_Chest_Radiography_Database/Normal/Normal-2207.png,0,rahman,1343
data/raw/TB_Chest_Radiography_Database/Normal/Normal-2209.png,0,rahman,1345
data/raw/TB_Chest_Radiography_Database/Normal/Normal-221.png,0,rahman,1346
data/raw/TB_Chest_Radiography_Database/Normal/Normal-2210.png,0,rahman,1347
data/raw/TB_Chest_Radiography_Database/Normal/Normal-2211.png,0,rahman,1348
data/raw/TB_Chest_Radiography_Database/Normal/Normal-2212.png,0,rahman,1349
data/raw/TB_Chest_Radiography_Database/Normal/Normal-2213.png,0,rahman,1350
data/raw/TB_Chest_Radiography_Database/Normal/Normal-2214.png,0,rahman,1351
data/raw/TB_Chest_Radiography_Database/Normal/Normal-2215.png,0,rahman,1352
data/raw/TB_Chest_Radiography_Database/Normal/Normal-2216.png,0,rahman,1353
data/raw/TB_Chest_Radiography_Database/Normal/Normal-2218.png,0,rahman,1355
data/raw/TB_Chest_Radiography_Database/Normal/Normal-2219.png,0,rahman,1356
data/raw/TB_Chest_Radiography_Database/Normal/Normal-222.png,0,rahman,1357
data/raw/TB_Chest_Radiography_Database/Normal/Normal-2221.png,0,rahman,1359
data/raw/TB_Chest_Radiography_Database/Normal/Normal-2222.png,0,rahman,1360
data/raw/TB_Chest_Radiography_Database/Normal/Normal-2223.png,0,rahman,1361
data/raw/TB_Chest_Radiography_Database/Normal/Normal-2224.png,0,rahman,1362
data/raw/TB_Chest_Radiography_Database/Normal/Normal-2225.png,0,rahman,1363
data/raw/TB_Chest_Radiography_Database/Normal/Normal-2226.png,0,rahman,1364
data/raw/TB_Chest_Radiography_Database/Normal/Normal-2227.png,0,rahman,1365
data/raw/TB_Chest_Radiography_Database/Normal/Normal-2229.png,0,rahman,1367
data/raw/TB_Chest_Radiography_Database/Normal/Normal-223.png,0,rahman,1368
data/raw/TB_Chest_Radiography_Database/Normal/Normal-2231.png,0,rahman,1370
data/raw/TB_Chest_Radiography_Database/Normal/Normal-2234.png,0,rahman,1373
data/raw/TB_Chest_Radiography_Database/Normal/Normal-2235.png,0,rahman,1374
data/raw/TB_Chest_Radiography_Database/Normal/Normal-2236.png,0,rahman,1375
data/raw/TB_Chest_Radiography_Database/Normal/Normal-2237.png,0,rahman,1376
data/raw/TB_Chest_Radiography_Database/Normal/Normal-2238.png,0,rahman,1377
data/raw/TB_Chest_Radiography_Database/Normal/Normal-2239.png,0,rahman,1378
data/raw/TB_Chest_Radiography_Database/Normal/Normal-224.png,0,rahman,1379
data/raw/TB_Chest_Radiography_Database/Normal/Normal-2240.png,0,rahman,1380
data/raw/TB_Chest_Radiography_Database/Normal/Normal-2241.png,0,rahman,1381
data/raw/TB_Chest_Radiography_Database/Normal/Normal-2242.png,0,rahman,1382
data/raw/TB_Chest_Radiography_Database/Normal/Normal-2243.png,0,rahman,1383
data/raw/TB_Chest_Radiography_Database/Normal/Normal-2245.png,0,rahman,1385
data/raw/TB_Chest_Radiography_Database/Normal/Normal-2246.png,0,rahman,1386
data/raw/TB_Chest_Radiography_Database/Normal/Normal-2247.png,0,rahman,1387
data/raw/TB_Chest_Radiography_Database/Normal/Normal-2248.png,0,rahman,1388
data/raw/TB_Chest_Radiography_Database/Normal/Normal-2249.png,0,rahman,1389
data/raw/TB_Chest_Radiography_Database/Normal/Normal-225.png,0,rahman,1390
data/raw/TB_Chest_Radiography_Database/Normal/Normal-2250.png,0,rahman,1391
data/raw/TB_Chest_Radiography_Database/Normal/Normal-2251.png,0,rahman,1392
data/raw/TB_Chest_Radiography_Database/Normal/Normal-2252.png,0,rahman,1393
data/raw/TB_Chest_Radiography_Database/Normal/Normal-2253.png,0,rahman,1394
data/raw/TB_Chest_Radiography_Database/Normal/Normal-2254.png,0,rahman,1395
data/raw/TB_Chest_Radiography_Database/Normal/Normal-2255.png,0,rahman,1396
data/raw/TB_Chest_Radiography_Database/Normal/Normal-2259.png,0,rahman,1400
data/raw/TB_Chest_Radiography_Database/Normal/Normal-226.png,0,rahman,1401
data/raw/TB_Chest_Radiography_Database/Normal/Normal-2260.png,0,rahman,1402
data/raw/TB_Chest_Radiography_Database/Normal/Normal-2261.png,0,rahman,1403
data/raw/TB_Chest_Radiography_Database/Normal/Normal-2262.png,0,rahman,1404
data/raw/TB_Chest_Radiography_Database/Normal/Normal-2264.png,0,rahman,1406
data/raw/TB_Chest_Radiography_Database/Normal/Normal-2265.png,0,rahman,1407
data/raw/TB_Chest_Radiography_Database/Normal/Normal-2266.png,0,rahman,1408
data/raw/TB_Chest_Radiography_Database/Normal/Normal-2268.png,0,rahman,1410
data/raw/TB_Chest_Radiography_Database/Normal/Normal-2269.png,0,rahman,1411
data/raw/TB_Chest_Radiography_Database/Normal/Normal-227.png,0,rahman,1412
data/raw/TB_Chest_Radiography_Database/Normal/Normal-2271.png,0,rahman,1414
data/raw/TB_Chest_Radiography_Database/Normal/Normal-2273.png,0,rahman,1416
data/raw/TB_Chest_Radiography_Database/Normal/Normal-2274.png,0,rahman,1417
data/raw/TB_Chest_Radiography_Database/Normal/Normal-2275.png,0,rahman,1418
data/raw/TB_Chest_Radiography_Database/Normal/Normal-2276.png,0,rahman,1419
data/raw/TB_Chest_Radiography_Database/Normal/Normal-2278.png,0,rahman,1421
data/raw/TB_Chest_Radiography_Database/Normal/Normal-2279.png,0,rahman,1422
data/raw/TB_Chest_Radiography_Database/Normal/Normal-228.png,0,rahman,1423
data/raw/TB_Chest_Radiography_Database/Normal/Normal-2280.png,0,rahman,1424
data/raw/TB_Chest_Radiography_Database/Normal/Normal-2281.png,0,rahman,1425
data/raw/TB_Chest_Radiography_Database/Normal/Normal-2282.png,0,rahman,1426
data/raw/TB_Chest_Radiography_Database/Normal/Normal-2283.png,0,rahman,1427
data/raw/TB_Chest_Radiography_Database/Normal/Normal-2284.png,0,rahman,1428
data/raw/TB_Chest_Radiography_Database/Normal/Normal-2285.png,0,rahman,1429
data/raw/TB_Chest_Radiography_Database/Normal/Normal-2286.png,0,rahman,1430
data/raw/TB_Chest_Radiography_Database/Normal/Normal-2288.png,0,rahman,1432
data/raw/TB_Chest_Radiography_Database/Normal/Normal-229.png,0,rahman,1434
data/raw/TB_Chest_Radiography_Database/Normal/Normal-2290.png,0,rahman,1435
data/raw/TB_Chest_Radiography_Database/Normal/Normal-2291.png,0,rahman,1436
data/raw/TB_Chest_Radiography_Database/Normal/Normal-2292.png,0,rahman,1437
data/raw/TB_Chest_Radiography_Database/Normal/Normal-2293.png,0,rahman,1438
data/raw/TB_Chest_Radiography_Database/Normal/Normal-2295.png,0,rahman,1440
data/raw/TB_Chest_Radiography_Database/Normal/Normal-2296.png,0,rahman,1441
data/raw/TB_Chest_Radiography_Database/Normal/Normal-2297.png,0,rahman,1442
data/raw/TB_Chest_Radiography_Database/Normal/Normal-2298.png,0,rahman,1443
data/raw/TB_Chest_Radiography_Database/Normal/Normal-2299.png,0,rahman,1444
data/raw/TB_Chest_Radiography_Database/Normal/Normal-23.png,0,rahman,1445
data/raw/TB_Chest_Radiography_Database/Normal/Normal-230.png,0,rahman,1446
data/raw/TB_Chest_Radiography_Database/Normal/Normal-2300.png,0,rahman,1447
data/raw/TB_Chest_Radiography_Database/Normal/Normal-2301.png,0,rahman,1448
data/raw/TB_Chest_Radiography_Database/Normal/Normal-2302.png,0,rahman,1449
data/raw/TB_Chest_Radiography_Database/Normal/Normal-2303.png,0,rahman,1450
data/raw/TB_Chest_Radiography_Database/Normal/Normal-2304.png,0,rahman,1451
data/raw/TB_Chest_Radiography_Database/Normal/Normal-2305.png,0,rahman,1452
data/raw/TB_Chest_Radiography_Database/Normal/Normal-2306.png,0,rahman,1453
data/raw/TB_Chest_Radiography_Database/Normal/Normal-2307.png,0,rahman,1454
data/raw/TB_Chest_Radiography_Database/Normal/Normal-2308.png,0,rahman,1455
data/raw/TB_Chest_Radiography_Database/Normal/Normal-2309.png,0,rahman,1456
data/raw/TB_Chest_Radiography_Database/Normal/Normal-231.png,0,rahman,1457
data/raw/TB_Chest_Radiography_Database/Normal/Normal-2310.png,0,rahman,1458
data/raw/TB_Chest_Radiography_Database/Normal/Normal-2311.png,0,rahman,1459
data/raw/TB_Chest_Radiography_Database/Normal/Normal-2312.png,0,rahman,1460
data/raw/TB_Chest_Radiography_Database/Normal/Normal-2314.png,0,rahman,1462
data/raw/TB_Chest_Radiography_Database/Normal/Normal-2316.png,0,rahman,1464
data/raw/TB_Chest_Radiography_Database/Normal/Normal-2317.png,0,rahman,1465
data/raw/TB_Chest_Radiography_Database/Normal/Normal-232.png,0,rahman,1468
data/raw/TB_Chest_Radiography_Database/Normal/Normal-2320.png,0,rahman,1469
data/raw/TB_Chest_Radiography_Database/Normal/Normal-2321.png,0,rahman,1470
data/raw/TB_Chest_Radiography_Database/Normal/Normal-2322.png,0,rahman,1471
data/raw/TB_Chest_Radiography_Database/Normal/Normal-2324.png,0,rahman,1473
data/raw/TB_Chest_Radiography_Database/Normal/Normal-2325.png,0,rahman,1474
data/raw/TB_Chest_Radiography_Database/Normal/Normal-2326.png,0,rahman,1475
data/raw/TB_Chest_Radiography_Database/Normal/Normal-2327.png,0,rahman,1476
data/raw/TB_Chest_Radiography_Database/Normal/Normal-2328.png,0,rahman,1477
data/raw/TB_Chest_Radiography_Database/Normal/Normal-2329.png,0,rahman,1478
data/raw/TB_Chest_Radiography_Database/Normal/Normal-233.png,0,rahman,1479
data/raw/TB_Chest_Radiography_Database/Normal/Normal-2330.png,0,rahman,1480
data/raw/TB_Chest_Radiography_Database/Normal/Normal-2331.png,0,rahman,1481
data/raw/TB_Chest_Radiography_Database/Normal/Normal-2332.png,0,rahman,1482
data/raw/TB_Chest_Radiography_Database/Normal/Normal-2333.png,0,rahman,1483
data/raw/TB_Chest_Radiography_Database/Normal/Normal-2334.png,0,rahman,1484
data/raw/TB_Chest_Radiography_Database/Normal/Normal-2335.png,0,rahman,1485
data/raw/TB_Chest_Radiography_Database/Normal/Normal-2336.png,0,rahman,1486
data/raw/TB_Chest_Radiography_Database/Normal/Normal-2337.png,0,rahman,1487
data/raw/TB_Chest_Radiography_Database/Normal/Normal-2338.png,0,rahman,1488
data/raw/TB_Chest_Radiography_Database/Normal/Normal-2339.png,0,rahman,1489
data/raw/TB_Chest_Radiography_Database/Normal/Normal-234.png,0,rahman,1490
data/raw/TB_Chest_Radiography_Database/Normal/Normal-2340.png,0,rahman,1491
data/raw/TB_Chest_Radiography_Database/Normal/Normal-2341.png,0,rahman,1492
data/raw/TB_Chest_Radiography_Database/Normal/Normal-2343.png,0,rahman,1494
data/raw/TB_Chest_Radiography_Database/Normal/Normal-2344.png,0,rahman,1495
data/raw/TB_Chest_Radiography_Database/Normal/Normal-2345.png,0,rahman,1496
data/raw/TB_Chest_Radiography_Database/Normal/Normal-2346.png,0,rahman,1497
data/raw/TB_Chest_Radiography_Database/Normal/Normal-2347.png,0,rahman,1498
data/raw/TB_Chest_Radiography_Database/Normal/Normal-2348.png,0,rahman,1499
data/raw/TB_Chest_Radiography_Database/Normal/Normal-2349.png,0,rahman,1500
data/raw/TB_Chest_Radiography_Database/Normal/Normal-235.png,0,rahman,1501
data/raw/TB_Chest_Radiography_Database/Normal/Normal-2350.png,0,rahman,1502
data/raw/TB_Chest_Radiography_Database/Normal/Normal-2351.png,0,rahman,1503
data/raw/TB_Chest_Radiography_Database/Normal/Normal-2352.png,0,rahman,1504
data/raw/TB_Chest_Radiography_Database/Normal/Normal-2353.png,0,rahman,1505
data/raw/TB_Chest_Radiography_Database/Normal/Normal-2354.png,0,rahman,1506
data/raw/TB_Chest_Radiography_Database/Normal/Normal-2356.png,0,rahman,1508
data/raw/TB_Chest_Radiography_Database/Normal/Normal-2357.png,0,rahman,1509
data/raw/TB_Chest_Radiography_Database/Normal/Normal-2358.png,0,rahman,1510
data/raw/TB_Chest_Radiography_Database/Normal/Normal-2359.png,0,rahman,1511
data/raw/TB_Chest_Radiography_Database/Normal/Normal-236.png,0,rahman,1512
data/raw/TB_Chest_Radiography_Database/Normal/Normal-2360.png,0,rahman,1513
data/raw/TB_Chest_Radiography_Database/Normal/Normal-2362.png,0,rahman,1515
data/raw/TB_Chest_Radiography_Database/Normal/Normal-2363.png,0,rahman,1516
data/raw/TB_Chest_Radiography_Database/Normal/Normal-2364.png,0,rahman,1517
data/raw/TB_Chest_Radiography_Database/Normal/Normal-2365.png,0,rahman,1518
data/raw/TB_Chest_Radiography_Database/Normal/Normal-2368.png,0,rahman,1521
data/raw/TB_Chest_Radiography_Database/Normal/Normal-2369.png,0,rahman,1522
data/raw/TB_Chest_Radiography_Database/Normal/Normal-237.png,0,rahman,1523
data/raw/TB_Chest_Radiography_Database/Normal/Normal-2370.png,0,rahman,1524
data/raw/TB_Chest_Radiography_Database/Normal/Normal-2371.png,0,rahman,1525
data/raw/TB_Chest_Radiography_Database/Normal/Normal-2372.png,0,rahman,1526
data/raw/TB_Chest_Radiography_Database/Normal/Normal-2373.png,0,rahman,1527
data/raw/TB_Chest_Radiography_Database/Normal/Normal-2374.png,0,rahman,1528
data/raw/TB_Chest_Radiography_Database/Normal/Normal-2375.png,0,rahman,1529
data/raw/TB_Chest_Radiography_Database/Normal/Normal-2376.png,0,rahman,1530
data/raw/TB_Chest_Radiography_Database/Normal/Normal-2377.png,0,rahman,1531
data/raw/TB_Chest_Radiography_Database/Normal/Normal-2378.png,0,rahman,1532
data/raw/TB_Chest_Radiography_Database/Normal/Normal-2379.png,0,rahman,1533
data/raw/TB_Chest_Radiography_Database/Normal/Normal-238.png,0,rahman,1534
data/raw/TB_Chest_Radiography_Database/Normal/Normal-2381.png,0,rahman,1536
data/raw/TB_Chest_Radiography_Database/Normal/Normal-2382.png,0,rahman,1537
data/raw/TB_Chest_Radiography_Database/Normal/Normal-2383.png,0,rahman,1538
data/raw/TB_Chest_Radiography_Database/Normal/Normal-2384.png,0,rahman,1539
data/raw/TB_Chest_Radiography_Database/Normal/Normal-2387.png,0,rahman,1542
data/raw/TB_Chest_Radiography_Database/Normal/Normal-2388.png,0,rahman,1543
data/raw/TB_Chest_Radiography_Database/Normal/Normal-2389.png,0,rahman,1544
data/raw/TB_Chest_Radiography_Database/Normal/Normal-2390.png,0,rahman,1546
data/raw/TB_Chest_Radiography_Database/Normal/Normal-2391.png,0,rahman,1547
data/raw/TB_Chest_Radiography_Database/Normal/Normal-2392.png,0,rahman,1548
data/raw/TB_Chest_Radiography_Database/Normal/Normal-2393.png,0,rahman,1549
data/raw/TB_Chest_Radiography_Database/Normal/Normal-2394.png,0,rahman,1550
data/raw/TB_Chest_Radiography_Database/Normal/Normal-2395.png,0,rahman,1551
data/raw/TB_Chest_Radiography_Database/Normal/Normal-2396.png,0,rahman,1552
data/raw/TB_Chest_Radiography_Database/Normal/Normal-2397.png,0,rahman,1553
data/raw/TB_Chest_Radiography_Database/Normal/Normal-2398.png,0,rahman,1554
data/raw/TB_Chest_Radiography_Database/Normal/Normal-2399.png,0,rahman,1555
data/raw/TB_Chest_Radiography_Database/Normal/Normal-240.png,0,rahman,1557
data/raw/TB_Chest_Radiography_Database/Normal/Normal-2400.png,0,rahman,1558
data/raw/TB_Chest_Radiography_Database/Normal/Normal-2401.png,0,rahman,1559
data/raw/TB_Chest_Radiography_Database/Normal/Normal-2402.png,0,rahman,1560
data/raw/TB_Chest_Radiography_Database/Normal/Normal-2403.png,0,rahman,1561
data/raw/TB_Chest_Radiography_Database/Normal/Normal-2404.png,0,rahman,1562
data/raw/TB_Chest_Radiography_Database/Normal/Normal-2406.png,0,rahman,1564
data/raw/TB_Chest_Radiography_Database/Normal/Normal-2407.png,0,rahman,1565
data/raw/TB_Chest_Radiography_Database/Normal/Normal-2408.png,0,rahman,1566
data/raw/TB_Chest_Radiography_Database/Normal/Normal-2409.png,0,rahman,1567
data/raw/TB_Chest_Radiography_Database/Normal/Normal-241.png,0,rahman,1568
data/raw/TB_Chest_Radiography_Database/Normal/Normal-2410.png,0,rahman,1569
data/raw/TB_Chest_Radiography_Database/Normal/Normal-2411.png,0,rahman,1570
data/raw/TB_Chest_Radiography_Database/Normal/Normal-2412.png,0,rahman,1571
data/raw/TB_Chest_Radiography_Database/Normal/Normal-2413.png,0,rahman,1572
data/raw/TB_Chest_Radiography_Database/Normal/Normal-2414.png,0,rahman,1573
data/raw/TB_Chest_Radiography_Database/Normal/Normal-2415.png,0,rahman,1574
data/raw/TB_Chest_Radiography_Database/Normal/Normal-2416.png,0,rahman,1575
data/raw/TB_Chest_Radiography_Database/Normal/Normal-2418.png,0,rahman,1577
data/raw/TB_Chest_Radiography_Database/Normal/Normal-2419.png,0,rahman,1578
data/raw/TB_Chest_Radiography_Database/Normal/Normal-242.png,0,rahman,1579
data/raw/TB_Chest_Radiography_Database/Normal/Normal-2420.png,0,rahman,1580
data/raw/TB_Chest_Radiography_Database/Normal/Normal-2421.png,0,rahman,1581
data/raw/TB_Chest_Radiography_Database/Normal/Normal-2423.png,0,rahman,1583
data/raw/TB_Chest_Radiography_Database/Normal/Normal-2424.png,0,rahman,1584
data/raw/TB_Chest_Radiography_Database/Normal/Normal-2425.png,0,rahman,1585
data/raw/TB_Chest_Radiography_Database/Normal/Normal-2426.png,0,rahman,1586
data/raw/TB_Chest_Radiography_Database/Normal/Normal-2429.png,0,rahman,1589
data/raw/TB_Chest_Radiography_Database/Normal/Normal-243.png,0,rahman,1590
data/raw/TB_Chest_Radiography_Database/Normal/Normal-2432.png,0,rahman,1593
data/raw/TB_Chest_Radiography_Database/Normal/Normal-2433.png,0,rahman,1594
data/raw/TB_Chest_Radiography_Database/Normal/Normal-2436.png,0,rahman,1597
data/raw/TB_Chest_Radiography_Database/Normal/Normal-2437.png,0,rahman,1598
data/raw/TB_Chest_Radiography_Database/Normal/Normal-2439.png,0,rahman,1600
data/raw/TB_Chest_Radiography_Database/Normal/Normal-244.png,0,rahman,1601
data/raw/TB_Chest_Radiography_Database/Normal/Normal-2440.png,0,rahman,1602
data/raw/TB_Chest_Radiography_Database/Normal/Normal-2441.png,0,rahman,1603
data/raw/TB_Chest_Radiography_Database/Normal/Normal-2442.png,0,rahman,1604
data/raw/TB_Chest_Radiography_Database/Normal/Normal-2443.png,0,rahman,1605
data/raw/TB_Chest_Radiography_Database/Normal/Normal-2444.png,0,rahman,1606
data/raw/TB_Chest_Radiography_Database/Normal/Normal-2447.png,0,rahman,1609
data/raw/TB_Chest_Radiography_Database/Normal/Normal-2448.png,0,rahman,1610
data/raw/TB_Chest_Radiography_Database/Normal/Normal-2449.png,0,rahman,1611
data/raw/TB_Chest_Radiography_Database/Normal/Normal-2450.png,0,rahman,1613
data/raw/TB_Chest_Radiography_Database/Normal/Normal-2451.png,0,rahman,1614
data/raw/TB_Chest_Radiography_Database/Normal/Normal-2452.png,0,rahman,1615
data/raw/TB_Chest_Radiography_Database/Normal/Normal-2453.png,0,rahman,1616
data/raw/TB_Chest_Radiography_Database/Normal/Normal-2455.png,0,rahman,1618
data/raw/TB_Chest_Radiography_Database/Normal/Normal-2456.png,0,rahman,1619
data/raw/TB_Chest_Radiography_Database/Normal/Normal-2457.png,0,rahman,1620
data/raw/TB_Chest_Radiography_Database/Normal/Normal-2458.png,0,rahman,1621
data/raw/TB_Chest_Radiography_Database/Normal/Normal-2459.png,0,rahman,1622
data/raw/TB_Chest_Radiography_Database/Normal/Normal-246.png,0,rahman,1623
data/raw/TB_Chest_Radiography_Database/Normal/Normal-2460.png,0,rahman,1624
data/raw/TB_Chest_Radiography_Database/Normal/Normal-2461.png,0,rahman,1625
data/raw/TB_Chest_Radiography_Database/Normal/Normal-2462.png,0,rahman,1626
data/raw/TB_Chest_Radiography_Database/Normal/Normal-2463.png,0,rahman,1627
data/raw/TB_Chest_Radiography_Database/Normal/Normal-2464.png,0,rahman,1628
data/raw/TB_Chest_Radiography_Database/Normal/Normal-2465.png,0,rahman,1629
data/raw/TB_Chest_Radiography_Database/Normal/Normal-2466.png,0,rahman,1630
data/raw/TB_Chest_Radiography_Database/Normal/Normal-2467.png,0,rahman,1631
data/raw/TB_Chest_Radiography_Database/Normal/Normal-2468.png,0,rahman,1632
data/raw/TB_Chest_Radiography_Database/Normal/Normal-2469.png,0,rahman,1633
data/raw/TB_Chest_Radiography_Database/Normal/Normal-247.png,0,rahman,1634
data/raw/TB_Chest_Radiography_Database/Normal/Normal-2470.png,0,rahman,1635
data/raw/TB_Chest_Radiography_Database/Normal/Normal-2471.png,0,rahman,1636
data/raw/TB_Chest_Radiography_Database/Normal/Normal-2473.png,0,rahman,1638
data/raw/TB_Chest_Radiography_Database/Normal/Normal-2474.png,0,rahman,1639
data/raw/TB_Chest_Radiography_Database/Normal/Normal-2475.png,0,rahman,1640
data/raw/TB_Chest_Radiography_Database/Normal/Normal-2476.png,0,rahman,1641
data/raw/TB_Chest_Radiography_Database/Normal/Normal-2477.png,0,rahman,1642
data/raw/TB_Chest_Radiography_Database/Normal/Normal-2479.png,0,rahman,1644
data/raw/TB_Chest_Radiography_Database/Normal/Normal-248.png,0,rahman,1645
data/raw/TB_Chest_Radiography_Database/Normal/Normal-2480.png,0,rahman,1646
data/raw/TB_Chest_Radiography_Database/Normal/Normal-2482.png,0,rahman,1648
data/raw/TB_Chest_Radiography_Database/Normal/Normal-2483.png,0,rahman,1649
data/raw/TB_Chest_Radiography_Database/Normal/Normal-2484.png,0,rahman,1650
data/raw/TB_Chest_Radiography_Database/Normal/Normal-2485.png,0,rahman,1651
data/raw/TB_Chest_Radiography_Database/Normal/Normal-2488.png,0,rahman,1654
data/raw/TB_Chest_Radiography_Database/Normal/Normal-249.png,0,rahman,1656
data/raw/TB_Chest_Radiography_Database/Normal/Normal-2490.png,0,rahman,1657
data/raw/TB_Chest_Radiography_Database/Normal/Normal-2491.png,0,rahman,1658
data/raw/TB_Chest_Radiography_Database/Normal/Normal-2492.png,0,rahman,1659
data/raw/TB_Chest_Radiography_Database/Normal/Normal-2493.png,0,rahman,1660
data/raw/TB_Chest_Radiography_Database/Normal/Normal-2494.png,0,rahman,1661
data/raw/TB_Chest_Radiography_Database/Normal/Normal-2495.png,0,rahman,1662
data/raw/TB_Chest_Radiography_Database/Normal/Normal-2496.png,0,rahman,1663
data/raw/TB_Chest_Radiography_Database/Normal/Normal-2497.png,0,rahman,1664
data/raw/TB_Chest_Radiography_Database/Normal/Normal-2498.png,0,rahman,1665
data/raw/TB_Chest_Radiography_Database/Normal/Normal-2499.png,0,rahman,1666
data/raw/TB_Chest_Radiography_Database/Normal/Normal-25.png,0,rahman,1667
data/raw/TB_Chest_Radiography_Database/Normal/Normal-250.png,0,rahman,1668
data/raw/TB_Chest_Radiography_Database/Normal/Normal-2500.png,0,rahman,1669
data/raw/TB_Chest_Radiography_Database/Normal/Normal-2501.png,0,rahman,1670
data/raw/TB_Chest_Radiography_Database/Normal/Normal-2502.png,0,rahman,1671
data/raw/TB_Chest_Radiography_Database/Normal/Normal-2504.png,0,rahman,1673
data/raw/TB_Chest_Radiography_Database/Normal/Normal-2505.png,0,rahman,1674
data/raw/TB_Chest_Radiography_Database/Normal/Normal-2506.png,0,rahman,1675
data/raw/TB_Chest_Radiography_Database/Normal/Normal-2507.png,0,rahman,1676
data/raw/TB_Chest_Radiography_Database/Normal/Normal-2509.png,0,rahman,1678
data/raw/TB_Chest_Radiography_Database/Normal/Normal-2510.png,0,rahman,1680
data/raw/TB_Chest_Radiography_Database/Normal/Normal-2511.png,0,rahman,1681
data/raw/TB_Chest_Radiography_Database/Normal/Normal-2512.png,0,rahman,1682
data/raw/TB_Chest_Radiography_Database/Normal/Normal-2513.png,0,rahman,1683
data/raw/TB_Chest_Radiography_Database/Normal/Normal-2514.png,0,rahman,1684
data/raw/TB_Chest_Radiography_Database/Normal/Normal-2515.png,0,rahman,1685
data/raw/TB_Chest_Radiography_Database/Normal/Normal-2517.png,0,rahman,1687
data/raw/TB_Chest_Radiography_Database/Normal/Normal-2518.png,0,rahman,1688
data/raw/TB_Chest_Radiography_Database/Normal/Normal-2519.png,0,rahman,1689
data/raw/TB_Chest_Radiography_Database/Normal/Normal-252.png,0,rahman,1690
data/raw/TB_Chest_Radiography_Database/Normal/Normal-2522.png,0,rahman,1693
data/raw/TB_Chest_Radiography_Database/Normal/Normal-2523.png,0,rahman,1694
data/raw/TB_Chest_Radiography_Database/Normal/Normal-2525.png,0,rahman,1696
data/raw/TB_Chest_Radiography_Database/Normal/Normal-2526.png,0,rahman,1697
data/raw/TB_Chest_Radiography_Database/Normal/Normal-2527.png,0,rahman,1698
data/raw/TB_Chest_Radiography_Database/Normal/Normal-2528.png,0,rahman,1699
data/raw/TB_Chest_Radiography_Database/Normal/Normal-2529.png,0,rahman,1700
data/raw/TB_Chest_Radiography_Database/Normal/Normal-253.png,0,rahman,1701
data/raw/TB_Chest_Radiography_Database/Normal/Normal-2530.png,0,rahman,1702
data/raw/TB_Chest_Radiography_Database/Normal/Normal-2531.png,0,rahman,1703
data/raw/TB_Chest_Radiography_Database/Normal/Normal-2532.png,0,rahman,1704
data/raw/TB_Chest_Radiography_Database/Normal/Normal-2533.png,0,rahman,1705
data/raw/TB_Chest_Radiography_Database/Normal/Normal-2534.png,0,rahman,1706
data/raw/TB_Chest_Radiography_Database/Normal/Normal-2535.png,0,rahman,1707
data/raw/TB_Chest_Radiography_Database/Normal/Normal-2536.png,0,rahman,1708
data/raw/TB_Chest_Radiography_Database/Normal/Normal-2537.png,0,rahman,1709
data/raw/TB_Chest_Radiography_Database/Normal/Normal-2538.png,0,rahman,1710
data/raw/TB_Chest_Radiography_Database/Normal/Normal-2539.png,0,rahman,1711
data/raw/TB_Chest_Radiography_Database/Normal/Normal-254.png,0,rahman,1712
data/raw/TB_Chest_Radiography_Database/Normal/Normal-2540.png,0,rahman,1713
data/raw/TB_Chest_Radiography_Database/Normal/Normal-2541.png,0,rahman,1714
data/raw/TB_Chest_Radiography_Database/Normal/Normal-2542.png,0,rahman,1715
data/raw/TB_Chest_Radiography_Database/Normal/Normal-2545.png,0,rahman,1718
data/raw/TB_Chest_Radiography_Database/Normal/Normal-2546.png,0,rahman,1719
data/raw/TB_Chest_Radiography_Database/Normal/Normal-2547.png,0,rahman,1720
data/raw/TB_Chest_Radiography_Database/Normal/Normal-2548.png,0,rahman,1721
data/raw/TB_Chest_Radiography_Database/Normal/Normal-2549.png,0,rahman,1722
data/raw/TB_Chest_Radiography_Database/Normal/Normal-255.png,0,rahman,1723
data/raw/TB_Chest_Radiography_Database/Normal/Normal-2550.png,0,rahman,1724
data/raw/TB_Chest_Radiography_Database/Normal/Normal-2552.png,0,rahman,1726
data/raw/TB_Chest_Radiography_Database/Normal/Normal-2554.png,0,rahman,1728
data/raw/TB_Chest_Radiography_Database/Normal/Normal-2555.png,0,rahman,1729
data/raw/TB_Chest_Radiography_Database/Normal/Normal-2557.png,0,rahman,1731
data/raw/TB_Chest_Radiography_Database/Normal/Normal-2559.png,0,rahman,1733
data/raw/TB_Chest_Radiography_Database/Normal/Normal-256.png,0,rahman,1734
data/raw/TB_Chest_Radiography_Database/Normal/Normal-2560.png,0,rahman,1735
data/raw/TB_Chest_Radiography_Database/Normal/Normal-2561.png,0,rahman,1736
data/raw/TB_Chest_Radiography_Database/Normal/Normal-2562.png,0,rahman,1737
data/raw/TB_Chest_Radiography_Database/Normal/Normal-2563.png,0,rahman,1738
data/raw/TB_Chest_Radiography_Database/Normal/Normal-2565.png,0,rahman,1740
data/raw/TB_Chest_Radiography_Database/Normal/Normal-2566.png,0,rahman,1741
data/raw/TB_Chest_Radiography_Database/Normal/Normal-2567.png,0,rahman,1742
data/raw/TB_Chest_Radiography_Database/Normal/Normal-2569.png,0,rahman,1744
data/raw/TB_Chest_Radiography_Database/Normal/Normal-257.png,0,rahman,1745
data/raw/TB_Chest_Radiography_Database/Normal/Normal-2570.png,0,rahman,1746
data/raw/TB_Chest_Radiography_Database/Normal/Normal-2573.png,0,rahman,1749
data/raw/TB_Chest_Radiography_Database/Normal/Normal-2574.png,0,rahman,1750
data/raw/TB_Chest_Radiography_Database/Normal/Normal-2575.png,0,rahman,1751
data/raw/TB_Chest_Radiography_Database/Normal/Normal-2576.png,0,rahman,1752
data/raw/TB_Chest_Radiography_Database/Normal/Normal-2577.png,0,rahman,1753
data/raw/TB_Chest_Radiography_Database/Normal/Normal-2578.png,0,rahman,1754
data/raw/TB_Chest_Radiography_Database/Normal/Normal-2579.png,0,rahman,1755
data/raw/TB_Chest_Radiography_Database/Normal/Normal-258.png,0,rahman,1756
data/raw/TB_Chest_Radiography_Database/Normal/Normal-2580.png,0,rahman,1757
data/raw/TB_Chest_Radiography_Database/Normal/Normal-2581.png,0,rahman,1758
data/raw/TB_Chest_Radiography_Database/Normal/Normal-2582.png,0,rahman,1759
data/raw/TB_Chest_Radiography_Database/Normal/Normal-2583.png,0,rahman,1760
data/raw/TB_Chest_Radiography_Database/Normal/Normal-2586.png,0,rahman,1763
data/raw/TB_Chest_Radiography_Database/Normal/Normal-2587.png,0,rahman,1764
data/raw/TB_Chest_Radiography_Database/Normal/Normal-2588.png,0,rahman,1765
data/raw/TB_Chest_Radiography_Database/Normal/Normal-2589.png,0,rahman,1766
data/raw/TB_Chest_Radiography_Database/Normal/Normal-259.png,0,rahman,1767
data/raw/TB_Chest_Radiography_Database/Normal/Normal-2590.png,0,rahman,1768
data/raw/TB_Chest_Radiography_Database/Normal/Normal-2592.png,0,rahman,1770
data/raw/TB_Chest_Radiography_Database/Normal/Normal-2593.png,0,rahman,1771
data/raw/TB_Chest_Radiography_Database/Normal/Normal-2594.png,0,rahman,1772
data/raw/TB_Chest_Radiography_Database/Normal/Normal-2595.png,0,rahman,1773
data/raw/TB_Chest_Radiography_Database/Normal/Normal-2596.png,0,rahman,1774
data/raw/TB_Chest_Radiography_Database/Normal/Normal-2597.png,0,rahman,1775
data/raw/TB_Chest_Radiography_Database/Normal/Normal-2598.png,0,rahman,1776
data/raw/TB_Chest_Radiography_Database/Normal/Normal-2599.png,0,rahman,1777
data/raw/TB_Chest_Radiography_Database/Normal/Normal-26.png,0,rahman,1778
data/raw/TB_Chest_Radiography_Database/Normal/Normal-260.png,0,rahman,1779
data/raw/TB_Chest_Radiography_Database/Normal/Normal-2601.png,0,rahman,1781
data/raw/TB_Chest_Radiography_Database/Normal/Normal-2602.png,0,rahman,1782
data/raw/TB_Chest_Radiography_Database/Normal/Normal-2603.png,0,rahman,1783
data/raw/TB_Chest_Radiography_Database/Normal/Normal-2604.png,0,rahman,1784
data/raw/TB_Chest_Radiography_Database/Normal/Normal-2605.png,0,rahman,1785
data/raw/TB_Chest_Radiography_Database/Normal/Normal-2606.png,0,rahman,1786
data/raw/TB_Chest_Radiography_Database/Normal/Normal-2607.png,0,rahman,1787
data/raw/TB_Chest_Radiography_Database/Normal/Normal-2608.png,0,rahman,1788
data/raw/TB_Chest_Radiography_Database/Normal/Normal-2609.png,0,rahman,1789
data/raw/TB_Chest_Radiography_Database/Normal/Normal-261.png,0,rahman,1790
data/raw/TB_Chest_Radiography_Database/Normal/Normal-2610.png,0,rahman,1791
data/raw/TB_Chest_Radiography_Database/Normal/Normal-2611.png,0,rahman,1792
data/raw/TB_Chest_Radiography_Database/Normal/Normal-2612.png,0,rahman,1793
data/raw/TB_Chest_Radiography_Database/Normal/Normal-2613.png,0,rahman,1794
data/raw/TB_Chest_Radiography_Database/Normal/Normal-2614.png,0,rahman,1795
data/raw/TB_Chest_Radiography_Database/Normal/Normal-2615.png,0,rahman,1796
data/raw/TB_Chest_Radiography_Database/Normal/Normal-2616.png,0,rahman,1797
data/raw/TB_Chest_Radiography_Database/Normal/Normal-2617.png,0,rahman,1798
data/raw/TB_Chest_Radiography_Database/Normal/Normal-2618.png,0,rahman,1799
data/raw/TB_Chest_Radiography_Database/Normal/Normal-2619.png,0,rahman,1800
data/raw/TB_Chest_Radiography_Database/Normal/Normal-262.png,0,rahman,1801
data/raw/TB_Chest_Radiography_Database/Normal/Normal-2620.png,0,rahman,1802
data/raw/TB_Chest_Radiography_Database/Normal/Normal-2621.png,0,rahman,1803
data/raw/TB_Chest_Radiography_Database/Normal/Normal-2622.png,0,rahman,1804
data/raw/TB_Chest_Radiography_Database/Normal/Normal-2623.png,0,rahman,1805
data/raw/TB_Chest_Radiography_Database/Normal/Normal-2625.png,0,rahman,1807
data/raw/TB_Chest_Radiography_Database/Normal/Normal-2626.png,0,rahman,1808
data/raw/TB_Chest_Radiography_Database/Normal/Normal-2627.png,0,rahman,1809
data/raw/TB_Chest_Radiography_Database/Normal/Normal-2628.png,0,rahman,1810
data/raw/TB_Chest_Radiography_Database/Normal/Normal-2629.png,0,rahman,1811
data/raw/TB_Chest_Radiography_Database/Normal/Normal-263.png,0,rahman,1812
data/raw/TB_Chest_Radiography_Database/Normal/Normal-2630.png,0,rahman,1813
data/raw/TB_Chest_Radiography_Database/Normal/Normal-2631.png,0,rahman,1814
data/raw/TB_Chest_Radiography_Database/Normal/Normal-2632.png,0,rahman,1815
data/raw/TB_Chest_Radiography_Database/Normal/Normal-2633.png,0,rahman,1816
data/raw/TB_Chest_Radiography_Database/Normal/Normal-2634.png,0,rahman,1817
data/raw/TB_Chest_Radiography_Database/Normal/Normal-2635.png,0,rahman,1818
data/raw/TB_Chest_Radiography_Database/Normal/Normal-2636.png,0,rahman,1819
data/raw/TB_Chest_Radiography_Database/Normal/Normal-2637.png,0,rahman,1820
data/raw/TB_Chest_Radiography_Database/Normal/Normal-2638.png,0,rahman,1821
data/raw/TB_Chest_Radiography_Database/Normal/Normal-2639.png,0,rahman,1822
data/raw/TB_Chest_Radiography_Database/Normal/Normal-264.png,0,rahman,1823
data/raw/TB_Chest_Radiography_Database/Normal/Normal-2640.png,0,rahman,1824
data/raw/TB_Chest_Radiography_Database/Normal/Normal-2641.png,0,rahman,1825
data/raw/TB_Chest_Radiography_Database/Normal/Normal-2642.png,0,rahman,1826
data/raw/TB_Chest_Radiography_Database/Normal/Normal-2643.png,0,rahman,1827
data/raw/TB_Chest_Radiography_Database/Normal/Normal-2644.png,0,rahman,1828
data/raw/TB_Chest_Radiography_Database/Normal/Normal-2645.png,0,rahman,1829
data/raw/TB_Chest_Radiography_Database/Normal/Normal-2646.png,0,rahman,1830
data/raw/TB_Chest_Radiography_Database/Normal/Normal-2647.png,0,rahman,1831
data/raw/TB_Chest_Radiography_Database/Normal/Normal-2648.png,0,rahman,1832
data/raw/TB_Chest_Radiography_Database/Normal/Normal-2649.png,0,rahman,1833
data/raw/TB_Chest_Radiography_Database/Normal/Normal-265.png,0,rahman,1834
data/raw/TB_Chest_Radiography_Database/Normal/Normal-2650.png,0,rahman,1835
data/raw/TB_Chest_Radiography_Database/Normal/Normal-2651.png,0,rahman,1836
data/raw/TB_Chest_Radiography_Database/Normal/Normal-2652.png,0,rahman,1837
data/raw/TB_Chest_Radiography_Database/Normal/Normal-2653.png,0,rahman,1838
data/raw/TB_Chest_Radiography_Database/Normal/Normal-2656.png,0,rahman,1841
data/raw/TB_Chest_Radiography_Database/Normal/Normal-2657.png,0,rahman,1842
data/raw/TB_Chest_Radiography_Database/Normal/Normal-2658.png,0,rahman,1843
data/raw/TB_Chest_Radiography_Database/Normal/Normal-2659.png,0,rahman,1844
data/raw/TB_Chest_Radiography_Database/Normal/Normal-266.png,0,rahman,1845
data/raw/TB_Chest_Radiography_Database/Normal/Normal-2660.png,0,rahman,1846
data/raw/TB_Chest_Radiography_Database/Normal/Normal-2661.png,0,rahman,1847
data/raw/TB_Chest_Radiography_Database/Normal/Normal-2662.png,0,rahman,1848
data/raw/TB_Chest_Radiography_Database/Normal/Normal-2663.png,0,rahman,1849
data/raw/TB_Chest_Radiography_Database/Normal/Normal-2664.png,0,rahman,1850
data/raw/TB_Chest_Radiography_Database/Normal/Normal-2665.png,0,rahman,1851
data/raw/TB_Chest_Radiography_Database/Normal/Normal-2666.png,0,rahman,1852
data/raw/TB_Chest_Radiography_Database/Normal/Normal-2667.png,0,rahman,1853
data/raw/TB_Chest_Radiography_Database/Normal/Normal-2668.png,0,rahman,1854
data/raw/TB_Chest_Radiography_Database/Normal/Normal-2669.png,0,rahman,1855
data/raw/TB_Chest_Radiography_Database/Normal/Normal-267.png,0,rahman,1856
data/raw/TB_Chest_Radiography_Database/Normal/Normal-2671.png,0,rahman,1858
data/raw/TB_Chest_Radiography_Database/Normal/Normal-2672.png,0,rahman,1859
data/raw/TB_Chest_Radiography_Database/Normal/Normal-2673.png,0,rahman,1860
data/raw/TB_Chest_Radiography_Database/Normal/Normal-2675.png,0,rahman,1862
data/raw/TB_Chest_Radiography_Database/Normal/Normal-2676.png,0,rahman,1863
data/raw/TB_Chest_Radiography_Database/Normal/Normal-2677.png,0,rahman,1864
data/raw/TB_Chest_Radiography_Database/Normal/Normal-2678.png,0,rahman,1865
data/raw/TB_Chest_Radiography_Database/Normal/Normal-2679.png,0,rahman,1866
data/raw/TB_Chest_Radiography_Database/Normal/Normal-268.png,0,rahman,1867
data/raw/TB_Chest_Radiography_Database/Normal/Normal-2680.png,0,rahman,1868
data/raw/TB_Chest_Radiography_Database/Normal/Normal-2681.png,0,rahman,1869
data/raw/TB_Chest_Radiography_Database/Normal/Normal-2682.png,0,rahman,1870
data/raw/TB_Chest_Radiography_Database/Normal/Normal-2683.png,0,rahman,1871
data/raw/TB_Chest_Radiography_Database/Normal/Normal-2684.png,0,rahman,1872
data/raw/TB_Chest_Radiography_Database/Normal/Normal-2685.png,0,rahman,1873
data/raw/TB_Chest_Radiography_Database/Normal/Normal-2686.png,0,rahman,1874
data/raw/TB_Chest_Radiography_Database/Normal/Normal-2687.png,0,rahman,1875
data/raw/TB_Chest_Radiography_Database/Normal/Normal-2688.png,0,rahman,1876
data/raw/TB_Chest_Radiography_Database/Normal/Normal-2689.png,0,rahman,1877
data/raw/TB_Chest_Radiography_Database/Normal/Normal-269.png,0,rahman,1878
data/raw/TB_Chest_Radiography_Database/Normal/Normal-2690.png,0,rahman,1879
data/raw/TB_Chest_Radiography_Database/Normal/Normal-2691.png,0,rahman,1880
data/raw/TB_Chest_Radiography_Database/Normal/Normal-2692.png,0,rahman,1881
data/raw/TB_Chest_Radiography_Database/Normal/Normal-2693.png,0,rahman,1882
data/raw/TB_Chest_Radiography_Database/Normal/Normal-2694.png,0,rahman,1883
data/raw/TB_Chest_Radiography_Database/Normal/Normal-2695.png,0,rahman,1884
data/raw/TB_Chest_Radiography_Database/Normal/Normal-2696.png,0,rahman,1885
data/raw/TB_Chest_Radiography_Database/Normal/Normal-2697.png,0,rahman,1886
data/raw/TB_Chest_Radiography_Database/Normal/Normal-2698.png,0,rahman,1887
data/raw/TB_Chest_Radiography_Database/Normal/Normal-2699.png,0,rahman,1888
data/raw/TB_Chest_Radiography_Database/Normal/Normal-27.png,0,rahman,1889
data/raw/TB_Chest_Radiography_Database/Normal/Normal-270.png,0,rahman,1890
data/raw/TB_Chest_Radiography_Database/Normal/Normal-2700.png,0,rahman,1891
data/raw/TB_Chest_Radiography_Database/Normal/Normal-2701.png,0,rahman,1892
data/raw/TB_Chest_Radiography_Database/Normal/Normal-2702.png,0,rahman,1893
data/raw/TB_Chest_Radiography_Database/Normal/Normal-2704.png,0,rahman,1895
data/raw/TB_Chest_Radiography_Database/Normal/Normal-2707.png,0,rahman,1898
data/raw/TB_Chest_Radiography_Database/Normal/Normal-2708.png,0,rahman,1899
data/raw/TB_Chest_Radiography_Database/Normal/Normal-2709.png,0,rahman,1900
data/raw/TB_Chest_Radiography_Database/Normal/Normal-271.png,0,rahman,1901
data/raw/TB_Chest_Radiography_Database/Normal/Normal-2710.png,0,rahman,1902
data/raw/TB_Chest_Radiography_Database/Normal/Normal-2711.png,0,rahman,1903
data/raw/TB_Chest_Radiography_Database/Normal/Normal-2712.png,0,rahman,1904
data/raw/TB_Chest_Radiography_Database/Normal/Normal-2713.png,0,rahman,1905
data/raw/TB_Chest_Radiography_Database/Normal/Normal-2714.png,0,rahman,1906
data/raw/TB_Chest_Radiography_Database/Normal/Normal-2715.png,0,rahman,1907
data/raw/TB_Chest_Radiography_Database/Normal/Normal-2716.png,0,rahman,1908
data/raw/TB_Chest_Radiography_Database/Normal/Normal-2717.png,0,rahman,1909
data/raw/TB_Chest_Radiography_Database/Normal/Normal-2718.png,0,rahman,1910
data/raw/TB_Chest_Radiography_Database/Normal/Normal-2719.png,0,rahman,1911
data/raw/TB_Chest_Radiography_Database/Normal/Normal-2720.png,0,rahman,1913
data/raw/TB_Chest_Radiography_Database/Normal/Normal-2721.png,0,rahman,1914
data/raw/TB_Chest_Radiography_Database/Normal/Normal-2722.png,0,rahman,1915
data/raw/TB_Chest_Radiography_Database/Normal/Normal-2723.png,0,rahman,1916
data/raw/TB_Chest_Radiography_Database/Normal/Normal-2725.png,0,rahman,1918
data/raw/TB_Chest_Radiography_Database/Normal/Normal-2726.png,0,rahman,1919
data/raw/TB_Chest_Radiography_Database/Normal/Normal-2727.png,0,rahman,1920
data/raw/TB_Chest_Radiography_Database/Normal/Normal-2729.png,0,rahman,1922
data/raw/TB_Chest_Radiography_Database/Normal/Normal-273.png,0,rahman,1923
data/raw/TB_Chest_Radiography_Database/Normal/Normal-2730.png,0,rahman,1924
data/raw/TB_Chest_Radiography_Database/Normal/Normal-2731.png,0,rahman,1925
data/raw/TB_Chest_Radiography_Database/Normal/Normal-2732.png,0,rahman,1926
data/raw/TB_Chest_Radiography_Database/Normal/Normal-2733.png,0,rahman,1927
data/raw/TB_Chest_Radiography_Database/Normal/Normal-2736.png,0,rahman,1930
data/raw/TB_Chest_Radiography_Database/Normal/Normal-2737.png,0,rahman,1931
data/raw/TB_Chest_Radiography_Database/Normal/Normal-2738.png,0,rahman,1932
data/raw/TB_Chest_Radiography_Database/Normal/Normal-2739.png,0,rahman,1933
data/raw/TB_Chest_Radiography_Database/Normal/Normal-274.png,0,rahman,1934
data/raw/TB_Chest_Radiography_Database/Normal/Normal-2740.png,0,rahman,1935
data/raw/TB_Chest_Radiography_Database/Normal/Normal-2741.png,0,rahman,1936
data/raw/TB_Chest_Radiography_Database/Normal/Normal-2742.png,0,rahman,1937
data/raw/TB_Chest_Radiography_Database/Normal/Normal-2743.png,0,rahman,1938
data/raw/TB_Chest_Radiography_Database/Normal/Normal-2744.png,0,rahman,1939
data/raw/TB_Chest_Radiography_Database/Normal/Normal-2745.png,0,rahman,1940
data/raw/TB_Chest_Radiography_Database/Normal/Normal-2748.png,0,rahman,1943
data/raw/TB_Chest_Radiography_Database/Normal/Normal-2749.png,0,rahman,1944
data/raw/TB_Chest_Radiography_Database/Normal/Normal-275.png,0,rahman,1945
data/raw/TB_Chest_Radiography_Database/Normal/Normal-2750.png,0,rahman,1946
data/raw/TB_Chest_Radiography_Database/Normal/Normal-2755.png,0,rahman,1951
data/raw/TB_Chest_Radiography_Database/Normal/Normal-2756.png,0,rahman,1952
data/raw/TB_Chest_Radiography_Database/Normal/Normal-2757.png,0,rahman,1953
data/raw/TB_Chest_Radiography_Database/Normal/Normal-2758.png,0,rahman,1954
data/raw/TB_Chest_Radiography_Database/Normal/Normal-276.png,0,rahman,1956
data/raw/TB_Chest_Radiography_Database/Normal/Normal-2760.png,0,rahman,1957
data/raw/TB_Chest_Radiography_Database/Normal/Normal-2761.png,0,rahman,1958
data/raw/TB_Chest_Radiography_Database/Normal/Normal-2764.png,0,rahman,1961
data/raw/TB_Chest_Radiography_Database/Normal/Normal-2765.png,0,rahman,1962
data/raw/TB_Chest_Radiography_Database/Normal/Normal-2769.png,0,rahman,1966
data/raw/TB_Chest_Radiography_Database/Normal/Normal-2770.png,0,rahman,1968
data/raw/TB_Chest_Radiography_Database/Normal/Normal-2771.png,0,rahman,1969
data/raw/TB_Chest_Radiography_Database/Normal/Normal-2772.png,0,rahman,1970
data/raw/TB_Chest_Radiography_Database/Normal/Normal-2773.png,0,rahman,1971
data/raw/TB_Chest_Radiography_Database/Normal/Normal-2774.png,0,rahman,1972
data/raw/TB_Chest_Radiography_Database/Normal/Normal-2775.png,0,rahman,1973
data/raw/TB_Chest_Radiography_Database/Normal/Normal-2776.png,0,rahman,1974
data/raw/TB_Chest_Radiography_Database/Normal/Normal-2777.png,0,rahman,1975
data/raw/TB_Chest_Radiography_Database/Normal/Normal-2778.png,0,rahman,1976
data/raw/TB_Chest_Radiography_Database/Normal/Normal-2779.png,0,rahman,1977
data/raw/TB_Chest_Radiography_Database/Normal/Normal-278.png,0,rahman,1978
data/raw/TB_Chest_Radiography_Database/Normal/Normal-2780.png,0,rahman,1979
data/raw/TB_Chest_Radiography_Database/Normal/Normal-2781.png,0,rahman,1980
data/raw/TB_Chest_Radiography_Database/Normal/Normal-2782.png,0,rahman,1981
data/raw/TB_Chest_Radiography_Database/Normal/Normal-2783.png,0,rahman,1982
data/raw/TB_Chest_Radiography_Database/Normal/Normal-2785.png,0,rahman,1984
data/raw/TB_Chest_Radiography_Database/Normal/Normal-2786.png,0,rahman,1985
data/raw/TB_Chest_Radiography_Database/Normal/Normal-2788.png,0,rahman,1987
data/raw/TB_Chest_Radiography_Database/Normal/Normal-279.png,0,rahman,1989
data/raw/TB_Chest_Radiography_Database/Normal/Normal-2791.png,0,rahman,1991
data/raw/TB_Chest_Radiography_Database/Normal/Normal-2792.png,0,rahman,1992
data/raw/TB_Chest_Radiography_Database/Normal/Normal-2793.png,0,rahman,1993
data/raw/TB_Chest_Radiography_Database/Normal/Normal-2795.png,0,rahman,1995
data/raw/TB_Chest_Radiography_Database/Normal/Normal-2796.png,0,rahman,1996
data/raw/TB_Chest_Radiography_Database/Normal/Normal-2797.png,0,rahman,1997
data/raw/TB_Chest_Radiography_Database/Normal/Normal-2798.png,0,rahman,1998
data/raw/TB_Chest_Radiography_Database/Normal/Normal-280.png,0,rahman,2001
data/raw/TB_Chest_Radiography_Database/Normal/Normal-2803.png,0,rahman,2005
data/raw/TB_Chest_Radiography_Database/Normal/Normal-2804.png,0,rahman,2006
data/raw/TB_Chest_Radiography_Database/Normal/Normal-2805.png,0,rahman,2007
data/raw/TB_Chest_Radiography_Database/Normal/Normal-2807.png,0,rahman,2009
data/raw/TB_Chest_Radiography_Database/Normal/Normal-2809.png,0,rahman,2011
data/raw/TB_Chest_Radiography_Database/Normal/Normal-281.png,0,rahman,2012
data/raw/TB_Chest_Radiography_Database/Normal/Normal-2810.png,0,rahman,2013
data/raw/TB_Chest_Radiography_Database/Normal/Normal-2811.png,0,rahman,2014
data/raw/TB_Chest_Radiography_Database/Normal/Normal-2812.png,0,rahman,2015
data/raw/TB_Chest_Radiography_Database/Normal/Normal-2814.png,0,rahman,2017
data/raw/TB_Chest_Radiography_Database/Normal/Normal-2815.png,0,rahman,2018
data/raw/TB_Chest_Radiography_Database/Normal/Normal-2816.png,0,rahman,2019
data/raw/TB_Chest_Radiography_Database/Normal/Normal-2818.png,0,rahman,2021
data/raw/TB_Chest_Radiography_Database/Normal/Normal-2819.png,0,rahman,2022
data/raw/TB_Chest_Radiography_Database/Normal/Normal-282.png,0,rahman,2023
data/raw/TB_Chest_Radiography_Database/Normal/Normal-2820.png,0,rahman,2024
data/raw/TB_Chest_Radiography_Database/Normal/Normal-2822.png,0,rahman,2026
data/raw/TB_Chest_Radiography_Database/Normal/Normal-2824.png,0,rahman,2028
data/raw/TB_Chest_Radiography_Database/Normal/Normal-2825.png,0,rahman,2029
data/raw/TB_Chest_Radiography_Database/Normal/Normal-2826.png,0,rahman,2030
data/raw/TB_Chest_Radiography_Database/Normal/Normal-2827.png,0,rahman,2031
data/raw/TB_Chest_Radiography_Database/Normal/Normal-2828.png,0,rahman,2032
data/raw/TB_Chest_Radiography_Database/Normal/Normal-2829.png,0,rahman,2033
data/raw/TB_Chest_Radiography_Database/Normal/Normal-2830.png,0,rahman,2035
data/raw/TB_Chest_Radiography_Database/Normal/Normal-2831.png,0,rahman,2036
data/raw/TB_Chest_Radiography_Database/Normal/Normal-2832.png,0,rahman,2037
data/raw/TB_Chest_Radiography_Database/Normal/Normal-2834.png,0,rahman,2039
data/raw/TB_Chest_Radiography_Database/Normal/Normal-2835.png,0,rahman,2040
data/raw/TB_Chest_Radiography_Database/Normal/Normal-2836.png,0,rahman,2041
data/raw/TB_Chest_Radiography_Database/Normal/Normal-2837.png,0,rahman,2042
data/raw/TB_Chest_Radiography_Database/Normal/Normal-2839.png,0,rahman,2044
data/raw/TB_Chest_Radiography_Database/Normal/Normal-284.png,0,rahman,2045
data/raw/TB_Chest_Radiography_Database/Normal/Normal-2840.png,0,rahman,2046
data/raw/TB_Chest_Radiography_Database/Normal/Normal-2841.png,0,rahman,2047
data/raw/TB_Chest_Radiography_Database/Normal/Normal-2842.png,0,rahman,2048
data/raw/TB_Chest_Radiography_Database/Normal/Normal-2844.png,0,rahman,2050
data/raw/TB_Chest_Radiography_Database/Normal/Normal-2845.png,0,rahman,2051
data/raw/TB_Chest_Radiography_Database/Normal/Normal-2846.png,0,rahman,2052
data/raw/TB_Chest_Radiography_Database/Normal/Normal-2848.png,0,rahman,2054
data/raw/TB_Chest_Radiography_Database/Normal/Normal-2849.png,0,rahman,2055
data/raw/TB_Chest_Radiography_Database/Normal/Normal-285.png,0,rahman,2056
data/raw/TB_Chest_Radiography_Database/Normal/Normal-2850.png,0,rahman,2057
data/raw/TB_Chest_Radiography_Database/Normal/Normal-2851.png,0,rahman,2058
data/raw/TB_Chest_Radiography_Database/Normal/Normal-2852.png,0,rahman,2059
data/raw/TB_Chest_Radiography_Database/Normal/Normal-2853.png,0,rahman,2060
data/raw/TB_Chest_Radiography_Database/Normal/Normal-2854.png,0,rahman,2061
data/raw/TB_Chest_Radiography_Database/Normal/Normal-2855.png,0,rahman,2062
data/raw/TB_Chest_Radiography_Database/Normal/Normal-2856.png,0,rahman,2063
data/raw/TB_Chest_Radiography_Database/Normal/Normal-2857.png,0,rahman,2064
data/raw/TB_Chest_Radiography_Database/Normal/Normal-2858.png,0,rahman,2065
data/raw/TB_Chest_Radiography_Database/Normal/Normal-2859.png,0,rahman,2066
data/raw/TB_Chest_Radiography_Database/Normal/Normal-2860.png,0,rahman,2068
data/raw/TB_Chest_Radiography_Database/Normal/Normal-2861.png,0,rahman,2069
data/raw/TB_Chest_Radiography_Database/Normal/Normal-2865.png,0,rahman,2073
data/raw/TB_Chest_Radiography_Database/Normal/Normal-2866.png,0,rahman,2074
data/raw/TB_Chest_Radiography_Database/Normal/Normal-2867.png,0,rahman,2075
data/raw/TB_Chest_Radiography_Database/Normal/Normal-2868.png,0,rahman,2076
data/raw/TB_Chest_Radiography_Database/Normal/Normal-2869.png,0,rahman,2077
data/raw/TB_Chest_Radiography_Database/Normal/Normal-287.png,0,rahman,2078
data/raw/TB_Chest_Radiography_Database/Normal/Normal-2871.png,0,rahman,2080
data/raw/TB_Chest_Radiography_Database/Normal/Normal-2872.png,0,rahman,2081
data/raw/TB_Chest_Radiography_Database/Normal/Normal-2873.png,0,rahman,2082
data/raw/TB_Chest_Radiography_Database/Normal/Normal-2874.png,0,rahman,2083
data/raw/TB_Chest_Radiography_Database/Normal/Normal-2875.png,0,rahman,2084
data/raw/TB_Chest_Radiography_Database/Normal/Normal-2876.png,0,rahman,2085
data/raw/TB_Chest_Radiography_Database/Normal/Normal-2877.png,0,rahman,2086
data/raw/TB_Chest_Radiography_Database/Normal/Normal-2878.png,0,rahman,2087
data/raw/TB_Chest_Radiography_Database/Normal/Normal-2879.png,0,rahman,2088
data/raw/TB_Chest_Radiography_Database/Normal/Normal-2880.png,0,rahman,2090
data/raw/TB_Chest_Radiography_Database/Normal/Normal-2881.png,0,rahman,2091
data/raw/TB_Chest_Radiography_Database/Normal/Normal-2882.png,0,rahman,2092
data/raw/TB_Chest_Radiography_Database/Normal/Normal-2884.png,0,rahman,2094
data/raw/TB_Chest_Radiography_Database/Normal/Normal-2885.png,0,rahman,2095
data/raw/TB_Chest_Radiography_Database/Normal/Normal-2886.png,0,rahman,2096
data/raw/TB_Chest_Radiography_Database/Normal/Normal-2887.png,0,rahman,2097
data/raw/TB_Chest_Radiography_Database/Normal/Normal-289.png,0,rahman,2100
data/raw/TB_Chest_Radiography_Database/Normal/Normal-2890.png,0,rahman,2101
data/raw/TB_Chest_Radiography_Database/Normal/Normal-2891.png,0,rahman,2102
data/raw/TB_Chest_Radiography_Database/Normal/Normal-2892.png,0,rahman,2103
data/raw/TB_Chest_Radiography_Database/Normal/Normal-2893.png,0,rahman,2104
data/raw/TB_Chest_Radiography_Database/Normal/Normal-2894.png,0,rahman,2105
data/raw/TB_Chest_Radiography_Database/Normal/Normal-2895.png,0,rahman,2106
data/raw/TB_Chest_Radiography_Database/Normal/Normal-2897.png,0,rahman,2108
data/raw/TB_Chest_Radiography_Database/Normal/Normal-2899.png,0,rahman,2110
data/raw/TB_Chest_Radiography_Database/Normal/Normal-290.png,0,rahman,2112
data/raw/TB_Chest_Radiography_Database/Normal/Normal-2900.png,0,rahman,2113
data/raw/TB_Chest_Radiography_Database/Normal/Normal-2902.png,0,rahman,2115
data/raw/TB_Chest_Radiography_Database/Normal/Normal-2903.png,0,rahman,2116
data/raw/TB_Chest_Radiography_Database/Normal/Normal-2904.png,0,rahman,2117
data/raw/TB_Chest_Radiography_Database/Normal/Normal-2905.png,0,rahman,2118
data/raw/TB_Chest_Radiography_Database/Normal/Normal-2906.png,0,rahman,2119
data/raw/TB_Chest_Radiography_Database/Normal/Normal-2907.png,0,rahman,2120
data/raw/TB_Chest_Radiography_Database/Normal/Normal-2908.png,0,rahman,2121
data/raw/TB_Chest_Radiography_Database/Normal/Normal-2909.png,0,rahman,2122
data/raw/TB_Chest_Radiography_Database/Normal/Normal-2912.png,0,rahman,2126
data/raw/TB_Chest_Radiography_Database/Normal/Normal-2913.png,0,rahman,2127
data/raw/TB_Chest_Radiography_Database/Normal/Normal-2914.png,0,rahman,2128
data/raw/TB_Chest_Radiography_Database/Normal/Normal-2916.png,0,rahman,2130
data/raw/TB_Chest_Radiography_Database/Normal/Normal-2917.png,0,rahman,2131
data/raw/TB_Chest_Radiography_Database/Normal/Normal-2918.png,0,rahman,2132
data/raw/TB_Chest_Radiography_Database/Normal/Normal-2919.png,0,rahman,2133
data/raw/TB_Chest_Radiography_Database/Normal/Normal-292.png,0,rahman,2134
data/raw/TB_Chest_Radiography_Database/Normal/Normal-2920.png,0,rahman,2135
data/raw/TB_Chest_Radiography_Database/Normal/Normal-2922.png,0,rahman,2137
data/raw/TB_Chest_Radiography_Database/Normal/Normal-2923.png,0,rahman,2138
data/raw/TB_Chest_Radiography_Database/Normal/Normal-2924.png,0,rahman,2139
data/raw/TB_Chest_Radiography_Database/Normal/Normal-2925.png,0,rahman,2140
data/raw/TB_Chest_Radiography_Database/Normal/Normal-2927.png,0,rahman,2142
data/raw/TB_Chest_Radiography_Database/Normal/Normal-2928.png,0,rahman,2143
data/raw/TB_Chest_Radiography_Database/Normal/Normal-2929.png,0,rahman,2144
data/raw/TB_Chest_Radiography_Database/Normal/Normal-293.png,0,rahman,2145
data/raw/TB_Chest_Radiography_Database/Normal/Normal-2930.png,0,rahman,2146
data/raw/TB_Chest_Radiography_Database/Normal/Normal-2931.png,0,rahman,2147
data/raw/TB_Chest_Radiography_Database/Normal/Normal-2933.png,0,rahman,2149
data/raw/TB_Chest_Radiography_Database/Normal/Normal-2934.png,0,rahman,2150
data/raw/TB_Chest_Radiography_Database/Normal/Normal-2935.png,0,rahman,2151
data/raw/TB_Chest_Radiography_Database/Normal/Normal-2936.png,0,rahman,2152
data/raw/TB_Chest_Radiography_Database/Normal/Normal-2937.png,0,rahman,2153
data/raw/TB_Chest_Radiography_Database/Normal/Normal-2938.png,0,rahman,2154
data/raw/TB_Chest_Radiography_Database/Normal/Normal-2939.png,0,rahman,2155
data/raw/TB_Chest_Radiography_Database/Normal/Normal-294.png,0,rahman,2156
data/raw/TB_Chest_Radiography_Database/Normal/Normal-2940.png,0,rahman,2157
data/raw/TB_Chest_Radiography_Database/Normal/Normal-2942.png,0,rahman,2159
data/raw/TB_Chest_Radiography_Database/Normal/Normal-2943.png,0,rahman,2160
data/raw/TB_Chest_Radiography_Database/Normal/Normal-2944.png,0,rahman,2161
data/raw/TB_Chest_Radiography_Database/Normal/Normal-2945.png,0,rahman,2162
data/raw/TB_Chest_Radiography_Database/Normal/Normal-2946.png,0,rahman,2163
data/raw/TB_Chest_Radiography_Database/Normal/Normal-2948.png,0,rahman,2165
data/raw/TB_Chest_Radiography_Database/Normal/Normal-295.png,0,rahman,2167
data/raw/TB_Chest_Radiography_Database/Normal/Normal-2951.png,0,rahman,2169
data/raw/TB_Chest_Radiography_Database/Normal/Normal-2952.png,0,rahman,2170
data/raw/TB_Chest_Radiography_Database/Normal/Normal-2953.png,0,rahman,2171
data/raw/TB_Chest_Radiography_Database/Normal/Normal-2954.png,0,rahman,2172
data/raw/TB_Chest_Radiography_Database/Normal/Normal-2955.png,0,rahman,2173
data/raw/TB_Chest_Radiography_Database/Normal/Normal-2957.png,0,rahman,2175
data/raw/TB_Chest_Radiography_Database/Normal/Normal-2958.png,0,rahman,2176
data/raw/TB_Chest_Radiography_Database/Normal/Normal-2959.png,0,rahman,2177
data/raw/TB_Chest_Radiography_Database/Normal/Normal-296.png,0,rahman,2178
data/raw/TB_Chest_Radiography_Database/Normal/Normal-2961.png,0,rahman,2180
data/raw/TB_Chest_Radiography_Database/Normal/Normal-2962.png,0,rahman,2181
data/raw/TB_Chest_Radiography_Database/Normal/Normal-2963.png,0,rahman,2182
data/raw/TB_Chest_Radiography_Database/Normal/Normal-2964.png,0,rahman,2183
data/raw/TB_Chest_Radiography_Database/Normal/Normal-2965.png,0,rahman,2184
data/raw/TB_Chest_Radiography_Database/Normal/Normal-2966.png,0,rahman,2185
data/raw/TB_Chest_Radiography_Database/Normal/Normal-2967.png,0,rahman,2186
data/raw/TB_Chest_Radiography_Database/Normal/Normal-2968.png,0,rahman,2187
data/raw/TB_Chest_Radiography_Database/Normal/Normal-2969.png,0,rahman,2188
data/raw/TB_Chest_Radiography_Database/Normal/Normal-297.png,0,rahman,2189
data/raw/TB_Chest_Radiography_Database/Normal/Normal-2970.png,0,rahman,2190
data/raw/TB_Chest_Radiography_Database/Normal/Normal-2971.png,0,rahman,2191
data/raw/TB_Chest_Radiography_Database/Normal/Normal-2972.png,0,rahman,2192
data/raw/TB_Chest_Radiography_Database/Normal/Normal-2973.png,0,rahman,2193
data/raw/TB_Chest_Radiography_Database/Normal/Normal-2974.png,0,rahman,2194
data/raw/TB_Chest_Radiography_Database/Normal/Normal-2975.png,0,rahman,2195
data/raw/TB_Chest_Radiography_Database/Normal/Normal-2976.png,0,rahman,2196
data/raw/TB_Chest_Radiography_Database/Normal/Normal-2977.png,0,rahman,2197
data/raw/TB_Chest_Radiography_Database/Normal/Normal-2978.png,0,rahman,2198
data/raw/TB_Chest_Radiography_Database/Normal/Normal-2979.png,0,rahman,2199
data/raw/TB_Chest_Radiography_Database/Normal/Normal-2980.png,0,rahman,2201
data/raw/TB_Chest_Radiography_Database/Normal/Normal-2981.png,0,rahman,2202
data/raw/TB_Chest_Radiography_Database/Normal/Normal-2982.png,0,rahman,2203
data/raw/TB_Chest_Radiography_Database/Normal/Normal-2984.png,0,rahman,2205
data/raw/TB_Chest_Radiography_Database/Normal/Normal-2985.png,0,rahman,2206
data/raw/TB_Chest_Radiography_Database/Normal/Normal-2986.png,0,rahman,2207
data/raw/TB_Chest_Radiography_Database/Normal/Normal-2987.png,0,rahman,2208
data/raw/TB_Chest_Radiography_Database/Normal/Normal-2988.png,0,rahman,2209
data/raw/TB_Chest_Radiography_Database/Normal/Normal-2989.png,0,rahman,2210
data/raw/TB_Chest_Radiography_Database/Normal/Normal-299.png,0,rahman,2211
data/raw/TB_Chest_Radiography_Database/Normal/Normal-2990.png,0,rahman,2212
data/raw/TB_Chest_Radiography_Database/Normal/Normal-2991.png,0,rahman,2213
data/raw/TB_Chest_Radiography_Database/Normal/Normal-2992.png,0,rahman,2214
data/raw/TB_Chest_Radiography_Database/Normal/Normal-2993.png,0,rahman,2215
data/raw/TB_Chest_Radiography_Database/Normal/Normal-2994.png,0,rahman,2216
data/raw/TB_Chest_Radiography_Database/Normal/Normal-2995.png,0,rahman,2217
data/raw/TB_Chest_Radiography_Database/Normal/Normal-2996.png,0,rahman,2218
data/raw/TB_Chest_Radiography_Database/Normal/Normal-2997.png,0,rahman,2219
data/raw/TB_Chest_Radiography_Database/Normal/Normal-2998.png,0,rahman,2220
data/raw/TB_Chest_Radiography_Database/Normal/Normal-2999.png,0,rahman,2221
data/raw/TB_Chest_Radiography_Database/Normal/Normal-3.png,0,rahman,2222
data/raw/TB_Chest_Radiography_Database/Normal/Normal-30.png,0,rahman,2223
data/raw/TB_Chest_Radiography_Database/Normal/Normal-300.png,0,rahman,2224
data/raw/TB_Chest_Radiography_Database/Normal/Normal-3001.png,0,rahman,2226
data/raw/TB_Chest_Radiography_Database/Normal/Normal-3002.png,0,rahman,2227
data/raw/TB_Chest_Radiography_Database/Normal/Normal-3003.png,0,rahman,2228
data/raw/TB_Chest_Radiography_Database/Normal/Normal-3004.png,0,rahman,2229
data/raw/TB_Chest_Radiography_Database/Normal/Normal-3005.png,0,rahman,2230
data/raw/TB_Chest_Radiography_Database/Normal/Normal-3006.png,0,rahman,2231
data/raw/TB_Chest_Radiography_Database/Normal/Normal-3007.png,0,rahman,2232
data/raw/TB_Chest_Radiography_Database/Normal/Normal-3009.png,0,rahman,2234
data/raw/TB_Chest_Radiography_Database/Normal/Normal-301.png,0,rahman,2235
data/raw/TB_Chest_Radiography_Database/Normal/Normal-3010.png,0,rahman,2236
data/raw/TB_Chest_Radiography_Database/Normal/Normal-3011.png,0,rahman,2237
data/raw/TB_Chest_Radiography_Database/Normal/Normal-3012.png,0,rahman,2238
data/raw/TB_Chest_Radiography_Database/Normal/Normal-3013.png,0,rahman,2239
data/raw/TB_Chest_Radiography_Database/Normal/Normal-3014.png,0,rahman,2240
data/raw/TB_Chest_Radiography_Database/Normal/Normal-3015.png,0,rahman,2241
data/raw/TB_Chest_Radiography_Database/Normal/Normal-3016.png,0,rahman,2242
data/raw/TB_Chest_Radiography_Database/Normal/Normal-3017.png,0,rahman,2243
data/raw/TB_Chest_Radiography_Database/Normal/Normal-3018.png,0,rahman,2244
data/raw/TB_Chest_Radiography_Database/Normal/Normal-3019.png,0,rahman,2245
data/raw/TB_Chest_Radiography_Database/Normal/Normal-302.png,0,rahman,2246
data/raw/TB_Chest_Radiography_Database/Normal/Normal-3020.png,0,rahman,2247
data/raw/TB_Chest_Radiography_Database/Normal/Normal-3021.png,0,rahman,2248
data/raw/TB_Chest_Radiography_Database/Normal/Normal-3022.png,0,rahman,2249
data/raw/TB_Chest_Radiography_Database/Normal/Normal-3023.png,0,rahman,2250
data/raw/TB_Chest_Radiography_Database/Normal/Normal-3024.png,0,rahman,2251
data/raw/TB_Chest_Radiography_Database/Normal/Normal-3025.png,0,rahman,2252
data/raw/TB_Chest_Radiography_Database/Normal/Normal-3026.png,0,rahman,2253
data/raw/TB_Chest_Radiography_Database/Normal/Normal-3027.png,0,rahman,2254
data/raw/TB_Chest_Radiography_Database/Normal/Normal-3028.png,0,rahman,2255
data/raw/TB_Chest_Radiography_Database/Normal/Normal-3029.png,0,rahman,2256
data/raw/TB_Chest_Radiography_Database/Normal/Normal-303.png,0,rahman,2257
data/raw/TB_Chest_Radiography_Database/Normal/Normal-3031.png,0,rahman,2259
data/raw/TB_Chest_Radiography_Database/Normal/Normal-3032.png,0,rahman,2260
data/raw/TB_Chest_Radiography_Database/Normal/Normal-3033.png,0,rahman,2261
data/raw/TB_Chest_Radiography_Database/Normal/Normal-3034.png,0,rahman,2262
data/raw/TB_Chest_Radiography_Database/Normal/Normal-3035.png,0,rahman,2263
data/raw/TB_Chest_Radiography_Database/Normal/Normal-3037.png,0,rahman,2265
data/raw/TB_Chest_Radiography_Database/Normal/Normal-3039.png,0,rahman,2267
data/raw/TB_Chest_Radiography_Database/Normal/Normal-304.png,0,rahman,2268
data/raw/TB_Chest_Radiography_Database/Normal/Normal-3040.png,0,rahman,2269
data/raw/TB_Chest_Radiography_Database/Normal/Normal-3041.png,0,rahman,2270
data/raw/TB_Chest_Radiography_Database/Normal/Normal-3042.png,0,rahman,2271
data/raw/TB_Chest_Radiography_Database/Normal/Normal-3043.png,0,rahman,2272
data/raw/TB_Chest_Radiography_Database/Normal/Normal-3044.png,0,rahman,2273
data/raw/TB_Chest_Radiography_Database/Normal/Normal-3045.png,0,rahman,2274
data/raw/TB_Chest_Radiography_Database/Normal/Normal-3046.png,0,rahman,2275
data/raw/TB_Chest_Radiography_Database/Normal/Normal-3047.png,0,rahman,2276
data/raw/TB_Chest_Radiography_Database/Normal/Normal-3048.png,0,rahman,2277
data/raw/TB_Chest_Radiography_Database/Normal/Normal-3049.png,0,rahman,2278
data/raw/TB_Chest_Radiography_Database/Normal/Normal-305.png,0,rahman,2279
data/raw/TB_Chest_Radiography_Database/Normal/Normal-3050.png,0,rahman,2280
data/raw/TB_Chest_Radiography_Database/Normal/Normal-3052.png,0,rahman,2282
data/raw/TB_Chest_Radiography_Database/Normal/Normal-3053.png,0,rahman,2283
data/raw/TB_Chest_Radiography_Database/Normal/Normal-3054.png,0,rahman,2284
data/raw/TB_Chest_Radiography_Database/Normal/Normal-3055.png,0,rahman,2285
data/raw/TB_Chest_Radiography_Database/Normal/Normal-3056.png,0,rahman,2286
data/raw/TB_Chest_Radiography_Database/Normal/Normal-3057.png,0,rahman,2287
data/raw/TB_Chest_Radiography_Database/Normal/Normal-3058.png,0,rahman,2288
data/raw/TB_Chest_Radiography_Database/Normal/Normal-3059.png,0,rahman,2289
data/raw/TB_Chest_Radiography_Database/Normal/Normal-306.png,0,rahman,2290
data/raw/TB_Chest_Radiography_Database/Normal/Normal-3060.png,0,rahman,2291
data/raw/TB_Chest_Radiography_Database/Normal/Normal-3061.png,0,rahman,2292
data/raw/TB_Chest_Radiography_Database/Normal/Normal-3062.png,0,rahman,2293
data/raw/TB_Chest_Radiography_Database/Normal/Normal-3063.png,0,rahman,2294
data/raw/TB_Chest_Radiography_Database/Normal/Normal-3065.png,0,rahman,2296
data/raw/TB_Chest_Radiography_Database/Normal/Normal-3066.png,0,rahman,2297
data/raw/TB_Chest_Radiography_Database/Normal/Normal-3068.png,0,rahman,2299
data/raw/TB_Chest_Radiography_Database/Normal/Normal-3069.png,0,rahman,2300
data/raw/TB_Chest_Radiography_Database/Normal/Normal-307.png,0,rahman,2301
data/raw/TB_Chest_Radiography_Database/Normal/Normal-3070.png,0,rahman,2302
data/raw/TB_Chest_Radiography_Database/Normal/Normal-3071.png,0,rahman,2303
data/raw/TB_Chest_Radiography_Database/Normal/Normal-3072.png,0,rahman,2304
data/raw/TB_Chest_Radiography_Database/Normal/Normal-3075.png,0,rahman,2307
data/raw/TB_Chest_Radiography_Database/Normal/Normal-3076.png,0,rahman,2308
data/raw/TB_Chest_Radiography_Database/Normal/Normal-3077.png,0,rahman,2309
data/raw/TB_Chest_Radiography_Database/Normal/Normal-3078.png,0,rahman,2310
data/raw/TB_Chest_Radiography_Database/Normal/Normal-3079.png,0,rahman,2311
data/raw/TB_Chest_Radiography_Database/Normal/Normal-3080.png,0,rahman,2313
data/raw/TB_Chest_Radiography_Database/Normal/Normal-3081.png,0,rahman,2314
data/raw/TB_Chest_Radiography_Database/Normal/Normal-3082.png,0,rahman,2315
data/raw/TB_Chest_Radiography_Database/Normal/Normal-3083.png,0,rahman,2316
data/raw/TB_Chest_Radiography_Database/Normal/Normal-3084.png,0,rahman,2317
data/raw/TB_Chest_Radiography_Database/Normal/Normal-3085.png,0,rahman,2318
data/raw/TB_Chest_Radiography_Database/Normal/Normal-3086.png,0,rahman,2319
data/raw/TB_Chest_Radiography_Database/Normal/Normal-3087.png,0,rahman,2320
data/raw/TB_Chest_Radiography_Database/Normal/Normal-3088.png,0,rahman,2321
data/raw/TB_Chest_Radiography_Database/Normal/Normal-3089.png,0,rahman,2322
data/raw/TB_Chest_Radiography_Database/Normal/Normal-309.png,0,rahman,2323
data/raw/TB_Chest_Radiography_Database/Normal/Normal-3090.png,0,rahman,2324
data/raw/TB_Chest_Radiography_Database/Normal/Normal-3091.png,0,rahman,2325
data/raw/TB_Chest_Radiography_Database/Normal/Normal-3093.png,0,rahman,2327
data/raw/TB_Chest_Radiography_Database/Normal/Normal-3094.png,0,rahman,2328
data/raw/TB_Chest_Radiography_Database/Normal/Normal-3096.png,0,rahman,2330
data/raw/TB_Chest_Radiography_Database/Normal/Normal-3097.png,0,rahman,2331
data/raw/TB_Chest_Radiography_Database/Normal/Normal-3098.png,0,rahman,2332
data/raw/TB_Chest_Radiography_Database/Normal/Normal-3099.png,0,rahman,2333
data/raw/TB_Chest_Radiography_Database/Normal/Normal-31.png,0,rahman,2334
data/raw/TB_Chest_Radiography_Database/Normal/Normal-310.png,0,rahman,2335
data/raw/TB_Chest_Radiography_Database/Normal/Normal-3100.png,0,rahman,2336
data/raw/TB_Chest_Radiography_Database/Normal/Normal-3101.png,0,rahman,2337
data/raw/TB_Chest_Radiography_Database/Normal/Normal-3102.png,0,rahman,2338
data/raw/TB_Chest_Radiography_Database/Normal/Normal-3103.png,0,rahman,2339
data/raw/TB_Chest_Radiography_Database/Normal/Normal-3104.png,0,rahman,2340
data/raw/TB_Chest_Radiography_Database/Normal/Normal-3105.png,0,rahman,2341
data/raw/TB_Chest_Radiography_Database/Normal/Normal-3106.png,0,rahman,2342
data/raw/TB_Chest_Radiography_Database/Normal/Normal-3108.png,0,rahman,2344
data/raw/TB_Chest_Radiography_Database/Normal/Normal-3109.png,0,rahman,2345
data/raw/TB_Chest_Radiography_Database/Normal/Normal-311.png,0,rahman,2346
data/raw/TB_Chest_Radiography_Database/Normal/Normal-3110.png,0,rahman,2347
data/raw/TB_Chest_Radiography_Database/Normal/Normal-3111.png,0,rahman,2348
data/raw/TB_Chest_Radiography_Database/Normal/Normal-3112.png,0,rahman,2349
data/raw/TB_Chest_Radiography_Database/Normal/Normal-3113.png,0,rahman,2350
data/raw/TB_Chest_Radiography_Database/Normal/Normal-3114.png,0,rahman,2351
data/raw/TB_Chest_Radiography_Database/Normal/Normal-3115.png,0,rahman,2352
data/raw/TB_Chest_Radiography_Database/Normal/Normal-3116.png,0,rahman,2353
data/raw/TB_Chest_Radiography_Database/Normal/Normal-3117.png,0,rahman,2354
data/raw/TB_Chest_Radiography_Database/Normal/Normal-3119.png,0,rahman,2356
data/raw/TB_Chest_Radiography_Database/Normal/Normal-312.png,0,rahman,2357
data/raw/TB_Chest_Radiography_Database/Normal/Normal-3120.png,0,rahman,2358
data/raw/TB_Chest_Radiography_Database/Normal/Normal-3123.png,0,rahman,2361
data/raw/TB_Chest_Radiography_Database/Normal/Normal-3124.png,0,rahman,2362
data/raw/TB_Chest_Radiography_Database/Normal/Normal-3125.png,0,rahman,2363
data/raw/TB_Chest_Radiography_Database/Normal/Normal-3126.png,0,rahman,2364
data/raw/TB_Chest_Radiography_Database/Normal/Normal-3127.png,0,rahman,2365
data/raw/TB_Chest_Radiography_Database/Normal/Normal-3128.png,0,rahman,2366
data/raw/TB_Chest_Radiography_Database/Normal/Normal-3129.png,0,rahman,2367
data/raw/TB_Chest_Radiography_Database/Normal/Normal-313.png,0,rahman,2368
data/raw/TB_Chest_Radiography_Database/Normal/Normal-3132.png,0,rahman,2371
data/raw/TB_Chest_Radiography_Database/Normal/Normal-3133.png,0,rahman,2372
data/raw/TB_Chest_Radiography_Database/Normal/Normal-3134.png,0,rahman,2373
data/raw/TB_Chest_Radiography_Database/Normal/Normal-3135.png,0,rahman,2374
data/raw/TB_Chest_Radiography_Database/Normal/Normal-3136.png,0,rahman,2375
data/raw/TB_Chest_Radiography_Database/Normal/Normal-3137.png,0,rahman,2376
data/raw/TB_Chest_Radiography_Database/Normal/Normal-3139.png,0,rahman,2378
data/raw/TB_Chest_Radiography_Database/Normal/Normal-314.png,0,rahman,2379
data/raw/TB_Chest_Radiography_Database/Normal/Normal-3140.png,0,rahman,2380
data/raw/TB_Chest_Radiography_Database/Normal/Normal-3142.png,0,rahman,2382
data/raw/TB_Chest_Radiography_Database/Normal/Normal-3143.png,0,rahman,2383
data/raw/TB_Chest_Radiography_Database/Normal/Normal-3145.png,0,rahman,2385
data/raw/TB_Chest_Radiography_Database/Normal/Normal-3146.png,0,rahman,2386
data/raw/TB_Chest_Radiography_Database/Normal/Normal-3147.png,0,rahman,2387
data/raw/TB_Chest_Radiography_Database/Normal/Normal-3148.png,0,rahman,2388
data/raw/TB_Chest_Radiography_Database/Normal/Normal-3149.png,0,rahman,2389
data/raw/TB_Chest_Radiography_Database/Normal/Normal-315.png,0,rahman,2390
data/raw/TB_Chest_Radiography_Database/Normal/Normal-3150.png,0,rahman,2391
data/raw/TB_Chest_Radiography_Database/Normal/Normal-3151.png,0,rahman,2392
data/raw/TB_Chest_Radiography_Database/Normal/Normal-3152.png,0,rahman,2393
data/raw/TB_Chest_Radiography_Database/Normal/Normal-3153.png,0,rahman,2394
data/raw/TB_Chest_Radiography_Database/Normal/Normal-3154.png,0,rahman,2395
data/raw/TB_Chest_Radiography_Database/Normal/Normal-3156.png,0,rahman,2397
data/raw/TB_Chest_Radiography_Database/Normal/Normal-3157.png,0,rahman,2398
data/raw/TB_Chest_Radiography_Database/Normal/Normal-3158.png,0,rahman,2399
data/raw/TB_Chest_Radiography_Database/Normal/Normal-3159.png,0,rahman,2400
data/raw/TB_Chest_Radiography_Database/Normal/Normal-316.png,0,rahman,2401
data/raw/TB_Chest_Radiography_Database/Normal/Normal-3160.png,0,rahman,2402
data/raw/TB_Chest_Radiography_Database/Normal/Normal-3161.png,0,rahman,2403
data/raw/TB_Chest_Radiography_Database/Normal/Normal-3162.png,0,rahman,2404
data/raw/TB_Chest_Radiography_Database/Normal/Normal-3163.png,0,rahman,2405
data/raw/TB_Chest_Radiography_Database/Normal/Normal-3164.png,0,rahman,2406
data/raw/TB_Chest_Radiography_Database/Normal/Normal-3165.png,0,rahman,2407
data/raw/TB_Chest_Radiography_Database/Normal/Normal-3166.png,0,rahman,2408
data/raw/TB_Chest_Radiography_Database/Normal/Normal-3167.png,0,rahman,2409
data/raw/TB_Chest_Radiography_Database/Normal/Normal-3168.png,0,rahman,2410
data/raw/TB_Chest_Radiography_Database/Normal/Normal-3169.png,0,rahman,2411
data/raw/TB_Chest_Radiography_Database/Normal/Normal-317.png,0,rahman,2412
data/raw/TB_Chest_Radiography_Database/Normal/Normal-3170.png,0,rahman,2413
data/raw/TB_Chest_Radiography_Database/Normal/Normal-3171.png,0,rahman,2414
data/raw/TB_Chest_Radiography_Database/Normal/Normal-3172.png,0,rahman,2415
data/raw/TB_Chest_Radiography_Database/Normal/Normal-3173.png,0,rahman,2416
data/raw/TB_Chest_Radiography_Database/Normal/Normal-3175.png,0,rahman,2418
data/raw/TB_Chest_Radiography_Database/Normal/Normal-3176.png,0,rahman,2419
data/raw/TB_Chest_Radiography_Database/Normal/Normal-3177.png,0,rahman,2420
data/raw/TB_Chest_Radiography_Database/Normal/Normal-3179.png,0,rahman,2422
data/raw/TB_Chest_Radiography_Database/Normal/Normal-3180.png,0,rahman,2424
data/raw/TB_Chest_Radiography_Database/Normal/Normal-3181.png,0,rahman,2425
data/raw/TB_Chest_Radiography_Database/Normal/Normal-3182.png,0,rahman,2426
data/raw/TB_Chest_Radiography_Database/Normal/Normal-3183.png,0,rahman,2427
data/raw/TB_Chest_Radiography_Database/Normal/Normal-3184.png,0,rahman,2428
data/raw/TB_Chest_Radiography_Database/Normal/Normal-3185.png,0,rahman,2429
data/raw/TB_Chest_Radiography_Database/Normal/Normal-3186.png,0,rahman,2430
data/raw/TB_Chest_Radiography_Database/Normal/Normal-3187.png,0,rahman,2431
data/raw/TB_Chest_Radiography_Database/Normal/Normal-3188.png,0,rahman,2432
data/raw/TB_Chest_Radiography_Database/Normal/Normal-3189.png,0,rahman,2433
data/raw/TB_Chest_Radiography_Database/Normal/Normal-319.png,0,rahman,2434
data/raw/TB_Chest_Radiography_Database/Normal/Normal-3190.png,0,rahman,2435
data/raw/TB_Chest_Radiography_Database/Normal/Normal-3192.png,0,rahman,2437
data/raw/TB_Chest_Radiography_Database/Normal/Normal-3193.png,0,rahman,2438
data/raw/TB_Chest_Radiography_Database/Normal/Normal-3194.png,0,rahman,2439
data/raw/TB_Chest_Radiography_Database/Normal/Normal-3195.png,0,rahman,2440
data/raw/TB_Chest_Radiography_Database/Normal/Normal-3197.png,0,rahman,2442
data/raw/TB_Chest_Radiography_Database/Normal/Normal-3198.png,0,rahman,2443
data/raw/TB_Chest_Radiography_Database/Normal/Normal-3199.png,0,rahman,2444
data/raw/TB_Chest_Radiography_Database/Normal/Normal-32.png,0,rahman,2445
data/raw/TB_Chest_Radiography_Database/Normal/Normal-320.png,0,rahman,2446
data/raw/TB_Chest_Radiography_Database/Normal/Normal-3200.png,0,rahman,2447
data/raw/TB_Chest_Radiography_Database/Normal/Normal-3201.png,0,rahman,2448
data/raw/TB_Chest_Radiography_Database/Normal/Normal-3202.png,0,rahman,2449
data/raw/TB_Chest_Radiography_Database/Normal/Normal-3203.png,0,rahman,2450
data/raw/TB_Chest_Radiography_Database/Normal/Normal-3204.png,0,rahman,2451
data/raw/TB_Chest_Radiography_Database/Normal/Normal-3205.png,0,rahman,2452
data/raw/TB_Chest_Radiography_Database/Normal/Normal-3207.png,0,rahman,2454
data/raw/TB_Chest_Radiography_Database/Normal/Normal-3208.png,0,rahman,2455
data/raw/TB_Chest_Radiography_Database/Normal/Normal-3209.png,0,rahman,2456
data/raw/TB_Chest_Radiography_Database/Normal/Normal-321.png,0,rahman,2457
data/raw/TB_Chest_Radiography_Database/Normal/Normal-3210.png,0,rahman,2458
data/raw/TB_Chest_Radiography_Database/Normal/Normal-3211.png,0,rahman,2459
data/raw/TB_Chest_Radiography_Database/Normal/Normal-3212.png,0,rahman,2460
data/raw/TB_Chest_Radiography_Database/Normal/Normal-3213.png,0,rahman,2461
data/raw/TB_Chest_Radiography_Database/Normal/Normal-3214.png,0,rahman,2462
data/raw/TB_Chest_Radiography_Database/Normal/Normal-3216.png,0,rahman,2464
data/raw/TB_Chest_Radiography_Database/Normal/Normal-3217.png,0,rahman,2465
data/raw/TB_Chest_Radiography_Database/Normal/Normal-3218.png,0,rahman,2466
data/raw/TB_Chest_Radiography_Database/Normal/Normal-322.png,0,rahman,2468
data/raw/TB_Chest_Radiography_Database/Normal/Normal-3222.png,0,rahman,2471
data/raw/TB_Chest_Radiography_Database/Normal/Normal-3223.png,0,rahman,2472
data/raw/TB_Chest_Radiography_Database/Normal/Normal-3224.png,0,rahman,2473
data/raw/TB_Chest_Radiography_Database/Normal/Normal-3225.png,0,rahman,2474
data/raw/TB_Chest_Radiography_Database/Normal/Normal-3226.png,0,rahman,2475
data/raw/TB_Chest_Radiography_Database/Normal/Normal-3227.png,0,rahman,2476
data/raw/TB_Chest_Radiography_Database/Normal/Normal-3228.png,0,rahman,2477
data/raw/TB_Chest_Radiography_Database/Normal/Normal-3229.png,0,rahman,2478
data/raw/TB_Chest_Radiography_Database/Normal/Normal-323.png,0,rahman,2479
data/raw/TB_Chest_Radiography_Database/Normal/Normal-3230.png,0,rahman,2480
data/raw/TB_Chest_Radiography_Database/Normal/Normal-3231.png,0,rahman,2481
data/raw/TB_Chest_Radiography_Database/Normal/Normal-3233.png,0,rahman,2483
data/raw/TB_Chest_Radiography_Database/Normal/Normal-3234.png,0,rahman,2484
data/raw/TB_Chest_Radiography_Database/Normal/Normal-3235.png,0,rahman,2485
data/raw/TB_Chest_Radiography_Database/Normal/Normal-3237.png,0,rahman,2487
data/raw/TB_Chest_Radiography_Database/Normal/Normal-3238.png,0,rahman,2488
data/raw/TB_Chest_Radiography_Database/Normal/Normal-3239.png,0,rahman,2489
data/raw/TB_Chest_Radiography_Database/Normal/Normal-324.png,0,rahman,2490
data/raw/TB_Chest_Radiography_Database/Normal/Normal-3240.png,0,rahman,2491
data/raw/TB_Chest_Radiography_Database/Normal/Normal-3241.png,0,rahman,2492
data/raw/TB_Chest_Radiography_Database/Normal/Normal-3242.png,0,rahman,2493
data/raw/TB_Chest_Radiography_Database/Normal/Normal-3244.png,0,rahman,2495
data/raw/TB_Chest_Radiography_Database/Normal/Normal-3245.png,0,rahman,2496
data/raw/TB_Chest_Radiography_Database/Normal/Normal-3246.png,0,rahman,2497
data/raw/TB_Chest_Radiography_Database/Normal/Normal-3247.png,0,rahman,2498
data/raw/TB_Chest_Radiography_Database/Normal/Normal-3248.png,0,rahman,2499
data/raw/TB_Chest_Radiography_Database/Normal/Normal-3249.png,0,rahman,2500
data/raw/TB_Chest_Radiography_Database/Normal/Normal-325.png,0,rahman,2501
data/raw/TB_Chest_Radiography_Database/Normal/Normal-3250.png,0,rahman,2502
data/raw/TB_Chest_Radiography_Database/Normal/Normal-3251.png,0,rahman,2503
data/raw/TB_Chest_Radiography_Database/Normal/Normal-3252.png,0,rahman,2504
data/raw/TB_Chest_Radiography_Database/Normal/Normal-3253.png,0,rahman,2505
data/raw/TB_Chest_Radiography_Database/Normal/Normal-3254.png,0,rahman,2506
data/raw/TB_Chest_Radiography_Database/Normal/Normal-3255.png,0,rahman,2507
data/raw/TB_Chest_Radiography_Database/Normal/Normal-3256.png,0,rahman,2508
data/raw/TB_Chest_Radiography_Database/Normal/Normal-3258.png,0,rahman,2510
data/raw/TB_Chest_Radiography_Database/Normal/Normal-3259.png,0,rahman,2511
data/raw/TB_Chest_Radiography_Database/Normal/Normal-326.png,0,rahman,2512
data/raw/TB_Chest_Radiography_Database/Normal/Normal-3260.png,0,rahman,2513
data/raw/TB_Chest_Radiography_Database/Normal/Normal-3261.png,0,rahman,2514
data/raw/TB_Chest_Radiography_Database/Normal/Normal-3262.png,0,rahman,2515
data/raw/TB_Chest_Radiography_Database/Normal/Normal-3263.png,0,rahman,2516
data/raw/TB_Chest_Radiography_Database/Normal/Normal-3264.png,0,rahman,2517
data/raw/TB_Chest_Radiography_Database/Normal/Normal-3265.png,0,rahman,2518
data/raw/TB_Chest_Radiography_Database/Normal/Normal-3266.png,0,rahman,2519
data/raw/TB_Chest_Radiography_Database/Normal/Normal-3267.png,0,rahman,2520
data/raw/TB_Chest_Radiography_Database/Normal/Normal-3269.png,0,rahman,2522
data/raw/TB_Chest_Radiography_Database/Normal/Normal-327.png,0,rahman,2523
data/raw/TB_Chest_Radiography_Database/Normal/Normal-3270.png,0,rahman,2524
data/raw/TB_Chest_Radiography_Database/Normal/Normal-3271.png,0,rahman,2525
data/raw/TB_Chest_Radiography_Database/Normal/Normal-3272.png,0,rahman,2526
data/raw/TB_Chest_Radiography_Database/Normal/Normal-3273.png,0,rahman,2527
data/raw/TB_Chest_Radiography_Database/Normal/Normal-3274.png,0,rahman,2528
data/raw/TB_Chest_Radiography_Database/Normal/Normal-3275.png,0,rahman,2529
data/raw/TB_Chest_Radiography_Database/Normal/Normal-3276.png,0,rahman,2530
data/raw/TB_Chest_Radiography_Database/Normal/Normal-3277.png,0,rahman,2531
data/raw/TB_Chest_Radiography_Database/Normal/Normal-3278.png,0,rahman,2532
data/raw/TB_Chest_Radiography_Database/Normal/Normal-3279.png,0,rahman,2533
data/raw/TB_Chest_Radiography_Database/Normal/Normal-3280.png,0,rahman,2535
data/raw/TB_Chest_Radiography_Database/Normal/Normal-3281.png,0,rahman,2536
data/raw/TB_Chest_Radiography_Database/Normal/Normal-3282.png,0,rahman,2537
data/raw/TB_Chest_Radiography_Database/Normal/Normal-3283.png,0,rahman,2538
data/raw/TB_Chest_Radiography_Database/Normal/Normal-3284.png,0,rahman,2539
data/raw/TB_Chest_Radiography_Database/Normal/Normal-3285.png,0,rahman,2540
data/raw/TB_Chest_Radiography_Database/Normal/Normal-3287.png,0,rahman,2542
data/raw/TB_Chest_Radiography_Database/Normal/Normal-3288.png,0,rahman,2543
data/raw/TB_Chest_Radiography_Database/Normal/Normal-3289.png,0,rahman,2544
data/raw/TB_Chest_Radiography_Database/Normal/Normal-329.png,0,rahman,2545
data/raw/TB_Chest_Radiography_Database/Normal/Normal-3290.png,0,rahman,2546
data/raw/TB_Chest_Radiography_Database/Normal/Normal-3291.png,0,rahman,2547
data/raw/TB_Chest_Radiography_Database/Normal/Normal-3292.png,0,rahman,2548
data/raw/TB_Chest_Radiography_Database/Normal/Normal-3293.png,0,rahman,2549
data/raw/TB_Chest_Radiography_Database/Normal/Normal-3294.png,0,rahman,2550
data/raw/TB_Chest_Radiography_Database/Normal/Normal-3295.png,0,rahman,2551
data/raw/TB_Chest_Radiography_Database/Normal/Normal-3296.png,0,rahman,2552
data/raw/TB_Chest_Radiography_Database/Normal/Normal-3298.png,0,rahman,2554
data/raw/TB_Chest_Radiography_Database/Normal/Normal-33.png,0,rahman,2556
data/raw/TB_Chest_Radiography_Database/Normal/Normal-330.png,0,rahman,2557
data/raw/TB_Chest_Radiography_Database/Normal/Normal-3300.png,0,rahman,2558
data/raw/TB_Chest_Radiography_Database/Normal/Normal-3301.png,0,rahman,2559
data/raw/TB_Chest_Radiography_Database/Normal/Normal-3302.png,0,rahman,2560
data/raw/TB_Chest_Radiography_Database/Normal/Normal-3303.png,0,rahman,2561
data/raw/TB_Chest_Radiography_Database/Normal/Normal-3304.png,0,rahman,2562
data/raw/TB_Chest_Radiography_Database/Normal/Normal-3305.png,0,rahman,2563
data/raw/TB_Chest_Radiography_Database/Normal/Normal-3306.png,0,rahman,2564
data/raw/TB_Chest_Radiography_Database/Normal/Normal-3307.png,0,rahman,2565
data/raw/TB_Chest_Radiography_Database/Normal/Normal-3308.png,0,rahman,2566
data/raw/TB_Chest_Radiography_Database/Normal/Normal-3309.png,0,rahman,2567
data/raw/TB_Chest_Radiography_Database/Normal/Normal-331.png,0,rahman,2568
data/raw/TB_Chest_Radiography_Database/Normal/Normal-3310.png,0,rahman,2569
data/raw/TB_Chest_Radiography_Database/Normal/Normal-3311.png,0,rahman,2570
data/raw/TB_Chest_Radiography_Database/Normal/Normal-3312.png,0,rahman,2571
data/raw/TB_Chest_Radiography_Database/Normal/Normal-3314.png,0,rahman,2573
data/raw/TB_Chest_Radiography_Database/Normal/Normal-3315.png,0,rahman,2574
data/raw/TB_Chest_Radiography_Database/Normal/Normal-3316.png,0,rahman,2575
data/raw/TB_Chest_Radiography_Database/Normal/Normal-3317.png,0,rahman,2576
data/raw/TB_Chest_Radiography_Database/Normal/Normal-3318.png,0,rahman,2577
data/raw/TB_Chest_Radiography_Database/Normal/Normal-3319.png,0,rahman,2578
data/raw/TB_Chest_Radiography_Database/Normal/Normal-332.png,0,rahman,2579
data/raw/TB_Chest_Radiography_Database/Normal/Normal-3320.png,0,rahman,2580
data/raw/TB_Chest_Radiography_Database/Normal/Normal-3321.png,0,rahman,2581
data/raw/TB_Chest_Radiography_Database/Normal/Normal-3323.png,0,rahman,2583
data/raw/TB_Chest_Radiography_Database/Normal/Normal-3324.png,0,rahman,2584
data/raw/TB_Chest_Radiography_Database/Normal/Normal-3326.png,0,rahman,2586
data/raw/TB_Chest_Radiography_Database/Normal/Normal-3327.png,0,rahman,2587
data/raw/TB_Chest_Radiography_Database/Normal/Normal-3328.png,0,rahman,2588
data/raw/TB_Chest_Radiography_Database/Normal/Normal-333.png,0,rahman,2590
data/raw/TB_Chest_Radiography_Database/Normal/Normal-3330.png,0,rahman,2591
data/raw/TB_Chest_Radiography_Database/Normal/Normal-3331.png,0,rahman,2592
data/raw/TB_Chest_Radiography_Database/Normal/Normal-3332.png,0,rahman,2593
data/raw/TB_Chest_Radiography_Database/Normal/Normal-3333.png,0,rahman,2594
data/raw/TB_Chest_Radiography_Database/Normal/Normal-3334.png,0,rahman,2595
data/raw/TB_Chest_Radiography_Database/Normal/Normal-3336.png,0,rahman,2597
data/raw/TB_Chest_Radiography_Database/Normal/Normal-3337.png,0,rahman,2598
data/raw/TB_Chest_Radiography_Database/Normal/Normal-3338.png,0,rahman,2599
data/raw/TB_Chest_Radiography_Database/Normal/Normal-3339.png,0,rahman,2600
data/raw/TB_Chest_Radiography_Database/Normal/Normal-334.png,0,rahman,2601
data/raw/TB_Chest_Radiography_Database/Normal/Normal-3340.png,0,rahman,2602
data/raw/TB_Chest_Radiography_Database/Normal/Normal-3341.png,0,rahman,2603
data/raw/TB_Chest_Radiography_Database/Normal/Normal-3342.png,0,rahman,2604
data/raw/TB_Chest_Radiography_Database/Normal/Normal-3343.png,0,rahman,2605
data/raw/TB_Chest_Radiography_Database/Normal/Normal-3344.png,0,rahman,2606
data/raw/TB_Chest_Radiography_Database/Normal/Normal-3345.png,0,rahman,2607
data/raw/TB_Chest_Radiography_Database/Normal/Normal-3347.png,0,rahman,2609
data/raw/TB_Chest_Radiography_Database/Normal/Normal-3348.png,0,rahman,2610
data/raw/TB_Chest_Radiography_Database/Normal/Normal-3349.png,0,rahman,2611
data/raw/TB_Chest_Radiography_Database/Normal/Normal-3351.png,0,rahman,2614
data/raw/TB_Chest_Radiography_Database/Normal/Normal-3352.png,0,rahman,2615
data/raw/TB_Chest_Radiography_Database/Normal/Normal-3353.png,0,rahman,2616
data/raw/TB_Chest_Radiography_Database/Normal/Normal-3354.png,0,rahman,2617
data/raw/TB_Chest_Radiography_Database/Normal/Normal-3355.png,0,rahman,2618
data/raw/TB_Chest_Radiography_Database/Normal/Normal-3356.png,0,rahman,2619
data/raw/TB_Chest_Radiography_Database/Normal/Normal-3358.png,0,rahman,2621
data/raw/TB_Chest_Radiography_Database/Normal/Normal-3359.png,0,rahman,2622
data/raw/TB_Chest_Radiography_Database/Normal/Normal-336.png,0,rahman,2623
data/raw/TB_Chest_Radiography_Database/Normal/Normal-3360.png,0,rahman,2624
data/raw/TB_Chest_Radiography_Database/Normal/Normal-3361.png,0,rahman,2625
data/raw/TB_Chest_Radiography_Database/Normal/Normal-3362.png,0,rahman,2626
data/raw/TB_Chest_Radiography_Database/Normal/Normal-3363.png,0,rahman,2627
data/raw/TB_Chest_Radiography_Database/Normal/Normal-3364.png,0,rahman,2628
data/raw/TB_Chest_Radiography_Database/Normal/Normal-3365.png,0,rahman,2629
data/raw/TB_Chest_Radiography_Database/Normal/Normal-3366.png,0,rahman,2630
data/raw/TB_Chest_Radiography_Database/Normal/Normal-3368.png,0,rahman,2632
data/raw/TB_Chest_Radiography_Database/Normal/Normal-3369.png,0,rahman,2633
data/raw/TB_Chest_Radiography_Database/Normal/Normal-337.png,0,rahman,2634
data/raw/TB_Chest_Radiography_Database/Normal/Normal-3371.png,0,rahman,2636
data/raw/TB_Chest_Radiography_Database/Normal/Normal-3372.png,0,rahman,2637
data/raw/TB_Chest_Radiography_Database/Normal/Normal-3374.png,0,rahman,2639
data/raw/TB_Chest_Radiography_Database/Normal/Normal-3375.png,0,rahman,2640
data/raw/TB_Chest_Radiography_Database/Normal/Normal-3376.png,0,rahman,2641
data/raw/TB_Chest_Radiography_Database/Normal/Normal-3377.png,0,rahman,2642
data/raw/TB_Chest_Radiography_Database/Normal/Normal-3378.png,0,rahman,2643
data/raw/TB_Chest_Radiography_Database/Normal/Normal-3380.png,0,rahman,2646
data/raw/TB_Chest_Radiography_Database/Normal/Normal-3381.png,0,rahman,2647
data/raw/TB_Chest_Radiography_Database/Normal/Normal-3382.png,0,rahman,2648
data/raw/TB_Chest_Radiography_Database/Normal/Normal-3384.png,0,rahman,2650
data/raw/TB_Chest_Radiography_Database/Normal/Normal-3385.png,0,rahman,2651
data/raw/TB_Chest_Radiography_Database/Normal/Normal-3386.png,0,rahman,2652
data/raw/TB_Chest_Radiography_Database/Normal/Normal-3389.png,0,rahman,2655
data/raw/TB_Chest_Radiography_Database/Normal/Normal-3390.png,0,rahman,2657
data/raw/TB_Chest_Radiography_Database/Normal/Normal-3391.png,0,rahman,2658
data/raw/TB_Chest_Radiography_Database/Normal/Normal-3392.png,0,rahman,2659
data/raw/TB_Chest_Radiography_Database/Normal/Normal-3393.png,0,rahman,2660
data/raw/TB_Chest_Radiography_Database/Normal/Normal-3394.png,0,rahman,2661
data/raw/TB_Chest_Radiography_Database/Normal/Normal-3397.png,0,rahman,2664
data/raw/TB_Chest_Radiography_Database/Normal/Normal-3398.png,0,rahman,2665
data/raw/TB_Chest_Radiography_Database/Normal/Normal-3399.png,0,rahman,2666
data/raw/TB_Chest_Radiography_Database/Normal/Normal-34.png,0,rahman,2667
data/raw/TB_Chest_Radiography_Database/Normal/Normal-340.png,0,rahman,2668
data/raw/TB_Chest_Radiography_Database/Normal/Normal-3400.png,0,rahman,2669
data/raw/TB_Chest_Radiography_Database/Normal/Normal-3401.png,0,rahman,2670
data/raw/TB_Chest_Radiography_Database/Normal/Normal-3402.png,0,rahman,2671
data/raw/TB_Chest_Radiography_Database/Normal/Normal-3403.png,0,rahman,2672
data/raw/TB_Chest_Radiography_Database/Normal/Normal-3404.png,0,rahman,2673
data/raw/TB_Chest_Radiography_Database/Normal/Normal-3405.png,0,rahman,2674
data/raw/TB_Chest_Radiography_Database/Normal/Normal-3406.png,0,rahman,2675
data/raw/TB_Chest_Radiography_Database/Normal/Normal-3407.png,0,rahman,2676
data/raw/TB_Chest_Radiography_Database/Normal/Normal-3408.png,0,rahman,2677
data/raw/TB_Chest_Radiography_Database/Normal/Normal-3409.png,0,rahman,2678
data/raw/TB_Chest_Radiography_Database/Normal/Normal-341.png,0,rahman,2679
data/raw/TB_Chest_Radiography_Database/Normal/Normal-3411.png,0,rahman,2681
data/raw/TB_Chest_Radiography_Database/Normal/Normal-3412.png,0,rahman,2682
data/raw/TB_Chest_Radiography_Database/Normal/Normal-3413.png,0,rahman,2683
data/raw/TB_Chest_Radiography_Database/Normal/Normal-3414.png,0,rahman,2684
data/raw/TB_Chest_Radiography_Database/Normal/Normal-3416.png,0,rahman,2686
data/raw/TB_Chest_Radiography_Database/Normal/Normal-3417.png,0,rahman,2687
data/raw/TB_Chest_Radiography_Database/Normal/Normal-3418.png,0,rahman,2688
data/raw/TB_Chest_Radiography_Database/Normal/Normal-3419.png,0,rahman,2689
data/raw/TB_Chest_Radiography_Database/Normal/Normal-342.png,0,rahman,2690
data/raw/TB_Chest_Radiography_Database/Normal/Normal-3420.png,0,rahman,2691
data/raw/TB_Chest_Radiography_Database/Normal/Normal-3422.png,0,rahman,2693
data/raw/TB_Chest_Radiography_Database/Normal/Normal-3423.png,0,rahman,2694
data/raw/TB_Chest_Radiography_Database/Normal/Normal-3424.png,0,rahman,2695
data/raw/TB_Chest_Radiography_Database/Normal/Normal-3426.png,0,rahman,2697
data/raw/TB_Chest_Radiography_Database/Normal/Normal-3427.png,0,rahman,2698
data/raw/TB_Chest_Radiography_Database/Normal/Normal-3428.png,0,rahman,2699
data/raw/TB_Chest_Radiography_Database/Normal/Normal-3429.png,0,rahman,2700
data/raw/TB_Chest_Radiography_Database/Normal/Normal-343.png,0,rahman,2701
data/raw/TB_Chest_Radiography_Database/Normal/Normal-3430.png,0,rahman,2702
data/raw/TB_Chest_Radiography_Database/Normal/Normal-3431.png,0,rahman,2703
data/raw/TB_Chest_Radiography_Database/Normal/Normal-3434.png,0,rahman,2706
data/raw/TB_Chest_Radiography_Database/Normal/Normal-3435.png,0,rahman,2707
data/raw/TB_Chest_Radiography_Database/Normal/Normal-3436.png,0,rahman,2708
data/raw/TB_Chest_Radiography_Database/Normal/Normal-3437.png,0,rahman,2709
data/raw/TB_Chest_Radiography_Database/Normal/Normal-3438.png,0,rahman,2710
data/raw/TB_Chest_Radiography_Database/Normal/Normal-3439.png,0,rahman,2711
data/raw/TB_Chest_Radiography_Database/Normal/Normal-344.png,0,rahman,2712
data/raw/TB_Chest_Radiography_Database/Normal/Normal-3440.png,0,rahman,2713
data/raw/TB_Chest_Radiography_Database/Normal/Normal-3441.png,0,rahman,2714
data/raw/TB_Chest_Radiography_Database/Normal/Normal-3442.png,0,rahman,2715
data/raw/TB_Chest_Radiography_Database/Normal/Normal-3444.png,0,rahman,2717
data/raw/TB_Chest_Radiography_Database/Normal/Normal-3445.png,0,rahman,2718
data/raw/TB_Chest_Radiography_Database/Normal/Normal-3446.png,0,rahman,2719
data/raw/TB_Chest_Radiography_Database/Normal/Normal-3447.png,0,rahman,2720
data/raw/TB_Chest_Radiography_Database/Normal/Normal-3448.png,0,rahman,2721
data/raw/TB_Chest_Radiography_Database/Normal/Normal-3449.png,0,rahman,2722
data/raw/TB_Chest_Radiography_Database/Normal/Normal-345.png,0,rahman,2723
data/raw/TB_Chest_Radiography_Database/Normal/Normal-3452.png,0,rahman,2726
data/raw/TB_Chest_Radiography_Database/Normal/Normal-3453.png,0,rahman,2727
data/raw/TB_Chest_Radiography_Database/Normal/Normal-3454.png,0,rahman,2728
data/raw/TB_Chest_Radiography_Database/Normal/Normal-3456.png,0,rahman,2730
data/raw/TB_Chest_Radiography_Database/Normal/Normal-3457.png,0,rahman,2731
data/raw/TB_Chest_Radiography_Database/Normal/Normal-3459.png,0,rahman,2733
data/raw/TB_Chest_Radiography_Database/Normal/Normal-346.png,0,rahman,2734
data/raw/TB_Chest_Radiography_Database/Normal/Normal-3462.png,0,rahman,2737
data/raw/TB_Chest_Radiography_Database/Normal/Normal-3463.png,0,rahman,2738
data/raw/TB_Chest_Radiography_Database/Normal/Normal-3464.png,0,rahman,2739
data/raw/TB_Chest_Radiography_Database/Normal/Normal-3466.png,0,rahman,2741
data/raw/TB_Chest_Radiography_Database/Normal/Normal-3467.png,0,rahman,2742
data/raw/TB_Chest_Radiography_Database/Normal/Normal-3468.png,0,rahman,2743
data/raw/TB_Chest_Radiography_Database/Normal/Normal-3469.png,0,rahman,2744
data/raw/TB_Chest_Radiography_Database/Normal/Normal-347.png,0,rahman,2745
data/raw/TB_Chest_Radiography_Database/Normal/Normal-3470.png,0,rahman,2746
data/raw/TB_Chest_Radiography_Database/Normal/Normal-3471.png,0,rahman,2747
data/raw/TB_Chest_Radiography_Database/Normal/Normal-3472.png,0,rahman,2748
data/raw/TB_Chest_Radiography_Database/Normal/Normal-3474.png,0,rahman,2750
data/raw/TB_Chest_Radiography_Database/Normal/Normal-3475.png,0,rahman,2751
data/raw/TB_Chest_Radiography_Database/Normal/Normal-3476.png,0,rahman,2752
data/raw/TB_Chest_Radiography_Database/Normal/Normal-3478.png,0,rahman,2754
data/raw/TB_Chest_Radiography_Database/Normal/Normal-3479.png,0,rahman,2755
data/raw/TB_Chest_Radiography_Database/Normal/Normal-348.png,0,rahman,2756
data/raw/TB_Chest_Radiography_Database/Normal/Normal-3480.png,0,rahman,2757
data/raw/TB_Chest_Radiography_Database/Normal/Normal-3481.png,0,rahman,2758
data/raw/TB_Chest_Radiography_Database/Normal/Normal-3482.png,0,rahman,2759
data/raw/TB_Chest_Radiography_Database/Normal/Normal-3483.png,0,rahman,2760
data/raw/TB_Chest_Radiography_Database/Normal/Normal-3484.png,0,rahman,2761
data/raw/TB_Chest_Radiography_Database/Normal/Normal-3485.png,0,rahman,2762
data/raw/TB_Chest_Radiography_Database/Normal/Normal-3486.png,0,rahman,2763
data/raw/TB_Chest_Radiography_Database/Normal/Normal-3488.png,0,rahman,2765
data/raw/TB_Chest_Radiography_Database/Normal/Normal-3489.png,0,rahman,2766
data/raw/TB_Chest_Radiography_Database/Normal/Normal-349.png,0,rahman,2767
data/raw/TB_Chest_Radiography_Database/Normal/Normal-3491.png,0,rahman,2769
data/raw/TB_Chest_Radiography_Database/Normal/Normal-3492.png,0,rahman,2770
data/raw/TB_Chest_Radiography_Database/Normal/Normal-3493.png,0,rahman,2771
data/raw/TB_Chest_Radiography_Database/Normal/Normal-3494.png,0,rahman,2772
data/raw/TB_Chest_Radiography_Database/Normal/Normal-3495.png,0,rahman,2773
data/raw/TB_Chest_Radiography_Database/Normal/Normal-3496.png,0,rahman,2774
data/raw/TB_Chest_Radiography_Database/Normal/Normal-3498.png,0,rahman,2776
data/raw/TB_Chest_Radiography_Database/Normal/Normal-35.png,0,rahman,2778
data/raw/TB_Chest_Radiography_Database/Normal/Normal-350.png,0,rahman,2779
data/raw/TB_Chest_Radiography_Database/Normal/Normal-3500.png,0,rahman,2780
data/raw/TB_Chest_Radiography_Database/Normal/Normal-351.png,0,rahman,2781
data/raw/TB_Chest_Radiography_Database/Normal/Normal-352.png,0,rahman,2782
data/raw/TB_Chest_Radiography_Database/Normal/Normal-354.png,0,rahman,2784
data/raw/TB_Chest_Radiography_Database/Normal/Normal-355.png,0,rahman,2785
data/raw/TB_Chest_Radiography_Database/Normal/Normal-356.png,0,rahman,2786
data/raw/TB_Chest_Radiography_Database/Normal/Normal-357.png,0,rahman,2787
data/raw/TB_Chest_Radiography_Database/Normal/Normal-358.png,0,rahman,2788
data/raw/TB_Chest_Radiography_Database/Normal/Normal-359.png,0,rahman,2789
data/raw/TB_Chest_Radiography_Database/Normal/Normal-36.png,0,rahman,2790
data/raw/TB_Chest_Radiography_Database/Normal/Normal-360.png,0,rahman,2791
data/raw/TB_Chest_Radiography_Database/Normal/Normal-361.png,0,rahman,2792
data/raw/TB_Chest_Radiography_Database/Normal/Normal-362.png,0,rahman,2793
data/raw/TB_Chest_Radiography_Database/Normal/Normal-363.png,0,rahman,2794
data/raw/TB_Chest_Radiography_Database/Normal/Normal-364.png,0,rahman,2795
data/raw/TB_Chest_Radiography_Database/Normal/Normal-365.png,0,rahman,2796
data/raw/TB_Chest_Radiography_Database/Normal/Normal-366.png,0,rahman,2797
data/raw/TB_Chest_Radiography_Database/Normal/Normal-367.png,0,rahman,2798
data/raw/TB_Chest_Radiography_Database/Normal/Normal-368.png,0,rahman,2799
data/raw/TB_Chest_Radiography_Database/Normal/Normal-369.png,0,rahman,2800
data/raw/TB_Chest_Radiography_Database/Normal/Normal-37.png,0,rahman,2801
data/raw/TB_Chest_Radiography_Database/Normal/Normal-370.png,0,rahman,2802
data/raw/TB_Chest_Radiography_Database/Normal/Normal-371.png,0,rahman,2803
data/raw/TB_Chest_Radiography_Database/Normal/Normal-372.png,0,rahman,2804
data/raw/TB_Chest_Radiography_Database/Normal/Normal-373.png,0,rahman,2805
data/raw/TB_Chest_Radiography_Database/Normal/Normal-374.png,0,rahman,2806
data/raw/TB_Chest_Radiography_Database/Normal/Normal-375.png,0,rahman,2807
data/raw/TB_Chest_Radiography_Database/Normal/Normal-376.png,0,rahman,2808
data/raw/TB_Chest_Radiography_Database/Normal/Normal-377.png,0,rahman,2809
data/raw/TB_Chest_Radiography_Database/Normal/Normal-378.png,0,rahman,2810
data/raw/TB_Chest_Radiography_Database/Normal/Normal-379.png,0,rahman,2811
data/raw/TB_Chest_Radiography_Database/Normal/Normal-380.png,0,rahman,2813
data/raw/TB_Chest_Radiography_Database/Normal/Normal-381.png,0,rahman,2814
data/raw/TB_Chest_Radiography_Database/Normal/Normal-382.png,0,rahman,2815
data/raw/TB_Chest_Radiography_Database/Normal/Normal-383.png,0,rahman,2816
data/raw/TB_Chest_Radiography_Database/Normal/Normal-384.png,0,rahman,2817
data/raw/TB_Chest_Radiography_Database/Normal/Normal-387.png,0,rahman,2820
data/raw/TB_Chest_Radiography_Database/Normal/Normal-388.png,0,rahman,2821
data/raw/TB_Chest_Radiography_Database/Normal/Normal-389.png,0,rahman,2822
data/raw/TB_Chest_Radiography_Database/Normal/Normal-392.png,0,rahman,2826
data/raw/TB_Chest_Radiography_Database/Normal/Normal-393.png,0,rahman,2827
data/raw/TB_Chest_Radiography_Database/Normal/Normal-395.png,0,rahman,2829
data/raw/TB_Chest_Radiography_Database/Normal/Normal-396.png,0,rahman,2830
data/raw/TB_Chest_Radiography_Database/Normal/Normal-397.png,0,rahman,2831
data/raw/TB_Chest_Radiography_Database/Normal/Normal-398.png,0,rahman,2832
data/raw/TB_Chest_Radiography_Database/Normal/Normal-399.png,0,rahman,2833
data/raw/TB_Chest_Radiography_Database/Normal/Normal-400.png,0,rahman,2836
data/raw/TB_Chest_Radiography_Database/Normal/Normal-401.png,0,rahman,2837
data/raw/TB_Chest_Radiography_Database/Normal/Normal-402.png,0,rahman,2838
data/raw/TB_Chest_Radiography_Database/Normal/Normal-403.png,0,rahman,2839
data/raw/TB_Chest_Radiography_Database/Normal/Normal-406.png,0,rahman,2842
data/raw/TB_Chest_Radiography_Database/Normal/Normal-407.png,0,rahman,2843
data/raw/TB_Chest_Radiography_Database/Normal/Normal-408.png,0,rahman,2844
data/raw/TB_Chest_Radiography_Database/Normal/Normal-409.png,0,rahman,2845
data/raw/TB_Chest_Radiography_Database/Normal/Normal-41.png,0,rahman,2846
data/raw/TB_Chest_Radiography_Database/Normal/Normal-411.png,0,rahman,2848
data/raw/TB_Chest_Radiography_Database/Normal/Normal-412.png,0,rahman,2849
data/raw/TB_Chest_Radiography_Database/Normal/Normal-413.png,0,rahman,2850
data/raw/TB_Chest_Radiography_Database/Normal/Normal-414.png,0,rahman,2851
data/raw/TB_Chest_Radiography_Database/Normal/Normal-415.png,0,rahman,2852
data/raw/TB_Chest_Radiography_Database/Normal/Normal-416.png,0,rahman,2853
data/raw/TB_Chest_Radiography_Database/Normal/Normal-419.png,0,rahman,2856
data/raw/TB_Chest_Radiography_Database/Normal/Normal-420.png,0,rahman,2858
data/raw/TB_Chest_Radiography_Database/Normal/Normal-421.png,0,rahman,2859
data/raw/TB_Chest_Radiography_Database/Normal/Normal-423.png,0,rahman,2861
data/raw/TB_Chest_Radiography_Database/Normal/Normal-425.png,0,rahman,2863
data/raw/TB_Chest_Radiography_Database/Normal/Normal-426.png,0,rahman,2864
data/raw/TB_Chest_Radiography_Database/Normal/Normal-427.png,0,rahman,2865
data/raw/TB_Chest_Radiography_Database/Normal/Normal-428.png,0,rahman,2866
data/raw/TB_Chest_Radiography_Database/Normal/Normal-429.png,0,rahman,2867
data/raw/TB_Chest_Radiography_Database/Normal/Normal-43.png,0,rahman,2868
data/raw/TB_Chest_Radiography_Database/Normal/Normal-430.png,0,rahman,2869
data/raw/TB_Chest_Radiography_Database/Normal/Normal-431.png,0,rahman,2870
data/raw/TB_Chest_Radiography_Database/Normal/Normal-433.png,0,rahman,2872
data/raw/TB_Chest_Radiography_Database/Normal/Normal-435.png,0,rahman,2874
data/raw/TB_Chest_Radiography_Database/Normal/Normal-436.png,0,rahman,2875
data/raw/TB_Chest_Radiography_Database/Normal/Normal-437.png,0,rahman,2876
data/raw/TB_Chest_Radiography_Database/Normal/Normal-438.png,0,rahman,2877
data/raw/TB_Chest_Radiography_Database/Normal/Normal-439.png,0,rahman,2878
data/raw/TB_Chest_Radiography_Database/Normal/Normal-440.png,0,rahman,2880
data/raw/TB_Chest_Radiography_Database/Normal/Normal-441.png,0,rahman,2881
data/raw/TB_Chest_Radiography_Database/Normal/Normal-442.png,0,rahman,2882
data/raw/TB_Chest_Radiography_Database/Normal/Normal-444.png,0,rahman,2884
data/raw/TB_Chest_Radiography_Database/Normal/Normal-445.png,0,rahman,2885
data/raw/TB_Chest_Radiography_Database/Normal/Normal-447.png,0,rahman,2887
data/raw/TB_Chest_Radiography_Database/Normal/Normal-448.png,0,rahman,2888
data/raw/TB_Chest_Radiography_Database/Normal/Normal-449.png,0,rahman,2889
data/raw/TB_Chest_Radiography_Database/Normal/Normal-45.png,0,rahman,2890
data/raw/TB_Chest_Radiography_Database/Normal/Normal-450.png,0,rahman,2891
data/raw/TB_Chest_Radiography_Database/Normal/Normal-451.png,0,rahman,2892
data/raw/TB_Chest_Radiography_Database/Normal/Normal-452.png,0,rahman,2893
data/raw/TB_Chest_Radiography_Database/Normal/Normal-453.png,0,rahman,2894
data/raw/TB_Chest_Radiography_Database/Normal/Normal-454.png,0,rahman,2895
data/raw/TB_Chest_Radiography_Database/Normal/Normal-455.png,0,rahman,2896
data/raw/TB_Chest_Radiography_Database/Normal/Normal-456.png,0,rahman,2897
data/raw/TB_Chest_Radiography_Database/Normal/Normal-457.png,0,rahman,2898
data/raw/TB_Chest_Radiography_Database/Normal/Normal-459.png,0,rahman,2900
data/raw/TB_Chest_Radiography_Database/Normal/Normal-46.png,0,rahman,2901
data/raw/TB_Chest_Radiography_Database/Normal/Normal-462.png,0,rahman,2904
data/raw/TB_Chest_Radiography_Database/Normal/Normal-463.png,0,rahman,2905
data/raw/TB_Chest_Radiography_Database/Normal/Normal-464.png,0,rahman,2906
data/raw/TB_Chest_Radiography_Database/Normal/Normal-465.png,0,rahman,2907
data/raw/TB_Chest_Radiography_Database/Normal/Normal-466.png,0,rahman,2908
data/raw/TB_Chest_Radiography_Database/Normal/Normal-467.png,0,rahman,2909
data/raw/TB_Chest_Radiography_Database/Normal/Normal-468.png,0,rahman,2910
data/raw/TB_Chest_Radiography_Database/Normal/Normal-469.png,0,rahman,2911
data/raw/TB_Chest_Radiography_Database/Normal/Normal-47.png,0,rahman,2912
data/raw/TB_Chest_Radiography_Database/Normal/Normal-470.png,0,rahman,2913
data/raw/TB_Chest_Radiography_Database/Normal/Normal-471.png,0,rahman,2914
data/raw/TB_Chest_Radiography_Database/Normal/Normal-472.png,0,rahman,2915
data/raw/TB_Chest_Radiography_Database/Normal/Normal-473.png,0,rahman,2916
data/raw/TB_Chest_Radiography_Database/Normal/Normal-474.png,0,rahman,2917
data/raw/TB_Chest_Radiography_Database/Normal/Normal-475.png,0,rahman,2918
data/raw/TB_Chest_Radiography_Database/Normal/Normal-477.png,0,rahman,2920
data/raw/TB_Chest_Radiography_Database/Normal/Normal-478.png,0,rahman,2921
data/raw/TB_Chest_Radiography_Database/Normal/Normal-479.png,0,rahman,2922
data/raw/TB_Chest_Radiography_Database/Normal/Normal-480.png,0,rahman,2924
data/raw/TB_Chest_Radiography_Database/Normal/Normal-481.png,0,rahman,2925
data/raw/TB_Chest_Radiography_Database/Normal/Normal-482.png,0,rahman,2926
data/raw/TB_Chest_Radiography_Database/Normal/Normal-483.png,0,rahman,2927
data/raw/TB_Chest_Radiography_Database/Normal/Normal-484.png,0,rahman,2928
data/raw/TB_Chest_Radiography_Database/Normal/Normal-485.png,0,rahman,2929
data/raw/TB_Chest_Radiography_Database/Normal/Normal-486.png,0,rahman,2930
data/raw/TB_Chest_Radiography_Database/Normal/Normal-487.png,0,rahman,2931
data/raw/TB_Chest_Radiography_Database/Normal/Normal-488.png,0,rahman,2932
data/raw/TB_Chest_Radiography_Database/Normal/Normal-489.png,0,rahman,2933
data/raw/TB_Chest_Radiography_Database/Normal/Normal-49.png,0,rahman,2934
data/raw/TB_Chest_Radiography_Database/Normal/Normal-490.png,0,rahman,2935
data/raw/TB_Chest_Radiography_Database/Normal/Normal-491.png,0,rahman,2936
data/raw/TB_Chest_Radiography_Database/Normal/Normal-492.png,0,rahman,2937
data/raw/TB_Chest_Radiography_Database/Normal/Normal-493.png,0,rahman,2938
data/raw/TB_Chest_Radiography_Database/Normal/Normal-494.png,0,rahman,2939
data/raw/TB_Chest_Radiography_Database/Normal/Normal-495.png,0,rahman,2940
data/raw/TB_Chest_Radiography_Database/Normal/Normal-496.png,0,rahman,2941
data/raw/TB_Chest_Radiography_Database/Normal/Normal-497.png,0,rahman,2942
data/raw/TB_Chest_Radiography_Database/Normal/Normal-498.png,0,rahman,2943
data/raw/TB_Chest_Radiography_Database/Normal/Normal-499.png,0,rahman,2944
data/raw/TB_Chest_Radiography_Database/Normal/Normal-5.png,0,rahman,2945
data/raw/TB_Chest_Radiography_Database/Normal/Normal-50.png,0,rahman,2946
data/raw/TB_Chest_Radiography_Database/Normal/Normal-500.png,0,rahman,2947
data/raw/TB_Chest_Radiography_Database/Normal/Normal-501.png,0,rahman,2948
data/raw/TB_Chest_Radiography_Database/Normal/Normal-502.png,0,rahman,2949
data/raw/TB_Chest_Radiography_Database/Normal/Normal-503.png,0,rahman,2950
data/raw/TB_Chest_Radiography_Database/Normal/Normal-504.png,0,rahman,2951
data/raw/TB_Chest_Radiography_Database/Normal/Normal-505.png,0,rahman,2952
data/raw/TB_Chest_Radiography_Database/Normal/Normal-506.png,0,rahman,2953
data/raw/TB_Chest_Radiography_Database/Normal/Normal-508.png,0,rahman,2955
data/raw/TB_Chest_Radiography_Database/Normal/Normal-509.png,0,rahman,2956
data/raw/TB_Chest_Radiography_Database/Normal/Normal-51.png,0,rahman,2957
data/raw/TB_Chest_Radiography_Database/Normal/Normal-510.png,0,rahman,2958
data/raw/TB_Chest_Radiography_Database/Normal/Normal-511.png,0,rahman,2959
data/raw/TB_Chest_Radiography_Database/Normal/Normal-512.png,0,rahman,2960
data/raw/TB_Chest_Radiography_Database/Normal/Normal-513.png,0,rahman,2961
data/raw/TB_Chest_Radiography_Database/Normal/Normal-514.png,0,rahman,2962
data/raw/TB_Chest_Radiography_Database/Normal/Normal-515.png,0,rahman,2963
data/raw/TB_Chest_Radiography_Database/Normal/Normal-516.png,0,rahman,2964
data/raw/TB_Chest_Radiography_Database/Normal/Normal-517.png,0,rahman,2965
data/raw/TB_Chest_Radiography_Database/Normal/Normal-519.png,0,rahman,2967
data/raw/TB_Chest_Radiography_Database/Normal/Normal-52.png,0,rahman,2968
data/raw/TB_Chest_Radiography_Database/Normal/Normal-520.png,0,rahman,2969
data/raw/TB_Chest_Radiography_Database/Normal/Normal-521.png,0,rahman,2970
data/raw/TB_Chest_Radiography_Database/Normal/Normal-522.png,0,rahman,2971
data/raw/TB_Chest_Radiography_Database/Normal/Normal-525.png,0,rahman,2974
data/raw/TB_Chest_Radiography_Database/Normal/Normal-526.png,0,rahman,2975
data/raw/TB_Chest_Radiography_Database/Normal/Normal-527.png,0,rahman,2976
data/raw/TB_Chest_Radiography_Database/Normal/Normal-528.png,0,rahman,2977
data/raw/TB_Chest_Radiography_Database/Normal/Normal-529.png,0,rahman,2978
data/raw/TB_Chest_Radiography_Database/Normal/Normal-53.png,0,rahman,2979
data/raw/TB_Chest_Radiography_Database/Normal/Normal-530.png,0,rahman,2980
data/raw/TB_Chest_Radiography_Database/Normal/Normal-531.png,0,rahman,2981
data/raw/TB_Chest_Radiography_Database/Normal/Normal-532.png,0,rahman,2982
data/raw/TB_Chest_Radiography_Database/Normal/Normal-533.png,0,rahman,2983
data/raw/TB_Chest_Radiography_Database/Normal/Normal-534.png,0,rahman,2984
data/raw/TB_Chest_Radiography_Database/Normal/Normal-535.png,0,rahman,2985
data/raw/TB_Chest_Radiography_Database/Normal/Normal-536.png,0,rahman,2986
data/raw/TB_Chest_Radiography_Database/Normal/Normal-538.png,0,rahman,2988
data/raw/TB_Chest_Radiography_Database/Normal/Normal-539.png,0,rahman,2989
data/raw/TB_Chest_Radiography_Database/Normal/Normal-54.png,0,rahman,2990
data/raw/TB_Chest_Radiography_Database/Normal/Normal-541.png,0,rahman,2992
data/raw/TB_Chest_Radiography_Database/Normal/Normal-542.png,0,rahman,2993
data/raw/TB_Chest_Radiography_Database/Normal/Normal-544.png,0,rahman,2995
data/raw/TB_Chest_Radiography_Database/Normal/Normal-545.png,0,rahman,2996
data/raw/TB_Chest_Radiography_Database/Normal/Normal-546.png,0,rahman,2997
data/raw/TB_Chest_Radiography_Database/Normal/Normal-547.png,0,rahman,2998
data/raw/TB_Chest_Radiography_Database/Normal/Normal-548.png,0,rahman,2999
data/raw/TB_Chest_Radiography_Database/Normal/Normal-549.png,0,rahman,3000
data/raw/TB_Chest_Radiography_Database/Normal/Normal-55.png,0,rahman,3001
data/raw/TB_Chest_Radiography_Database/Normal/Normal-550.png,0,rahman,3002
data/raw/TB_Chest_Radiography_Database/Normal/Normal-551.png,0,rahman,3003
data/raw/TB_Chest_Radiography_Database/Normal/Normal-552.png,0,rahman,3004
data/raw/TB_Chest_Radiography_Database/Normal/Normal-554.png,0,rahman,3006
data/raw/TB_Chest_Radiography_Database/Normal/Normal-555.png,0,rahman,3007
data/raw/TB_Chest_Radiography_Database/Normal/Normal-556.png,0,rahman,3008
data/raw/TB_Chest_Radiography_Database/Normal/Normal-557.png,0,rahman,3009
data/raw/TB_Chest_Radiography_Database/Normal/Normal-558.png,0,rahman,3010
data/raw/TB_Chest_Radiography_Database/Normal/Normal-559.png,0,rahman,3011
data/raw/TB_Chest_Radiography_Database/Normal/Normal-560.png,0,rahman,3013
data/raw/TB_Chest_Radiography_Database/Normal/Normal-561.png,0,rahman,3014
data/raw/TB_Chest_Radiography_Database/Normal/Normal-562.png,0,rahman,3015
data/raw/TB_Chest_Radiography_Database/Normal/Normal-563.png,0,rahman,3016
data/raw/TB_Chest_Radiography_Database/Normal/Normal-566.png,0,rahman,3019
data/raw/TB_Chest_Radiography_Database/Normal/Normal-567.png,0,rahman,3020
data/raw/TB_Chest_Radiography_Database/Normal/Normal-569.png,0,rahman,3022
data/raw/TB_Chest_Radiography_Database/Normal/Normal-570.png,0,rahman,3024
data/raw/TB_Chest_Radiography_Database/Normal/Normal-571.png,0,rahman,3025
data/raw/TB_Chest_Radiography_Database/Normal/Normal-572.png,0,rahman,3026
data/raw/TB_Chest_Radiography_Database/Normal/Normal-573.png,0,rahman,3027
data/raw/TB_Chest_Radiography_Database/Normal/Normal-574.png,0,rahman,3028
data/raw/TB_Chest_Radiography_Database/Normal/Normal-575.png,0,rahman,3029
data/raw/TB_Chest_Radiography_Database/Normal/Normal-577.png,0,rahman,3031
data/raw/TB_Chest_Radiography_Database/Normal/Normal-578.png,0,rahman,3032
data/raw/TB_Chest_Radiography_Database/Normal/Normal-579.png,0,rahman,3033
data/raw/TB_Chest_Radiography_Database/Normal/Normal-58.png,0,rahman,3034
data/raw/TB_Chest_Radiography_Database/Normal/Normal-580.png,0,rahman,3035
data/raw/TB_Chest_Radiography_Database/Normal/Normal-581.png,0,rahman,3036
data/raw/TB_Chest_Radiography_Database/Normal/Normal-582.png,0,rahman,3037
data/raw/TB_Chest_Radiography_Database/Normal/Normal-583.png,0,rahman,3038
data/raw/TB_Chest_Radiography_Database/Normal/Normal-584.png,0,rahman,3039
data/raw/TB_Chest_Radiography_Database/Normal/Normal-585.png,0,rahman,3040
data/raw/TB_Chest_Radiography_Database/Normal/Normal-586.png,0,rahman,3041
data/raw/TB_Chest_Radiography_Database/Normal/Normal-587.png,0,rahman,3042
data/raw/TB_Chest_Radiography_Database/Normal/Normal-588.png,0,rahman,3043
data/raw/TB_Chest_Radiography_Database/Normal/Normal-589.png,0,rahman,3044
data/raw/TB_Chest_Radiography_Database/Normal/Normal-59.png,0,rahman,3045
data/raw/TB_Chest_Radiography_Database/Normal/Normal-590.png,0,rahman,3046
data/raw/TB_Chest_Radiography_Database/Normal/Normal-591.png,0,rahman,3047
data/raw/TB_Chest_Radiography_Database/Normal/Normal-592.png,0,rahman,3048
data/raw/TB_Chest_Radiography_Database/Normal/Normal-593.png,0,rahman,3049
data/raw/TB_Chest_Radiography_Database/Normal/Normal-594.png,0,rahman,3050
data/raw/TB_Chest_Radiography_Database/Normal/Normal-595.png,0,rahman,3051
data/raw/TB_Chest_Radiography_Database/Normal/Normal-597.png,0,rahman,3053
data/raw/TB_Chest_Radiography_Database/Normal/Normal-599.png,0,rahman,3055
data/raw/TB_Chest_Radiography_Database/Normal/Normal-6.png,0,rahman,3056
data/raw/TB_Chest_Radiography_Database/Normal/Normal-60.png,0,rahman,3057
data/raw/TB_Chest_Radiography_Database/Normal/Normal-600.png,0,rahman,3058
data/raw/TB_Chest_Radiography_Database/Normal/Normal-602.png,0,rahman,3060
data/raw/TB_Chest_Radiography_Database/Normal/Normal-604.png,0,rahman,3062
data/raw/TB_Chest_Radiography_Database/Normal/Normal-605.png,0,rahman,3063
data/raw/TB_Chest_Radiography_Database/Normal/Normal-606.png,0,rahman,3064
data/raw/TB_Chest_Radiography_Database/Normal/Normal-607.png,0,rahman,3065
data/raw/TB_Chest_Radiography_Database/Normal/Normal-609.png,0,rahman,3067
data/raw/TB_Chest_Radiography_Database/Normal/Normal-61.png,0,rahman,3068
data/raw/TB_Chest_Radiography_Database/Normal/Normal-610.png,0,rahman,3069
data/raw/TB_Chest_Radiography_Database/Normal/Normal-611.png,0,rahman,3070
data/raw/TB_Chest_Radiography_Database/Normal/Normal-613.png,0,rahman,3072
data/raw/TB_Chest_Radiography_Database/Normal/Normal-614.png,0,rahman,3073
data/raw/TB_Chest_Radiography_Database/Normal/Normal-615.png,0,rahman,3074
data/raw/TB_Chest_Radiography_Database/Normal/Normal-616.png,0,rahman,3075
data/raw/TB_Chest_Radiography_Database/Normal/Normal-617.png,0,rahman,3076
data/raw/TB_Chest_Radiography_Database/Normal/Normal-618.png,0,rahman,3077
data/raw/TB_Chest_Radiography_Database/Normal/Normal-619.png,0,rahman,3078
data/raw/TB_Chest_Radiography_Database/Normal/Normal-62.png,0,rahman,3079
data/raw/TB_Chest_Radiography_Database/Normal/Normal-620.png,0,rahman,3080
data/raw/TB_Chest_Radiography_Database/Normal/Normal-621.png,0,rahman,3081
data/raw/TB_Chest_Radiography_Database/Normal/Normal-622.png,0,rahman,3082
data/raw/TB_Chest_Radiography_Database/Normal/Normal-623.png,0,rahman,3083
data/raw/TB_Chest_Radiography_Database/Normal/Normal-624.png,0,rahman,3084
data/raw/TB_Chest_Radiography_Database/Normal/Normal-625.png,0,rahman,3085
data/raw/TB_Chest_Radiography_Database/Normal/Normal-626.png,0,rahman,3086
data/raw/TB_Chest_Radiography_Database/Normal/Normal-63.png,0,rahman,3090
data/raw/TB_Chest_Radiography_Database/Normal/Normal-630.png,0,rahman,3091
data/raw/TB_Chest_Radiography_Database/Normal/Normal-631.png,0,rahman,3092
data/raw/TB_Chest_Radiography_Database/Normal/Normal-633.png,0,rahman,3094
data/raw/TB_Chest_Radiography_Database/Normal/Normal-634.png,0,rahman,3095
data/raw/TB_Chest_Radiography_Database/Normal/Normal-635.png,0,rahman,3096
data/raw/TB_Chest_Radiography_Database/Normal/Normal-636.png,0,rahman,3097
data/raw/TB_Chest_Radiography_Database/Normal/Normal-637.png,0,rahman,3098
data/raw/TB_Chest_Radiography_Database/Normal/Normal-638.png,0,rahman,3099
data/raw/TB_Chest_Radiography_Database/Normal/Normal-639.png,0,rahman,3100
data/raw/TB_Chest_Radiography_Database/Normal/Normal-640.png,0,rahman,3102
data/raw/TB_Chest_Radiography_Database/Normal/Normal-641.png,0,rahman,3103
data/raw/TB_Chest_Radiography_Database/Normal/Normal-642.png,0,rahman,3104
data/raw/TB_Chest_Radiography_Database/Normal/Normal-643.png,0,rahman,3105
data/raw/TB_Chest_Radiography_Database/Normal/Normal-644.png,0,rahman,3106
data/raw/TB_Chest_Radiography_Database/Normal/Normal-646.png,0,rahman,3108
data/raw/TB_Chest_Radiography_Database/Normal/Normal-647.png,0,rahman,3109
data/raw/TB_Chest_Radiography_Database/Normal/Normal-648.png,0,rahman,3110
data/raw/TB_Chest_Radiography_Database/Normal/Normal-649.png,0,rahman,3111
data/raw/TB_Chest_Radiography_Database/Normal/Normal-65.png,0,rahman,3112
data/raw/TB_Chest_Radiography_Database/Normal/Normal-650.png,0,rahman,3113
data/raw/TB_Chest_Radiography_Database/Normal/Normal-651.png,0,rahman,3114
data/raw/TB_Chest_Radiography_Database/Normal/Normal-652.png,0,rahman,3115
data/raw/TB_Chest_Radiography_Database/Normal/Normal-653.png,0,rahman,3116
data/raw/TB_Chest_Radiography_Database/Normal/Normal-654.png,0,rahman,3117
data/raw/TB_Chest_Radiography_Database/Normal/Normal-655.png,0,rahman,3118
data/raw/TB_Chest_Radiography_Database/Normal/Normal-656.png,0,rahman,3119
data/raw/TB_Chest_Radiography_Database/Normal/Normal-657.png,0,rahman,3120
data/raw/TB_Chest_Radiography_Database/Normal/Normal-658.png,0,rahman,3121
data/raw/TB_Chest_Radiography_Database/Normal/Normal-66.png,0,rahman,3123
data/raw/TB_Chest_Radiography_Database/Normal/Normal-660.png,0,rahman,3124
data/raw/TB_Chest_Radiography_Database/Normal/Normal-661.png,0,rahman,3125
data/raw/TB_Chest_Radiography_Database/Normal/Normal-662.png,0,rahman,3126
data/raw/TB_Chest_Radiography_Database/Normal/Normal-663.png,0,rahman,3127
data/raw/TB_Chest_Radiography_Database/Normal/Normal-664.png,0,rahman,3128
data/raw/TB_Chest_Radiography_Database/Normal/Normal-665.png,0,rahman,3129
data/raw/TB_Chest_Radiography_Database/Normal/Normal-666.png,0,rahman,3130
data/raw/TB_Chest_Radiography_Database/Normal/Normal-667.png,0,rahman,3131
data/raw/TB_Chest_Radiography_Database/Normal/Normal-668.png,0,rahman,3132
data/raw/TB_Chest_Radiography_Database/Normal/Normal-669.png,0,rahman,3133
data/raw/TB_Chest_Radiography_Database/Normal/Normal-670.png,0,rahman,3135
data/raw/TB_Chest_Radiography_Database/Normal/Normal-671.png,0,rahman,3136
data/raw/TB_Chest_Radiography_Database/Normal/Normal-672.png,0,rahman,3137
data/raw/TB_Chest_Radiography_Database/Normal/Normal-673.png,0,rahman,3138
data/raw/TB_Chest_Radiography_Database/Normal/Normal-674.png,0,rahman,3139
data/raw/TB_Chest_Radiography_Database/Normal/Normal-675.png,0,rahman,3140
data/raw/TB_Chest_Radiography_Database/Normal/Normal-676.png,0,rahman,3141
data/raw/TB_Chest_Radiography_Database/Normal/Normal-677.png,0,rahman,3142
data/raw/TB_Chest_Radiography_Database/Normal/Normal-678.png,0,rahman,3143
data/raw/TB_Chest_Radiography_Database/Normal/Normal-679.png,0,rahman,3144
data/raw/TB_Chest_Radiography_Database/Normal/Normal-68.png,0,rahman,3145
data/raw/TB_Chest_Radiography_Database/Normal/Normal-680.png,0,rahman,3146
data/raw/TB_Chest_Radiography_Database/Normal/Normal-681.png,0,rahman,3147
data/raw/TB_Chest_Radiography_Database/Normal/Normal-682.png,0,rahman,3148
data/raw/TB_Chest_Radiography_Database/Normal/Normal-683.png,0,rahman,3149
data/raw/TB_Chest_Radiography_Database/Normal/Normal-684.png,0,rahman,3150
data/raw/TB_Chest_Radiography_Database/Normal/Normal-685.png,0,rahman,3151
data/raw/TB_Chest_Radiography_Database/Normal/Normal-686.png,0,rahman,3152
data/raw/TB_Chest_Radiography_Database/Normal/Normal-687.png,0,rahman,3153
data/raw/TB_Chest_Radiography_Database/Normal/Normal-69.png,0,rahman,3156
data/raw/TB_Chest_Radiography_Database/Normal/Normal-691.png,0,rahman,3158
data/raw/TB_Chest_Radiography_Database/Normal/Normal-692.png,0,rahman,3159
data/raw/TB_Chest_Radiography_Database/Normal/Normal-693.png,0,rahman,3160
data/raw/TB_Chest_Radiography_Database/Normal/Normal-694.png,0,rahman,3161
data/raw/TB_Chest_Radiography_Database/Normal/Normal-695.png,0,rahman,3162
data/raw/TB_Chest_Radiography_Database/Normal/Normal-696.png,0,rahman,3163
data/raw/TB_Chest_Radiography_Database/Normal/Normal-697.png,0,rahman,3164
data/raw/TB_Chest_Radiography_Database/Normal/Normal-698.png,0,rahman,3165
data/raw/TB_Chest_Radiography_Database/Normal/Normal-699.png,0,rahman,3166
data/raw/TB_Chest_Radiography_Database/Normal/Normal-7.png,0,rahman,3167
data/raw/TB_Chest_Radiography_Database/Normal/Normal-70.png,0,rahman,3168
data/raw/TB_Chest_Radiography_Database/Normal/Normal-700.png,0,rahman,3169
data/raw/TB_Chest_Radiography_Database/Normal/Normal-701.png,0,rahman,3170
data/raw/TB_Chest_Radiography_Database/Normal/Normal-702.png,0,rahman,3171
data/raw/TB_Chest_Radiography_Database/Normal/Normal-703.png,0,rahman,3172
data/raw/TB_Chest_Radiography_Database/Normal/Normal-704.png,0,rahman,3173
data/raw/TB_Chest_Radiography_Database/Normal/Normal-706.png,0,rahman,3175
data/raw/TB_Chest_Radiography_Database/Normal/Normal-707.png,0,rahman,3176
data/raw/TB_Chest_Radiography_Database/Normal/Normal-708.png,0,rahman,3177
data/raw/TB_Chest_Radiography_Database/Normal/Normal-709.png,0,rahman,3178
data/raw/TB_Chest_Radiography_Database/Normal/Normal-71.png,0,rahman,3179
data/raw/TB_Chest_Radiography_Database/Normal/Normal-710.png,0,rahman,3180
data/raw/TB_Chest_Radiography_Database/Normal/Normal-711.png,0,rahman,3181
data/raw/TB_Chest_Radiography_Database/Normal/Normal-712.png,0,rahman,3182
data/raw/TB_Chest_Radiography_Database/Normal/Normal-713.png,0,rahman,3183
data/raw/TB_Chest_Radiography_Database/Normal/Normal-714.png,0,rahman,3184
data/raw/TB_Chest_Radiography_Database/Normal/Normal-715.png,0,rahman,3185
data/raw/TB_Chest_Radiography_Database/Normal/Normal-716.png,0,rahman,3186
data/raw/TB_Chest_Radiography_Database/Normal/Normal-717.png,0,rahman,3187
data/raw/TB_Chest_Radiography_Database/Normal/Normal-718.png,0,rahman,3188
data/raw/TB_Chest_Radiography_Database/Normal/Normal-719.png,0,rahman,3189
data/raw/TB_Chest_Radiography_Database/Normal/Normal-720.png,0,rahman,3191
data/raw/TB_Chest_Radiography_Database/Normal/Normal-721.png,0,rahman,3192
data/raw/TB_Chest_Radiography_Database/Normal/Normal-722.png,0,rahman,3193
data/raw/TB_Chest_Radiography_Database/Normal/Normal-723.png,0,rahman,3194
data/raw/TB_Chest_Radiography_Database/Normal/Normal-724.png,0,rahman,3195
data/raw/TB_Chest_Radiography_Database/Normal/Normal-725.png,0,rahman,3196
data/raw/TB_Chest_Radiography_Database/Normal/Normal-726.png,0,rahman,3197
data/raw/TB_Chest_Radiography_Database/Normal/Normal-727.png,0,rahman,3198
data/raw/TB_Chest_Radiography_Database/Normal/Normal-728.png,0,rahman,3199
data/raw/TB_Chest_Radiography_Database/Normal/Normal-729.png,0,rahman,3200
data/raw/TB_Chest_Radiography_Database/Normal/Normal-730.png,0,rahman,3202
data/raw/TB_Chest_Radiography_Database/Normal/Normal-731.png,0,rahman,3203
data/raw/TB_Chest_Radiography_Database/Normal/Normal-732.png,0,rahman,3204
data/raw/TB_Chest_Radiography_Database/Normal/Normal-733.png,0,rahman,3205
data/raw/TB_Chest_Radiography_Database/Normal/Normal-734.png,0,rahman,3206
data/raw/TB_Chest_Radiography_Database/Normal/Normal-735.png,0,rahman,3207
data/raw/TB_Chest_Radiography_Database/Normal/Normal-737.png,0,rahman,3209
data/raw/TB_Chest_Radiography_Database/Normal/Normal-738.png,0,rahman,3210
data/raw/TB_Chest_Radiography_Database/Normal/Normal-739.png,0,rahman,3211
data/raw/TB_Chest_Radiography_Database/Normal/Normal-74.png,0,rahman,3212
data/raw/TB_Chest_Radiography_Database/Normal/Normal-740.png,0,rahman,3213
data/raw/TB_Chest_Radiography_Database/Normal/Normal-741.png,0,rahman,3214
data/raw/TB_Chest_Radiography_Database/Normal/Normal-742.png,0,rahman,3215
data/raw/TB_Chest_Radiography_Database/Normal/Normal-743.png,0,rahman,3216
data/raw/TB_Chest_Radiography_Database/Normal/Normal-744.png,0,rahman,3217
data/raw/TB_Chest_Radiography_Database/Normal/Normal-745.png,0,rahman,3218
data/raw/TB_Chest_Radiography_Database/Normal/Normal-746.png,0,rahman,3219
data/raw/TB_Chest_Radiography_Database/Normal/Normal-747.png,0,rahman,3220
data/raw/TB_Chest_Radiography_Database/Normal/Normal-748.png,0,rahman,3221
data/raw/TB_Chest_Radiography_Database/Normal/Normal-749.png,0,rahman,3222
data/raw/TB_Chest_Radiography_Database/Normal/Normal-75.png,0,rahman,3223
data/raw/TB_Chest_Radiography_Database/Normal/Normal-751.png,0,rahman,3225
data/raw/TB_Chest_Radiography_Database/Normal/Normal-752.png,0,rahman,3226
data/raw/TB_Chest_Radiography_Database/Normal/Normal-753.png,0,rahman,3227
data/raw/TB_Chest_Radiography_Database/Normal/Normal-754.png,0,rahman,3228
data/raw/TB_Chest_Radiography_Database/Normal/Normal-755.png,0,rahman,3229
data/raw/TB_Chest_Radiography_Database/Normal/Normal-756.png,0,rahman,3230
data/raw/TB_Chest_Radiography_Database/Normal/Normal-757.png,0,rahman,3231
data/raw/TB_Chest_Radiography_Database/Normal/Normal-759.png,0,rahman,3233
data/raw/TB_Chest_Radiography_Database/Normal/Normal-76.png,0,rahman,3234
data/raw/TB_Chest_Radiography_Database/Normal/Normal-760.png,0,rahman,3235
data/raw/TB_Chest_Radiography_Database/Normal/Normal-761.png,0,rahman,3236
data/raw/TB_Chest_Radiography_Database/Normal/Normal-762.png,0,rahman,3237
data/raw/TB_Chest_Radiography_Database/Normal/Normal-763.png,0,rahman,3238
data/raw/TB_Chest_Radiography_Database/Normal/Normal-765.png,0,rahman,3240
data/raw/TB_Chest_Radiography_Database/Normal/Normal-766.png,0,rahman,3241
data/raw/TB_Chest_Radiography_Database/Normal/Normal-767.png,0,rahman,3242
data/raw/TB_Chest_Radiography_Database/Normal/Normal-768.png,0,rahman,3243
data/raw/TB_Chest_Radiography_Database/Normal/Normal-769.png,0,rahman,3244
data/raw/TB_Chest_Radiography_Database/Normal/Normal-77.png,0,rahman,3245
data/raw/TB_Chest_Radiography_Database/Normal/Normal-770.png,0,rahman,3246
data/raw/TB_Chest_Radiography_Database/Normal/Normal-771.png,0,rahman,3247
data/raw/TB_Chest_Radiography_Database/Normal/Normal-772.png,0,rahman,3248
data/raw/TB_Chest_Radiography_Database/Normal/Normal-773.png,0,rahman,3249
data/raw/TB_Chest_Radiography_Database/Normal/Normal-774.png,0,rahman,3250
data/raw/TB_Chest_Radiography_Database/Normal/Normal-775.png,0,rahman,3251
data/raw/TB_Chest_Radiography_Database/Normal/Normal-776.png,0,rahman,3252
data/raw/TB_Chest_Radiography_Database/Normal/Normal-777.png,0,rahman,3253
data/raw/TB_Chest_Radiography_Database/Normal/Normal-779.png,0,rahman,3255
data/raw/TB_Chest_Radiography_Database/Normal/Normal-780.png,0,rahman,3257
data/raw/TB_Chest_Radiography_Database/Normal/Normal-781.png,0,rahman,3258
data/raw/TB_Chest_Radiography_Database/Normal/Normal-784.png,0,rahman,3261
data/raw/TB_Chest_Radiography_Database/Normal/Normal-785.png,0,rahman,3262
data/raw/TB_Chest_Radiography_Database/Normal/Normal-786.png,0,rahman,3263
data/raw/TB_Chest_Radiography_Database/Normal/Normal-787.png,0,rahman,3264
data/raw/TB_Chest_Radiography_Database/Normal/Normal-789.png,0,rahman,3266
data/raw/TB_Chest_Radiography_Database/Normal/Normal-79.png,0,rahman,3267
data/raw/TB_Chest_Radiography_Database/Normal/Normal-790.png,0,rahman,3268
data/raw/TB_Chest_Radiography_Database/Normal/Normal-791.png,0,rahman,3269
data/raw/TB_Chest_Radiography_Database/Normal/Normal-792.png,0,rahman,3270
data/raw/TB_Chest_Radiography_Database/Normal/Normal-793.png,0,rahman,3271
data/raw/TB_Chest_Radiography_Database/Normal/Normal-794.png,0,rahman,3272
data/raw/TB_Chest_Radiography_Database/Normal/Normal-795.png,0,rahman,3273
data/raw/TB_Chest_Radiography_Database/Normal/Normal-796.png,0,rahman,3274
data/raw/TB_Chest_Radiography_Database/Normal/Normal-799.png,0,rahman,3277
data/raw/TB_Chest_Radiography_Database/Normal/Normal-8.png,0,rahman,3278
data/raw/TB_Chest_Radiography_Database/Normal/Normal-800.png,0,rahman,3280
data/raw/TB_Chest_Radiography_Database/Normal/Normal-801.png,0,rahman,3281
data/raw/TB_Chest_Radiography_Database/Normal/Normal-803.png,0,rahman,3283
data/raw/TB_Chest_Radiography_Database/Normal/Normal-804.png,0,rahman,3284
data/raw/TB_Chest_Radiography_Database/Normal/Normal-805.png,0,rahman,3285
data/raw/TB_Chest_Radiography_Database/Normal/Normal-806.png,0,rahman,3286
data/raw/TB_Chest_Radiography_Database/Normal/Normal-807.png,0,rahman,3287
data/raw/TB_Chest_Radiography_Database/Normal/Normal-808.png,0,rahman,3288
data/raw/TB_Chest_Radiography_Database/Normal/Normal-809.png,0,rahman,3289
data/raw/TB_Chest_Radiography_Database/Normal/Normal-811.png,0,rahman,3292
data/raw/TB_Chest_Radiography_Database/Normal/Normal-812.png,0,rahman,3293
data/raw/TB_Chest_Radiography_Database/Normal/Normal-813.png,0,rahman,3294
data/raw/TB_Chest_Radiography_Database/Normal/Normal-814.png,0,rahman,3295
data/raw/TB_Chest_Radiography_Database/Normal/Normal-815.png,0,rahman,3296
data/raw/TB_Chest_Radiography_Database/Normal/Normal-816.png,0,rahman,3297
data/raw/TB_Chest_Radiography_Database/Normal/Normal-817.png,0,rahman,3298
data/raw/TB_Chest_Radiography_Database/Normal/Normal-818.png,0,rahman,3299
data/raw/TB_Chest_Radiography_Database/Normal/Normal-82.png,0,rahman,3301
data/raw/TB_Chest_Radiography_Database/Normal/Normal-820.png,0,rahman,3302
data/raw/TB_Chest_Radiography_Database/Normal/Normal-821.png,0,rahman,3303
data/raw/TB_Chest_Radiography_Database/Normal/Normal-822.png,0,rahman,3304
data/raw/TB_Chest_Radiography_Database/Normal/Normal-824.png,0,rahman,3306
data/raw/TB_Chest_Radiography_Database/Normal/Normal-825.png,0,rahman,3307
data/raw/TB_Chest_Radiography_Database/Normal/Normal-826.png,0,rahman,3308
data/raw/TB_Chest_Radiography_Database/Normal/Normal-827.png,0,rahman,3309
data/raw/TB_Chest_Radiography_Database/Normal/Normal-828.png,0,rahman,3310
data/raw/TB_Chest_Radiography_Database/Normal/Normal-829.png,0,rahman,3311
data/raw/TB_Chest_Radiography_Database/Normal/Normal-83.png,0,rahman,3312
data/raw/TB_Chest_Radiography_Database/Normal/Normal-830.png,0,rahman,3313
data/raw/TB_Chest_Radiography_Database/Normal/Normal-831.png,0,rahman,3314
data/raw/TB_Chest_Radiography_Database/Normal/Normal-832.png,0,rahman,3315
data/raw/TB_Chest_Radiography_Database/Normal/Normal-833.png,0,rahman,3316
data/raw/TB_Chest_Radiography_Database/Normal/Normal-834.png,0,rahman,3317
data/raw/TB_Chest_Radiography_Database/Normal/Normal-835.png,0,rahman,3318
data/raw/TB_Chest_Radiography_Database/Normal/Normal-836.png,0,rahman,3319
data/raw/TB_Chest_Radiography_Database/Normal/Normal-837.png,0,rahman,3320
data/raw/TB_Chest_Radiography_Database/Normal/Normal-839.png,0,rahman,3322
data/raw/TB_Chest_Radiography_Database/Normal/Normal-840.png,0,rahman,3324
data/raw/TB_Chest_Radiography_Database/Normal/Normal-841.png,0,rahman,3325
data/raw/TB_Chest_Radiography_Database/Normal/Normal-842.png,0,rahman,3326
data/raw/TB_Chest_Radiography_Database/Normal/Normal-843.png,0,rahman,3327
data/raw/TB_Chest_Radiography_Database/Normal/Normal-844.png,0,rahman,3328
data/raw/TB_Chest_Radiography_Database/Normal/Normal-845.png,0,rahman,3329
data/raw/TB_Chest_Radiography_Database/Normal/Normal-846.png,0,rahman,3330
data/raw/TB_Chest_Radiography_Database/Normal/Normal-847.png,0,rahman,3331
data/raw/TB_Chest_Radiography_Database/Normal/Normal-848.png,0,rahman,3332
data/raw/TB_Chest_Radiography_Database/Normal/Normal-849.png,0,rahman,3333
data/raw/TB_Chest_Radiography_Database/Normal/Normal-85.png,0,rahman,3334
data/raw/TB_Chest_Radiography_Database/Normal/Normal-850.png,0,rahman,3335
data/raw/TB_Chest_Radiography_Database/Normal/Normal-851.png,0,rahman,3336
data/raw/TB_Chest_Radiography_Database/Normal/Normal-853.png,0,rahman,3338
data/raw/TB_Chest_Radiography_Database/Normal/Normal-854.png,0,rahman,3339
data/raw/TB_Chest_Radiography_Database/Normal/Normal-855.png,0,rahman,3340
data/raw/TB_Chest_Radiography_Database/Normal/Normal-856.png,0,rahman,3341
data/raw/TB_Chest_Radiography_Database/Normal/Normal-859.png,0,rahman,3344
data/raw/TB_Chest_Radiography_Database/Normal/Normal-86.png,0,rahman,3345
data/raw/TB_Chest_Radiography_Database/Normal/Normal-860.png,0,rahman,3346
data/raw/TB_Chest_Radiography_Database/Normal/Normal-861.png,0,rahman,3347
data/raw/TB_Chest_Radiography_Database/Normal/Normal-862.png,0,rahman,3348
data/raw/TB_Chest_Radiography_Database/Normal/Normal-863.png,0,rahman,3349
data/raw/TB_Chest_Radiography_Database/Normal/Normal-864.png,0,rahman,3350
data/raw/TB_Chest_Radiography_Database/Normal/Normal-865.png,0,rahman,3351
data/raw/TB_Chest_Radiography_Database/Normal/Normal-866.png,0,rahman,3352
data/raw/TB_Chest_Radiography_Database/Normal/Normal-868.png,0,rahman,3354
data/raw/TB_Chest_Radiography_Database/Normal/Normal-869.png,0,rahman,3355
data/raw/TB_Chest_Radiography_Database/Normal/Normal-870.png,0,rahman,3357
data/raw/TB_Chest_Radiography_Database/Normal/Normal-871.png,0,rahman,3358
data/raw/TB_Chest_Radiography_Database/Normal/Normal-873.png,0,rahman,3360
data/raw/TB_Chest_Radiography_Database/Normal/Normal-874.png,0,rahman,3361
data/raw/TB_Chest_Radiography_Database/Normal/Normal-876.png,0,rahman,3363
data/raw/TB_Chest_Radiography_Database/Normal/Normal-877.png,0,rahman,3364
data/raw/TB_Chest_Radiography_Database/Normal/Normal-878.png,0,rahman,3365
data/raw/TB_Chest_Radiography_Database/Normal/Normal-88.png,0,rahman,3367
data/raw/TB_Chest_Radiography_Database/Normal/Normal-880.png,0,rahman,3368
data/raw/TB_Chest_Radiography_Database/Normal/Normal-881.png,0,rahman,3369
data/raw/TB_Chest_Radiography_Database/Normal/Normal-883.png,0,rahman,3371
data/raw/TB_Chest_Radiography_Database/Normal/Normal-884.png,0,rahman,3372
data/raw/TB_Chest_Radiography_Database/Normal/Normal-885.png,0,rahman,3373
data/raw/TB_Chest_Radiography_Database/Normal/Normal-886.png,0,rahman,3374
data/raw/TB_Chest_Radiography_Database/Normal/Normal-887.png,0,rahman,3375
data/raw/TB_Chest_Radiography_Database/Normal/Normal-888.png,0,rahman,3376
data/raw/TB_Chest_Radiography_Database/Normal/Normal-889.png,0,rahman,3377
data/raw/TB_Chest_Radiography_Database/Normal/Normal-89.png,0,rahman,3378
data/raw/TB_Chest_Radiography_Database/Normal/Normal-890.png,0,rahman,3379
data/raw/TB_Chest_Radiography_Database/Normal/Normal-891.png,0,rahman,3380
data/raw/TB_Chest_Radiography_Database/Normal/Normal-892.png,0,rahman,3381
data/raw/TB_Chest_Radiography_Database/Normal/Normal-893.png,0,rahman,3382
data/raw/TB_Chest_Radiography_Database/Normal/Normal-895.png,0,rahman,3384
data/raw/TB_Chest_Radiography_Database/Normal/Normal-896.png,0,rahman,3385
data/raw/TB_Chest_Radiography_Database/Normal/Normal-897.png,0,rahman,3386
data/raw/TB_Chest_Radiography_Database/Normal/Normal-898.png,0,rahman,3387
data/raw/TB_Chest_Radiography_Database/Normal/Normal-899.png,0,rahman,3388
data/raw/TB_Chest_Radiography_Database/Normal/Normal-9.png,0,rahman,3389
data/raw/TB_Chest_Radiography_Database/Normal/Normal-90.png,0,rahman,3390
data/raw/TB_Chest_Radiography_Database/Normal/Normal-900.png,0,rahman,3391
data/raw/TB_Chest_Radiography_Database/Normal/Normal-902.png,0,rahman,3393
data/raw/TB_Chest_Radiography_Database/Normal/Normal-903.png,0,rahman,3394
data/raw/TB_Chest_Radiography_Database/Normal/Normal-904.png,0,rahman,3395
data/raw/TB_Chest_Radiography_Database/Normal/Normal-905.png,0,rahman,3396
data/raw/TB_Chest_Radiography_Database/Normal/Normal-906.png,0,rahman,3397
data/raw/TB_Chest_Radiography_Database/Normal/Normal-907.png,0,rahman,3398
data/raw/TB_Chest_Radiography_Database/Normal/Normal-908.png,0,rahman,3399
data/raw/TB_Chest_Radiography_Database/Normal/Normal-909.png,0,rahman,3400
data/raw/TB_Chest_Radiography_Database/Normal/Normal-91.png,0,rahman,3401
data/raw/TB_Chest_Radiography_Database/Normal/Normal-910.png,0,rahman,3402
data/raw/TB_Chest_Radiography_Database/Normal/Normal-911.png,0,rahman,3403
data/raw/TB_Chest_Radiography_Database/Normal/Normal-912.png,0,rahman,3404
data/raw/TB_Chest_Radiography_Database/Normal/Normal-913.png,0,rahman,3405
data/raw/TB_Chest_Radiography_Database/Normal/Normal-915.png,0,rahman,3407
data/raw/TB_Chest_Radiography_Database/Normal/Normal-917.png,0,rahman,3409
data/raw/TB_Chest_Radiography_Database/Normal/Normal-918.png,0,rahman,3410
data/raw/TB_Chest_Radiography_Database/Normal/Normal-919.png,0,rahman,3411
data/raw/TB_Chest_Radiography_Database/Normal/Normal-920.png,0,rahman,3413
data/raw/TB_Chest_Radiography_Database/Normal/Normal-922.png,0,rahman,3415
data/raw/TB_Chest_Radiography_Database/Normal/Normal-923.png,0,rahman,3416
data/raw/TB_Chest_Radiography_Database/Normal/Normal-924.png,0,rahman,3417
data/raw/TB_Chest_Radiography_Database/Normal/Normal-925.png,0,rahman,3418
data/raw/TB_Chest_Radiography_Database/Normal/Normal-926.png,0,rahman,3419
data/raw/TB_Chest_Radiography_Database/Normal/Normal-927.png,0,rahman,3420
data/raw/TB_Chest_Radiography_Database/Normal/Normal-928.png,0,rahman,3421
data/raw/TB_Chest_Radiography_Database/Normal/Normal-929.png,0,rahman,3422
data/raw/TB_Chest_Radiography_Database/Normal/Normal-93.png,0,rahman,3423
data/raw/TB_Chest_Radiography_Database/Normal/Normal-930.png,0,rahman,3424
data/raw/TB_Chest_Radiography_Database/Normal/Normal-931.png,0,rahman,3425
data/raw/TB_Chest_Radiography_Database/Normal/Normal-932.png,0,rahman,3426
data/raw/TB_Chest_Radiography_Database/Normal/Normal-933.png,0,rahman,3427
data/raw/TB_Chest_Radiography_Database/Normal/Normal-934.png,0,rahman,3428
data/raw/TB_Chest_Radiography_Database/Normal/Normal-935.png,0,rahman,3429
data/raw/TB_Chest_Radiography_Database/Normal/Normal-936.png,0,rahman,3430
data/raw/TB_Chest_Radiography_Database/Normal/Normal-937.png,0,rahman,3431
data/raw/TB_Chest_Radiography_Database/Normal/Normal-938.png,0,rahman,3432
data/raw/TB_Chest_Radiography_Database/Normal/Normal-939.png,0,rahman,3433
data/raw/TB_Chest_Radiography_Database/Normal/Normal-94.png,0,rahman,3434
data/raw/TB_Chest_Radiography_Database/Normal/Normal-940.png,0,rahman,3435
data/raw/TB_Chest_Radiography_Database/Normal/Normal-941.png,0,rahman,3436
data/raw/TB_Chest_Radiography_Database/Normal/Normal-942.png,0,rahman,3437
data/raw/TB_Chest_Radiography_Database/Normal/Normal-943.png,0,rahman,3438
data/raw/TB_Chest_Radiography_Database/Normal/Normal-944.png,0,rahman,3439
data/raw/TB_Chest_Radiography_Database/Normal/Normal-945.png,0,rahman,3440
data/raw/TB_Chest_Radiography_Database/Normal/Normal-946.png,0,rahman,3441
data/raw/TB_Chest_Radiography_Database/Normal/Normal-947.png,0,rahman,3442
data/raw/TB_Chest_Radiography_Database/Normal/Normal-948.png,0,rahman,3443
data/raw/TB_Chest_Radiography_Database/Normal/Normal-949.png,0,rahman,3444
data/raw/TB_Chest_Radiography_Database/Normal/Normal-95.png,0,rahman,3445
data/raw/TB_Chest_Radiography_Database/Normal/Normal-950.png,0,rahman,3446
data/raw/TB_Chest_Radiography_Database/Normal/Normal-951.png,0,rahman,3447
data/raw/TB_Chest_Radiography_Database/Normal/Normal-952.png,0,rahman,3448
data/raw/TB_Chest_Radiography_Database/Normal/Normal-953.png,0,rahman,3449
data/raw/TB_Chest_Radiography_Database/Normal/Normal-954.png,0,rahman,3450
data/raw/TB_Chest_Radiography_Database/Normal/Normal-958.png,0,rahman,3454
data/raw/TB_Chest_Radiography_Database/Normal/Normal-959.png,0,rahman,3455
data/raw/TB_Chest_Radiography_Database/Normal/Normal-96.png,0,rahman,3456
data/raw/TB_Chest_Radiography_Database/Normal/Normal-960.png,0,rahman,3457
data/raw/TB_Chest_Radiography_Database/Normal/Normal-961.png,0,rahman,3458
data/raw/TB_Chest_Radiography_Database/Normal/Normal-962.png,0,rahman,3459
data/raw/TB_Chest_Radiography_Database/Normal/Normal-963.png,0,rahman,3460
data/raw/TB_Chest_Radiography_Database/Normal/Normal-964.png,0,rahman,3461
data/raw/TB_Chest_Radiography_Database/Normal/Normal-965.png,0,rahman,3462
data/raw/TB_Chest_Radiography_Database/Normal/Normal-967.png,0,rahman,3464
data/raw/TB_Chest_Radiography_Database/Normal/Normal-968.png,0,rahman,3465
data/raw/TB_Chest_Radiography_Database/Normal/Normal-97.png,0,rahman,3467
data/raw/TB_Chest_Radiography_Database/Normal/Normal-970.png,0,rahman,3468
data/raw/TB_Chest_Radiography_Database/Normal/Normal-972.png,0,rahman,3470
data/raw/TB_Chest_Radiography_Database/Normal/Normal-973.png,0,rahman,3471
data/raw/TB_Chest_Radiography_Database/Normal/Normal-975.png,0,rahman,3473
data/raw/TB_Chest_Radiography_Database/Normal/Normal-978.png,0,rahman,3476
data/raw/TB_Chest_Radiography_Database/Normal/Normal-979.png,0,rahman,3477
data/raw/TB_Chest_Radiography_Database/Normal/Normal-98.png,0,rahman,3478
data/raw/TB_Chest_Radiography_Database/Normal/Normal-980.png,0,rahman,3479
data/raw/TB_Chest_Radiography_Database/Normal/Normal-981.png,0,rahman,3480
data/raw/TB_Chest_Radiography_Database/Normal/Normal-982.png,0,rahman,3481
data/raw/TB_Chest_Radiography_Database/Normal/Normal-983.png,0,rahman,3482
data/raw/TB_Chest_Radiography_Database/Normal/Normal-984.png,0,rahman,3483
data/raw/TB_Chest_Radiography_Database/Normal/Normal-985.png,0,rahman,3484
data/raw/TB_Chest_Radiography_Database/Normal/Normal-987.png,0,rahman,3486
data/raw/TB_Chest_Radiography_Database/Normal/Normal-988.png,0,rahman,3487
data/raw/TB_Chest_Radiography_Database/Normal/Normal-989.png,0,rahman,3488
data/raw/TB_Chest_Radiography_Database/Normal/Normal-99.png,0,rahman,3489
data/raw/TB_Chest_Radiography_Database/Normal/Normal-990.png,0,rahman,3490
data/raw/TB_Chest_Radiography_Database/Normal/Normal-991.png,0,rahman,3491
data/raw/TB_Chest_Radiography_Database/Normal/Normal-992.png,0,rahman,3492
data/raw/TB_Chest_Radiography_Database/Normal/Normal-993.png,0,rahman,3493
data/raw/TB_Chest_Radiography_Database/Normal/Normal-994.png,0,rahman,3494
data/raw/TB_Chest_Radiography_Database/Normal/Normal-995.png,0,rahman,3495
data/raw/TB_Chest_Radiography_Database/Normal/Normal-996.png,0,rahman,3496
data/raw/TB_Chest_Radiography_Database/Normal/Normal-998.png,0,rahman,3498
data/raw/TB_Chest_Radiography_Database/Normal/Normal-999.png,0,rahman,3499
data/raw/TB_Chest_Radiography_Database/Tuberculosis/Tuberculosis-1.png,1,rahman,3500
data/raw/TB_Chest_Radiography_Database/Tuberculosis/Tuberculosis-10.png,1,rahman,3501
data/raw/TB_Chest_Radiography_Database/Tuberculosis/Tuberculosis-100.png,1,rahman,3502
data/raw/TB_Chest_Radiography_Database/Tuberculosis/Tuberculosis-102.png,1,rahman,3504
data/raw/TB_Chest_Radiography_Database/Tuberculosis/Tuberculosis-103.png,1,rahman,3505
data/raw/TB_Chest_Radiography_Database/Tuberculosis/Tuberculosis-104.png,1,rahman,3506
data/raw/TB_Chest_Radiography_Database/Tuberculosis/Tuberculosis-105.png,1,rahman,3507
data/raw/TB_Chest_Radiography_Database/Tuberculosis/Tuberculosis-106.png,1,rahman,3508
data/raw/TB_Chest_Radiography_Database/Tuberculosis/Tuberculosis-107.png,1,rahman,3509
data/raw/TB_Chest_Radiography_Database/Tuberculosis/Tuberculosis-108.png,1,rahman,3510
data/raw/TB_Chest_Radiography_Database/Tuberculosis/Tuberculosis-109.png,1,rahman,3511
data/raw/TB_Chest_Radiography_Database/Tuberculosis/Tuberculosis-11.png,1,rahman,3512
data/raw/TB_Chest_Radiography_Database/Tuberculosis/Tuberculosis-110.png,1,rahman,3513
data/raw/TB_Chest_Radiography_Database/Tuberculosis/Tuberculosis-112.png,1,rahman,3515
data/raw/TB_Chest_Radiography_Database/Tuberculosis/Tuberculosis-114.png,1,rahman,3517
data/raw/TB_Chest_Radiography_Database/Tuberculosis/Tuberculosis-115.png,1,rahman,3518
data/raw/TB_Chest_Radiography_Database/Tuberculosis/Tuberculosis-117.png,1,rahman,3520
data/raw/TB_Chest_Radiography_Database/Tuberculosis/Tuberculosis-118.png,1,rahman,3521
data/raw/TB_Chest_Radiography_Database/Tuberculosis/Tuberculosis-119.png,1,rahman,3522
data/raw/TB_Chest_Radiography_Database/Tuberculosis/Tuberculosis-12.png,1,rahman,3523
data/raw/TB_Chest_Radiography_Database/Tuberculosis/Tuberculosis-120.png,1,rahman,3524
data/raw/TB_Chest_Radiography_Database/Tuberculosis/Tuberculosis-121.png,1,rahman,3525
data/raw/TB_Chest_Radiography_Database/Tuberculosis/Tuberculosis-122.png,1,rahman,3526
data/raw/TB_Chest_Radiography_Database/Tuberculosis/Tuberculosis-123.png,1,rahman,3527
data/raw/TB_Chest_Radiography_Database/Tuberculosis/Tuberculosis-124.png,1,rahman,3528
data/raw/TB_Chest_Radiography_Database/Tuberculosis/Tuberculosis-125.png,1,rahman,3529
data/raw/TB_Chest_Radiography_Database/Tuberculosis/Tuberculosis-126.png,1,rahman,3530
data/raw/TB_Chest_Radiography_Database/Tuberculosis/Tuberculosis-127.png,1,rahman,3531
data/raw/TB_Chest_Radiography_Database/Tuberculosis/Tuberculosis-128.png,1,rahman,3532
data/raw/TB_Chest_Radiography_Database/Tuberculosis/Tuberculosis-129.png,1,rahman,3533
data/raw/TB_Chest_Radiography_Database/Tuberculosis/Tuberculosis-13.png,1,rahman,3534
data/raw/TB_Chest_Radiography_Database/Tuberculosis/Tuberculosis-130.png,1,rahman,3535
data/raw/TB_Chest_Radiography_Database/Tuberculosis/Tuberculosis-131.png,1,rahman,3536
data/raw/TB_Chest_Radiography_Database/Tuberculosis/Tuberculosis-133.png,1,rahman,3538
data/raw/TB_Chest_Radiography_Database/Tuberculosis/Tuberculosis-134.png,1,rahman,3539
data/raw/TB_Chest_Radiography_Database/Tuberculosis/Tuberculosis-135.png,1,rahman,3540
data/raw/TB_Chest_Radiography_Database/Tuberculosis/Tuberculosis-136.png,1,rahman,3541
data/raw/TB_Chest_Radiography_Database/Tuberculosis/Tuberculosis-137.png,1,rahman,3542
data/raw/TB_Chest_Radiography_Database/Tuberculosis/Tuberculosis-138.png,1,rahman,3543
data/raw/TB_Chest_Radiography_Database/Tuberculosis/Tuberculosis-139.png,1,rahman,3544
data/raw/TB_Chest_Radiography_Database/Tuberculosis/Tuberculosis-14.png,1,rahman,3545
data/raw/TB_Chest_Radiography_Database/Tuberculosis/Tuberculosis-140.png,1,rahman,3546
data/raw/TB_Chest_Radiography_Database/Tuberculosis/Tuberculosis-141.png,1,rahman,3547
data/raw/TB_Chest_Radiography_Database/Tuberculosis/Tuberculosis-142.png,1,rahman,3548
data/raw/TB_Chest_Radiography_Database/Tuberculosis/Tuberculosis-143.png,1,rahman,3549
data/raw/TB_Chest_Radiography_Database/Tuberculosis/Tuberculosis-144.png,1,rahman,3550
data/raw/TB_Chest_Radiography_Database/Tuberculosis/Tuberculosis-145.png,1,rahman,3551
data/raw/TB_Chest_Radiography_Database/Tuberculosis/Tuberculosis-146.png,1,rahman,3552
data/raw/TB_Chest_Radiography_Database/Tuberculosis/Tuberculosis-147.png,1,rahman,3553
data/raw/TB_Chest_Radiography_Database/Tuberculosis/Tuberculosis-148.png,1,rahman,3554
data/raw/TB_Chest_Radiography_Database/Tuberculosis/Tuberculosis-149.png,1,rahman,3555
data/raw/TB_Chest_Radiography_Database/Tuberculosis/Tuberculosis-15.png,1,rahman,3556
data/raw/TB_Chest_Radiography_Database/Tuberculosis/Tuberculosis-150.png,1,rahman,3557
data/raw/TB_Chest_Radiography_Database/Tuberculosis/Tuberculosis-151.png,1,rahman,3558
data/raw/TB_Chest_Radiography_Database/Tuberculosis/Tuberculosis-152.png,1,rahman,3559
data/raw/TB_Chest_Radiography_Database/Tuberculosis/Tuberculosis-153.png,1,rahman,3560
data/raw/TB_Chest_Radiography_Database/Tuberculosis/Tuberculosis-154.png,1,rahman,3561
data/raw/TB_Chest_Radiography_Database/Tuberculosis/Tuberculosis-155.png,1,rahman,3562
data/raw/TB_Chest_Radiography_Database/Tuberculosis/Tuberculosis-156.png,1,rahman,3563
data/raw/TB_Chest_Radiography_Database/Tuberculosis/Tuberculosis-157.png,1,rahman,3564
data/raw/TB_Chest_Radiography_Database/Tuberculosis/Tuberculosis-159.png,1,rahman,3566
data/raw/TB_Chest_Radiography_Database/Tuberculosis/Tuberculosis-16.png,1,rahman,3567
data/raw/TB_Chest_Radiography_Database/Tuberculosis/Tuberculosis-160.png,1,rahman,3568
data/raw/TB_Chest_Radiography_Database/Tuberculosis/Tuberculosis-161.png,1,rahman,3569
data/raw/TB_Chest_Radiography_Database/Tuberculosis/Tuberculosis-162.png,1,rahman,3570
data/raw/TB_Chest_Radiography_Database/Tuberculosis/Tuberculosis-165.png,1,rahman,3573
data/raw/TB_Chest_Radiography_Database/Tuberculosis/Tuberculosis-166.png,1,rahman,3574
data/raw/TB_Chest_Radiography_Database/Tuberculosis/Tuberculosis-167.png,1,rahman,3575
data/raw/TB_Chest_Radiography_Database/Tuberculosis/Tuberculosis-168.png,1,rahman,3576
data/raw/TB_Chest_Radiography_Database/Tuberculosis/Tuberculosis-169.png,1,rahman,3577
data/raw/TB_Chest_Radiography_Database/Tuberculosis/Tuberculosis-17.png,1,rahman,3578
data/raw/TB_Chest_Radiography_Database/Tuberculosis/Tuberculosis-170.png,1,rahman,3579
data/raw/TB_Chest_Radiography_Database/Tuberculosis/Tuberculosis-171.png,1,rahman,3580
data/raw/TB_Chest_Radiography_Database/Tuberculosis/Tuberculosis-172.png,1,rahman,3581
data/raw/TB_Chest_Radiography_Database/Tuberculosis/Tuberculosis-173.png,1,rahman,3582
data/raw/TB_Chest_Radiography_Database/Tuberculosis/Tuberculosis-175.png,1,rahman,3584
data/raw/TB_Chest_Radiography_Database/Tuberculosis/Tuberculosis-176.png,1,rahman,3585
data/raw/TB_Chest_Radiography_Database/Tuberculosis/Tuberculosis-177.png,1,rahman,3586
data/raw/TB_Chest_Radiography_Database/Tuberculosis/Tuberculosis-178.png,1,rahman,3587
data/raw/TB_Chest_Radiography_Database/Tuberculosis/Tuberculosis-179.png,1,rahman,3588
data/raw/TB_Chest_Radiography_Database/Tuberculosis/Tuberculosis-180.png,1,rahman,3590
data/raw/TB_Chest_Radiography_Database/Tuberculosis/Tuberculosis-181.png,1,rahman,3591
data/raw/TB_Chest_Radiography_Database/Tuberculosis/Tuberculosis-182.png,1,rahman,3592
data/raw/TB_Chest_Radiography_Database/Tuberculosis/Tuberculosis-183.png,1,rahman,3593
data/raw/TB_Chest_Radiography_Database/Tuberculosis/Tuberculosis-184.png,1,rahman,3594
data/raw/TB_Chest_Radiography_Database/Tuberculosis/Tuberculosis-185.png,1,rahman,3595
data/raw/TB_Chest_Radiography_Database/Tuberculosis/Tuberculosis-187.png,1,rahman,3597
data/raw/TB_Chest_Radiography_Database/Tuberculosis/Tuberculosis-188.png,1,rahman,3598
data/raw/TB_Chest_Radiography_Database/Tuberculosis/Tuberculosis-189.png,1,rahman,3599
data/raw/TB_Chest_Radiography_Database/Tuberculosis/Tuberculosis-190.png,1,rahman,3601
data/raw/TB_Chest_Radiography_Database/Tuberculosis/Tuberculosis-191.png,1,rahman,3602
data/raw/TB_Chest_Radiography_Database/Tuberculosis/Tuberculosis-192.png,1,rahman,3603
data/raw/TB_Chest_Radiography_Database/Tuberculosis/Tuberculosis-194.png,1,rahman,3605
data/raw/TB_Chest_Radiography_Database/Tuberculosis/Tuberculosis-195.png,1,rahman,3606
data/raw/TB_Chest_Radiography_Database/Tuberculosis/Tuberculosis-196.png,1,rahman,3607
data/raw/TB_Chest_Radiography_Database/Tuberculosis/Tuberculosis-197.png,1,rahman,3608
data/raw/TB_Chest_Radiography_Database/Tuberculosis/Tuberculosis-198.png,1,rahman,3609
data/raw/TB_Chest_Radiography_Database/Tuberculosis/Tuberculosis-199.png,1,rahman,3610
data/raw/TB_Chest_Radiography_Database/Tuberculosis/Tuberculosis-2.png,1,rahman,3611
data/raw/TB_Chest_Radiography_Database/Tuberculosis/Tuberculosis-201.png,1,rahman,3614
data/raw/TB_Chest_Radiography_Database/Tuberculosis/Tuberculosis-202.png,1,rahman,3615
data/raw/TB_Chest_Radiography_Database/Tuberculosis/Tuberculosis-203.png,1,rahman,3616
data/raw/TB_Chest_Radiography_Database/Tuberculosis/Tuberculosis-204.png,1,rahman,3617
data/raw/TB_Chest_Radiography_Database/Tuberculosis/Tuberculosis-205.png,1,rahman,3618
data/raw/TB_Chest_Radiography_Database/Tuberculosis/Tuberculosis-206.png,1,rahman,3619
data/raw/TB_Chest_Radiography_Database/Tuberculosis/Tuberculosis-207.png,1,rahman,3620
data/raw/TB_Chest_Radiography_Database/Tuberculosis/Tuberculosis-208.png,1,rahman,3621
data/raw/TB_Chest_Radiography_Database/Tuberculosis/Tuberculosis-209.png,1,rahman,3622
data/raw/TB_Chest_Radiography_Database/Tuberculosis/Tuberculosis-21.png,1,rahman,3623
data/raw/TB_Chest_Radiography_Database/Tuberculosis/Tuberculosis-210.png,1,rahman,3624
data/raw/TB_Chest_Radiography_Database/Tuberculosis/Tuberculosis-211.png,1,rahman,3625
data/raw/TB_Chest_Radiography_Database/Tuberculosis/Tuberculosis-212.png,1,rahman,3626
data/raw/TB_Chest_Radiography_Database/Tuberculosis/Tuberculosis-213.png,1,rahman,3627
data/raw/TB_Chest_Radiography_Database/Tuberculosis/Tuberculosis-214.png,1,rahman,3628
data/raw/TB_Chest_Radiography_Database/Tuberculosis/Tuberculosis-215.png,1,rahman,3629
data/raw/TB_Chest_Radiography_Database/Tuberculosis/Tuberculosis-216.png,1,rahman,3630
data/raw/TB_Chest_Radiography_Database/Tuberculosis/Tuberculosis-217.png,1,rahman,3631
data/raw/TB_Chest_Radiography_Database/Tuberculosis/Tuberculosis-218.png,1,rahman,3632
data/raw/TB_Chest_Radiography_Database/Tuberculosis/Tuberculosis-219.png,1,rahman,3633
data/raw/TB_Chest_Radiography_Database/Tuberculosis/Tuberculosis-22.png,1,rahman,3634
data/raw/TB_Chest_Radiography_Database/Tuberculosis/Tuberculosis-221.png,1,rahman,3636
data/raw/TB_Chest_Radiography_Database/Tuberculosis/Tuberculosis-222.png,1,rahman,3637
data/raw/TB_Chest_Radiography_Database/Tuberculosis/Tuberculosis-223.png,1,rahman,3638
data/raw/TB_Chest_Radiography_Database/Tuberculosis/Tuberculosis-225.png,1,rahman,3640
data/raw/TB_Chest_Radiography_Database/Tuberculosis/Tuberculosis-227.png,1,rahman,3642
data/raw/TB_Chest_Radiography_Database/Tuberculosis/Tuberculosis-228.png,1,rahman,3643
data/raw/TB_Chest_Radiography_Database/Tuberculosis/Tuberculosis-23.png,1,rahman,3645
data/raw/TB_Chest_Radiography_Database/Tuberculosis/Tuberculosis-230.png,1,rahman,3646
data/raw/TB_Chest_Radiography_Database/Tuberculosis/Tuberculosis-231.png,1,rahman,3647
data/raw/TB_Chest_Radiography_Database/Tuberculosis/Tuberculosis-233.png,1,rahman,3649
data/raw/TB_Chest_Radiography_Database/Tuberculosis/Tuberculosis-236.png,1,rahman,3652
data/raw/TB_Chest_Radiography_Database/Tuberculosis/Tuberculosis-237.png,1,rahman,3653
data/raw/TB_Chest_Radiography_Database/Tuberculosis/Tuberculosis-239.png,1,rahman,3655
data/raw/TB_Chest_Radiography_Database/Tuberculosis/Tuberculosis-240.png,1,rahman,3657
data/raw/TB_Chest_Radiography_Database/Tuberculosis/Tuberculosis-242.png,1,rahman,3659
data/raw/TB_Chest_Radiography_Database/Tuberculosis/Tuberculosis-243.png,1,rahman,3660
data/raw/TB_Chest_Radiography_Database/Tuberculosis/Tuberculosis-245.png,1,rahman,3662
data/raw/TB_Chest_Radiography_Database/Tuberculosis/Tuberculosis-246.png,1,rahman,3663
data/raw/TB_Chest_Radiography_Database/Tuberculosis/Tuberculosis-247.png,1,rahman,3664
data/raw/TB_Chest_Radiography_Database/Tuberculosis/Tuberculosis-248.png,1,rahman,3665
data/raw/TB_Chest_Radiography_Database/Tuberculosis/Tuberculosis-249.png,1,rahman,3666
data/raw/TB_Chest_Radiography_Database/Tuberculosis/Tuberculosis-25.png,1,rahman,3667
data/raw/TB_Chest_Radiography_Database/Tuberculosis/Tuberculosis-250.png,1,rahman,3668
data/raw/TB_Chest_Radiography_Database/Tuberculosis/Tuberculosis-251.png,1,rahman,3669
data/raw/TB_Chest_Radiography_Database/Tuberculosis/Tuberculosis-252.png,1,rahman,3670
data/raw/TB_Chest_Radiography_Database/Tuberculosis/Tuberculosis-253.png,1,rahman,3671
data/raw/TB_Chest_Radiography_Database/Tuberculosis/Tuberculosis-254.png,1,rahman,3672
data/raw/TB_Chest_Radiography_Database/Tuberculosis/Tuberculosis-255.png,1,rahman,3673
data/raw/TB_Chest_Radiography_Database/Tuberculosis/Tuberculosis-257.png,1,rahman,3675
data/raw/TB_Chest_Radiography_Database/Tuberculosis/Tuberculosis-258.png,1,rahman,3676
data/raw/TB_Chest_Radiography_Database/Tuberculosis/Tuberculosis-259.png,1,rahman,3677
data/raw/TB_Chest_Radiography_Database/Tuberculosis/Tuberculosis-261.png,1,rahman,3680
data/raw/TB_Chest_Radiography_Database/Tuberculosis/Tuberculosis-262.png,1,rahman,3681
data/raw/TB_Chest_Radiography_Database/Tuberculosis/Tuberculosis-264.png,1,rahman,3683
data/raw/TB_Chest_Radiography_Database/Tuberculosis/Tuberculosis-265.png,1,rahman,3684
data/raw/TB_Chest_Radiography_Database/Tuberculosis/Tuberculosis-266.png,1,rahman,3685
data/raw/TB_Chest_Radiography_Database/Tuberculosis/Tuberculosis-267.png,1,rahman,3686
data/raw/TB_Chest_Radiography_Database/Tuberculosis/Tuberculosis-268.png,1,rahman,3687
data/raw/TB_Chest_Radiography_Database/Tuberculosis/Tuberculosis-269.png,1,rahman,3688
data/raw/TB_Chest_Radiography_Database/Tuberculosis/Tuberculosis-27.png,1,rahman,3689
data/raw/TB_Chest_Radiography_Database/Tuberculosis/Tuberculosis-270.png,1,rahman,3690
data/raw/TB_Chest_Radiography_Database/Tuberculosis/Tuberculosis-271.png,1,rahman,3691
data/raw/TB_Chest_Radiography_Database/Tuberculosis/Tuberculosis-272.png,1,rahman,3692
data/raw/TB_Chest_Radiography_Database/Tuberculosis/Tuberculosis-273.png,1,rahman,3693
data/raw/TB_Chest_Radiography_Database/Tuberculosis/Tuberculosis-274.png,1,rahman,3694
data/raw/TB_Chest_Radiography_Database/Tuberculosis/Tuberculosis-275.png,1,rahman,3695
data/raw/TB_Chest_Radiography_Database/Tuberculosis/Tuberculosis-276.png,1,rahman,3696
data/raw/TB_Chest_Radiography_Database/Tuberculosis/Tuberculosis-277.png,1,rahman,3697
data/raw/TB_Chest_Radiography_Database/Tuberculosis/Tuberculosis-278.png,1,rahman,3698
data/raw/TB_Chest_Radiography_Database/Tuberculosis/Tuberculosis-279.png,1,rahman,3699
data/raw/TB_Chest_Radiography_Database/Tuberculosis/Tuberculosis-281.png,1,rahman,3702
data/raw/TB_Chest_Radiography_Database/Tuberculosis/Tuberculosis-282.png,1,rahman,3703
data/raw/TB_Chest_Radiography_Database/Tuberculosis/Tuberculosis-283.png,1,rahman,3704
data/raw/TB_Chest_Radiography_Database/Tuberculosis/Tuberculosis-284.png,1,rahman,3705
data/raw/TB_Chest_Radiography_Database/Tuberculosis/Tuberculosis-285.png,1,rahman,3706
data/raw/TB_Chest_Radiography_Database/Tuberculosis/Tuberculosis-286.png,1,rahman,3707
data/raw/TB_Chest_Radiography_Database/Tuberculosis/Tuberculosis-287.png,1,rahman,3708
data/raw/TB_Chest_Radiography_Database/Tuberculosis/Tuberculosis-288.png,1,rahman,3709
data/raw/TB_Chest_Radiography_Database/Tuberculosis/Tuberculosis-289.png,1,rahman,3710
data/raw/TB_Chest_Radiography_Database/Tuberculosis/Tuberculosis-293.png,1,rahman,3715
data/raw/TB_Chest_Radiography_Database/Tuberculosis/Tuberculosis-294.png,1,rahman,3716
data/raw/TB_Chest_Radiography_Database/Tuberculosis/Tuberculosis-295.png,1,rahman,3717
data/raw/TB_Chest_Radiography_Database/Tuberculosis/Tuberculosis-296.png,1,rahman,3718
data/raw/TB_Chest_Radiography_Database/Tuberculosis/Tuberculosis-297.png,1,rahman,3719
data/raw/TB_Chest_Radiography_Database/Tuberculosis/Tuberculosis-298.png,1,rahman,3720
data/raw/TB_Chest_Radiography_Database/Tuberculosis/Tuberculosis-299.png,1,rahman,3721
data/raw/TB_Chest_Radiography_Database/Tuberculosis/Tuberculosis-300.png,1,rahman,3724
data/raw/TB_Chest_Radiography_Database/Tuberculosis/Tuberculosis-301.png,1,rahman,3725
data/raw/TB_Chest_Radiography_Database/Tuberculosis/Tuberculosis-302.png,1,rahman,3726
data/raw/TB_Chest_Radiography_Database/Tuberculosis/Tuberculosis-303.png,1,rahman,3727
data/raw/TB_Chest_Radiography_Database/Tuberculosis/Tuberculosis-304.png,1,rahman,3728
data/raw/TB_Chest_Radiography_Database/Tuberculosis/Tuberculosis-305.png,1,rahman,3729
data/raw/TB_Chest_Radiography_Database/Tuberculosis/Tuberculosis-306.png,1,rahman,3730
data/raw/TB_Chest_Radiography_Database/Tuberculosis/Tuberculosis-31.png,1,rahman,3734
data/raw/TB_Chest_Radiography_Database/Tuberculosis/Tuberculosis-311.png,1,rahman,3736
data/raw/TB_Chest_Radiography_Database/Tuberculosis/Tuberculosis-312.png,1,rahman,3737
data/raw/TB_Chest_Radiography_Database/Tuberculosis/Tuberculosis-313.png,1,rahman,3738
data/raw/TB_Chest_Radiography_Database/Tuberculosis/Tuberculosis-314.png,1,rahman,3739
data/raw/TB_Chest_Radiography_Database/Tuberculosis/Tuberculosis-315.png,1,rahman,3740
data/raw/TB_Chest_Radiography_Database/Tuberculosis/Tuberculosis-316.png,1,rahman,3741
data/raw/TB_Chest_Radiography_Database/Tuberculosis/Tuberculosis-317.png,1,rahman,3742
data/raw/TB_Chest_Radiography_Database/Tuberculosis/Tuberculosis-318.png,1,rahman,3743
data/raw/TB_Chest_Radiography_Database/Tuberculosis/Tuberculosis-319.png,1,rahman,3744
data/raw/TB_Chest_Radiography_Database/Tuberculosis/Tuberculosis-320.png,1,rahman,3746
data/raw/TB_Chest_Radiography_Database/Tuberculosis/Tuberculosis-321.png,1,rahman,3747
data/raw/TB_Chest_Radiography_Database/Tuberculosis/Tuberculosis-322.png,1,rahman,3748
data/raw/TB_Chest_Radiography_Database/Tuberculosis/Tuberculosis-323.png,1,rahman,3749
data/raw/TB_Chest_Radiography_Database/Tuberculosis/Tuberculosis-324.png,1,rahman,3750
data/raw/TB_Chest_Radiography_Database/Tuberculosis/Tuberculosis-325.png,1,rahman,3751
data/raw/TB_Chest_Radiography_Database/Tuberculosis/Tuberculosis-327.png,1,rahman,3753
data/raw/TB_Chest_Radiography_Database/Tuberculosis/Tuberculosis-328.png,1,rahman,3754
data/raw/TB_Chest_Radiography_Database/Tuberculosis/Tuberculosis-329.png,1,rahman,3755
data/raw/TB_Chest_Radiography_Database/Tuberculosis/Tuberculosis-33.png,1,rahman,3756
data/raw/TB_Chest_Radiography_Database/Tuberculosis/Tuberculosis-330.png,1,rahman,3757
data/raw/TB_Chest_Radiography_Database/Tuberculosis/Tuberculosis-331.png,1,rahman,3758
data/raw/TB_Chest_Radiography_Database/Tuberculosis/Tuberculosis-332.png,1,rahman,3759
data/raw/TB_Chest_Radiography_Database/Tuberculosis/Tuberculosis-333.png,1,rahman,3760
data/raw/TB_Chest_Radiography_Database/Tuberculosis/Tuberculosis-336.png,1,rahman,3763
data/raw/TB_Chest_Radiography_Database/Tuberculosis/Tuberculosis-337.png,1,rahman,3764
data/raw/TB_Chest_Radiography_Database/Tuberculosis/Tuberculosis-339.png,1,rahman,3766
data/raw/TB_Chest_Radiography_Database/Tuberculosis/Tuberculosis-34.png,1,rahman,3767
data/raw/TB_Chest_Radiography_Database/Tuberculosis/Tuberculosis-340.png,1,rahman,3768
data/raw/TB_Chest_Radiography_Database/Tuberculosis/Tuberculosis-341.png,1,rahman,3769
data/raw/TB_Chest_Radiography_Database/Tuberculosis/Tuberculosis-342.png,1,rahman,3770
data/raw/TB_Chest_Radiography_Database/Tuberculosis/Tuberculosis-343.png,1,rahman,3771
data/raw/TB_Chest_Radiography_Database/Tuberculosis/Tuberculosis-344.png,1,rahman,3772
data/raw/TB_Chest_Radiography_Database/Tuberculosis/Tuberculosis-345.png,1,rahman,3773
data/raw/TB_Chest_Radiography_Database/Tuberculosis/Tuberculosis-346.png,1,rahman,3774
data/raw/TB_Chest_Radiography_Database/Tuberculosis/Tuberculosis-347.png,1,rahman,3775
data/raw/TB_Chest_Radiography_Database/Tuberculosis/Tuberculosis-35.png,1,rahman,3778
data/raw/TB_Chest_Radiography_Database/Tuberculosis/Tuberculosis-350.png,1,rahman,3779
data/raw/TB_Chest_Radiography_Database/Tuberculosis/Tuberculosis-351.png,1,rahman,3780
data/raw/TB_Chest_Radiography_Database/Tuberculosis/Tuberculosis-353.png,1,rahman,3782
data/raw/TB_Chest_Radiography_Database/Tuberculosis/Tuberculosis-354.png,1,rahman,3783
data/raw/TB_Chest_Radiography_Database/Tuberculosis/Tuberculosis-355.png,1,rahman,3784
data/raw/TB_Chest_Radiography_Database/Tuberculosis/Tuberculosis-356.png,1,rahman,3785
data/raw/TB_Chest_Radiography_Database/Tuberculosis/Tuberculosis-357.png,1,rahman,3786
data/raw/TB_Chest_Radiography_Database/Tuberculosis/Tuberculosis-358.png,1,rahman,3787
data/raw/TB_Chest_Radiography_Database/Tuberculosis/Tuberculosis-359.png,1,rahman,3788
data/raw/TB_Chest_Radiography_Database/Tuberculosis/Tuberculosis-360.png,1,rahman,3790
data/raw/TB_Chest_Radiography_Database/Tuberculosis/Tuberculosis-361.png,1,rahman,3791
data/raw/TB_Chest_Radiography_Database/Tuberculosis/Tuberculosis-362.png,1,rahman,3792
data/raw/TB_Chest_Radiography_Database/Tuberculosis/Tuberculosis-363.png,1,rahman,3793
data/raw/TB_Chest_Radiography_Database/Tuberculosis/Tuberculosis-364.png,1,rahman,3794
data/raw/TB_Chest_Radiography_Database/Tuberculosis/Tuberculosis-366.png,1,rahman,3796
data/raw/TB_Chest_Radiography_Database/Tuberculosis/Tuberculosis-368.png,1,rahman,3798
data/raw/TB_Chest_Radiography_Database/Tuberculosis/Tuberculosis-369.png,1,rahman,3799
data/raw/TB_Chest_Radiography_Database/Tuberculosis/Tuberculosis-37.png,1,rahman,3800
data/raw/TB_Chest_Radiography_Database/Tuberculosis/Tuberculosis-370.png,1,rahman,3801
data/raw/TB_Chest_Radiography_Database/Tuberculosis/Tuberculosis-371.png,1,rahman,3802
data/raw/TB_Chest_Radiography_Database/Tuberculosis/Tuberculosis-372.png,1,rahman,3803
data/raw/TB_Chest_Radiography_Database/Tuberculosis/Tuberculosis-373.png,1,rahman,3804
data/raw/TB_Chest_Radiography_Database/Tuberculosis/Tuberculosis-374.png,1,rahman,3805
data/raw/TB_Chest_Radiography_Database/Tuberculosis/Tuberculosis-375.png,1,rahman,3806
data/raw/TB_Chest_Radiography_Database/Tuberculosis/Tuberculosis-376.png,1,rahman,3807
data/raw/TB_Chest_Radiography_Database/Tuberculosis/Tuberculosis-377.png,1,rahman,3808
data/raw/TB_Chest_Radiography_Database/Tuberculosis/Tuberculosis-378.png,1,rahman,3809
data/raw/TB_Chest_Radiography_Database/Tuberculosis/Tuberculosis-379.png,1,rahman,3810
data/raw/TB_Chest_Radiography_Database/Tuberculosis/Tuberculosis-38.png,1,rahman,3811
data/raw/TB_Chest_Radiography_Database/Tuberculosis/Tuberculosis-380.png,1,rahman,3812
data/raw/TB_Chest_Radiography_Database/Tuberculosis/Tuberculosis-381.png,1,rahman,3813
data/raw/TB_Chest_Radiography_Database/Tuberculosis/Tuberculosis-382.png,1,rahman,3814
data/raw/TB_Chest_Radiography_Database/Tuberculosis/Tuberculosis-383.png,1,rahman,3815
data/raw/TB_Chest_Radiography_Database/Tuberculosis/Tuberculosis-384.png,1,rahman,3816
data/raw/TB_Chest_Radiography_Database/Tuberculosis/Tuberculosis-385.png,1,rahman,3817
data/raw/TB_Chest_Radiography_Database/Tuberculosis/Tuberculosis-386.png,1,rahman,3818
data/raw/TB_Chest_Radiography_Database/Tuberculosis/Tuberculosis-39.png,1,rahman,3822
data/raw/TB_Chest_Radiography_Database/Tuberculosis/Tuberculosis-390.png,1,rahman,3823
data/raw/TB_Chest_Radiography_Database/Tuberculosis/Tuberculosis-392.png,1,rahman,3825
data/raw/TB_Chest_Radiography_Database/Tuberculosis/Tuberculosis-394.png,1,rahman,3827
data/raw/TB_Chest_Radiography_Database/Tuberculosis/Tuberculosis-395.png,1,rahman,3828
data/raw/TB_Chest_Radiography_Database/Tuberculosis/Tuberculosis-397.png,1,rahman,3830
data/raw/TB_Chest_Radiography_Database/Tuberculosis/Tuberculosis-398.png,1,rahman,3831
data/raw/TB_Chest_Radiography_Database/Tuberculosis/Tuberculosis-399.png,1,rahman,3832
data/raw/TB_Chest_Radiography_Database/Tuberculosis/Tuberculosis-4.png,1,rahman,3833
data/raw/TB_Chest_Radiography_Database/Tuberculosis/Tuberculosis-40.png,1,rahman,3834
data/raw/TB_Chest_Radiography_Database/Tuberculosis/Tuberculosis-400.png,1,rahman,3835
data/raw/TB_Chest_Radiography_Database/Tuberculosis/Tuberculosis-402.png,1,rahman,3837
data/raw/TB_Chest_Radiography_Database/Tuberculosis/Tuberculosis-403.png,1,rahman,3838
data/raw/TB_Chest_Radiography_Database/Tuberculosis/Tuberculosis-404.png,1,rahman,3839
data/raw/TB_Chest_Radiography_Database/Tuberculosis/Tuberculosis-406.png,1,rahman,3841
data/raw/TB_Chest_Radiography_Database/Tuberculosis/Tuberculosis-407.png,1,rahman,3842
data/raw/TB_Chest_Radiography_Database/Tuberculosis/Tuberculosis-408.png,1,rahman,3843
data/raw/TB_Chest_Radiography_Database/Tuberculosis/Tuberculosis-409.png,1,rahman,3844
data/raw/TB_Chest_Radiography_Database/Tuberculosis/Tuberculosis-41.png,1,rahman,3845
data/raw/TB_Chest_Radiography_Database/Tuberculosis/Tuberculosis-410.png,1,rahman,3846
data/raw/TB_Chest_Radiography_Database/Tuberculosis/Tuberculosis-411.png,1,rahman,3847
data/raw/TB_Chest_Radiography_Database/Tuberculosis/Tuberculosis-412.png,1,rahman,3848
data/raw/TB_Chest_Radiography_Database/Tuberculosis/Tuberculosis-413.png,1,rahman,3849
data/raw/TB_Chest_Radiography_Database/Tuberculosis/Tuberculosis-414.png,1,rahman,3850
data/raw/TB_Chest_Radiography_Database/Tuberculosis/Tuberculosis-415.png,1,rahman,3851
data/raw/TB_Chest_Radiography_Database/Tuberculosis/Tuberculosis-416.png,1,rahman,3852
data/raw/TB_Chest_Radiography_Database/Tuberculosis/Tuberculosis-417.png,1,rahman,3853
data/raw/TB_Chest_Radiography_Database/Tuberculosis/Tuberculosis-418.png,1,rahman,3854
data/raw/TB_Chest_Radiography_Database/Tuberculosis/Tuberculosis-419.png,1,rahman,3855
data/raw/TB_Chest_Radiography_Database/Tuberculosis/Tuberculosis-42.png,1,rahman,3856
data/raw/TB_Chest_Radiography_Database/Tuberculosis/Tuberculosis-420.png,1,rahman,3857
data/raw/TB_Chest_Radiography_Database/Tuberculosis/Tuberculosis-421.png,1,rahman,3858
data/raw/TB_Chest_Radiography_Database/Tuberculosis/Tuberculosis-422.png,1,rahman,3859
data/raw/TB_Chest_Radiography_Database/Tuberculosis/Tuberculosis-423.png,1,rahman,3860
data/raw/TB_Chest_Radiography_Database/Tuberculosis/Tuberculosis-424.png,1,rahman,3861
data/raw/TB_Chest_Radiography_Database/Tuberculosis/Tuberculosis-425.png,1,rahman,3862
data/raw/TB_Chest_Radiography_Database/Tuberculosis/Tuberculosis-427.png,1,rahman,3864
data/raw/TB_Chest_Radiography_Database/Tuberculosis/Tuberculosis-428.png,1,rahman,3865
data/raw/TB_Chest_Radiography_Database/Tuberculosis/Tuberculosis-429.png,1,rahman,3866
data/raw/TB_Chest_Radiography_Database/Tuberculosis/Tuberculosis-43.png,1,rahman,3867
data/raw/TB_Chest_Radiography_Database/Tuberculosis/Tuberculosis-431.png,1,rahman,3869
data/raw/TB_Chest_Radiography_Database/Tuberculosis/Tuberculosis-433.png,1,rahman,3871
data/raw/TB_Chest_Radiography_Database/Tuberculosis/Tuberculosis-434.png,1,rahman,3872
data/raw/TB_Chest_Radiography_Database/Tuberculosis/Tuberculosis-435.png,1,rahman,3873
data/raw/TB_Chest_Radiography_Database/Tuberculosis/Tuberculosis-436.png,1,rahman,3874
data/raw/TB_Chest_Radiography_Database/Tuberculosis/Tuberculosis-437.png,1,rahman,3875
data/raw/TB_Chest_Radiography_Database/Tuberculosis/Tuberculosis-438.png,1,rahman,3876
data/raw/TB_Chest_Radiography_Database/Tuberculosis/Tuberculosis-439.png,1,rahman,3877
data/raw/TB_Chest_Radiography_Database/Tuberculosis/Tuberculosis-44.png,1,rahman,3878
data/raw/TB_Chest_Radiography_Database/Tuberculosis/Tuberculosis-440.png,1,rahman,3879
data/raw/TB_Chest_Radiography_Database/Tuberculosis/Tuberculosis-441.png,1,rahman,3880
data/raw/TB_Chest_Radiography_Database/Tuberculosis/Tuberculosis-442.png,1,rahman,3881
data/raw/TB_Chest_Radiography_Database/Tuberculosis/Tuberculosis-443.png,1,rahman,3882
data/raw/TB_Chest_Radiography_Database/Tuberculosis/Tuberculosis-444.png,1,rahman,3883
data/raw/TB_Chest_Radiography_Database/Tuberculosis/Tuberculosis-445.png,1,rahman,3884
data/raw/TB_Chest_Radiography_Database/Tuberculosis/Tuberculosis-446.png,1,rahman,3885
data/raw/TB_Chest_Radiography_Database/Tuberculosis/Tuberculosis-447.png,1,rahman,3886
data/raw/TB_Chest_Radiography_Database/Tuberculosis/Tuberculosis-448.png,1,rahman,3887
data/raw/TB_Chest_Radiography_Database/Tuberculosis/Tuberculosis-449.png,1,rahman,3888
data/raw/TB_Chest_Radiography_Database/Tuberculosis/Tuberculosis-45.png,1,rahman,3889
data/raw/TB_Chest_Radiography_Database/Tuberculosis/Tuberculosis-450.png,1,rahman,3890
data/raw/TB_Chest_Radiography_Database/Tuberculosis/Tuberculosis-451.png,1,rahman,3891
data/raw/TB_Chest_Radiography_Database/Tuberculosis/Tuberculosis-452.png,1,rahman,3892
data/raw/TB_Chest_Radiography_Database/Tuberculosis/Tuberculosis-453.png,1,rahman,3893
data/raw/TB_Chest_Radiography_Database/Tuberculosis/Tuberculosis-454.png,1,rahman,3894
data/raw/TB_Chest_Radiography_Database/Tuberculosis/Tuberculosis-455.png,1,rahman,3895
data/raw/TB_Chest_Radiography_Database/Tuberculosis/Tuberculosis-456.png,1,rahman,3896
data/raw/TB_Chest_Radiography_Database/Tuberculosis/Tuberculosis-457.png,1,rahman,3897
data/raw/TB_Chest_Radiography_Database/Tuberculosis/Tuberculosis-458.png,1,rahman,3898
data/raw/TB_Chest_Radiography_Database/Tuberculosis/Tuberculosis-459.png,1,rahman,3899
data/raw/TB_Chest_Radiography_Database/Tuberculosis/Tuberculosis-46.png,1,rahman,3900
data/raw/TB_Chest_Radiography_Database/Tuberculosis/Tuberculosis-460.png,1,rahman,3901
data/raw/TB_Chest_Radiography_Database/Tuberculosis/Tuberculosis-461.png,1,rahman,3902
data/raw/TB_Chest_Radiography_Database/Tuberculosis/Tuberculosis-462.png,1,rahman,3903
data/raw/TB_Chest_Radiography_Database/Tuberculosis/Tuberculosis-463.png,1,rahman,3904
data/raw/TB_Chest_Radiography_Database/Tuberculosis/Tuberculosis-464.png,1,rahman,3905
data/raw/TB_Chest_Radiography_Database/Tuberculosis/Tuberculosis-465.png,1,rahman,3906
data/raw/TB_Chest_Radiography_Database/Tuberculosis/Tuberculosis-466.png,1,rahman,3907
data/raw/TB_Chest_Radiography_Database/Tuberculosis/Tuberculosis-468.png,1,rahman,3909
data/raw/TB_Chest_Radiography_Database/Tuberculosis/Tuberculosis-47.png,1,rahman,3911
data/raw/TB_Chest_Radiography_Database/Tuberculosis/Tuberculosis-470.png,1,rahman,3912
data/raw/TB_Chest_Radiography_Database/Tuberculosis/Tuberculosis-474.png,1,rahman,3916
data/raw/TB_Chest_Radiography_Database/Tuberculosis/Tuberculosis-475.png,1,rahman,3917
data/raw/TB_Chest_Radiography_Database/Tuberculosis/Tuberculosis-477.png,1,rahman,3919
data/raw/TB_Chest_Radiography_Database/Tuberculosis/Tuberculosis-478.png,1,rahman,3920
data/raw/TB_Chest_Radiography_Database/Tuberculosis/Tuberculosis-479.png,1,rahman,3921
data/raw/TB_Chest_Radiography_Database/Tuberculosis/Tuberculosis-48.png,1,rahman,3922
data/raw/TB_Chest_Radiography_Database/Tuberculosis/Tuberculosis-480.png,1,rahman,3923
data/raw/TB_Chest_Radiography_Database/Tuberculosis/Tuberculosis-483.png,1,rahman,3926
data/raw/TB_Chest_Radiography_Database/Tuberculosis/Tuberculosis-484.png,1,rahman,3927
data/raw/TB_Chest_Radiography_Database/Tuberculosis/Tuberculosis-485.png,1,rahman,3928
data/raw/TB_Chest_Radiography_Database/Tuberculosis/Tuberculosis-486.png,1,rahman,3929
data/raw/TB_Chest_Radiography_Database/Tuberculosis/Tuberculosis-487.png,1,rahman,3930
data/raw/TB_Chest_Radiography_Database/Tuberculosis/Tuberculosis-488.png,1,rahman,3931
data/raw/TB_Chest_Radiography_Database/Tuberculosis/Tuberculosis-489.png,1,rahman,3932
data/raw/TB_Chest_Radiography_Database/Tuberculosis/Tuberculosis-49.png,1,rahman,3933
data/raw/TB_Chest_Radiography_Database/Tuberculosis/Tuberculosis-490.png,1,rahman,3934
data/raw/TB_Chest_Radiography_Database/Tuberculosis/Tuberculosis-491.png,1,rahman,3935
data/raw/TB_Chest_Radiography_Database/Tuberculosis/Tuberculosis-493.png,1,rahman,3937
data/raw/TB_Chest_Radiography_Database/Tuberculosis/Tuberculosis-494.png,1,rahman,3938
data/raw/TB_Chest_Radiography_Database/Tuberculosis/Tuberculosis-495.png,1,rahman,3939
data/raw/TB_Chest_Radiography_Database/Tuberculosis/Tuberculosis-496.png,1,rahman,3940
data/raw/TB_Chest_Radiography_Database/Tuberculosis/Tuberculosis-497.png,1,rahman,3941
data/raw/TB_Chest_Radiography_Database/Tuberculosis/Tuberculosis-498.png,1,rahman,3942
data/raw/TB_Chest_Radiography_Database/Tuberculosis/Tuberculosis-5.png,1,rahman,3944
data/raw/TB_Chest_Radiography_Database/Tuberculosis/Tuberculosis-500.png,1,rahman,3946
data/raw/TB_Chest_Radiography_Database/Tuberculosis/Tuberculosis-501.png,1,rahman,3947
data/raw/TB_Chest_Radiography_Database/Tuberculosis/Tuberculosis-503.png,1,rahman,3949
data/raw/TB_Chest_Radiography_Database/Tuberculosis/Tuberculosis-504.png,1,rahman,3950
data/raw/TB_Chest_Radiography_Database/Tuberculosis/Tuberculosis-505.png,1,rahman,3951
data/raw/TB_Chest_Radiography_Database/Tuberculosis/Tuberculosis-506.png,1,rahman,3952
data/raw/TB_Chest_Radiography_Database/Tuberculosis/Tuberculosis-507.png,1,rahman,3953
data/raw/TB_Chest_Radiography_Database/Tuberculosis/Tuberculosis-508.png,1,rahman,3954
data/raw/TB_Chest_Radiography_Database/Tuberculosis/Tuberculosis-509.png,1,rahman,3955
data/raw/TB_Chest_Radiography_Database/Tuberculosis/Tuberculosis-51.png,1,rahman,3956
data/raw/TB_Chest_Radiography_Database/Tuberculosis/Tuberculosis-511.png,1,rahman,3958
data/raw/TB_Chest_Radiography_Database/Tuberculosis/Tuberculosis-512.png,1,rahman,3959
data/raw/TB_Chest_Radiography_Database/Tuberculosis/Tuberculosis-513.png,1,rahman,3960
data/raw/TB_Chest_Radiography_Database/Tuberculosis/Tuberculosis-514.png,1,rahman,3961
data/raw/TB_Chest_Radiography_Database/Tuberculosis/Tuberculosis-515.png,1,rahman,3962
data/raw/TB_Chest_Radiography_Database/Tuberculosis/Tuberculosis-516.png,1,rahman,3963
data/raw/TB_Chest_Radiography_Database/Tuberculosis/Tuberculosis-518.png,1,rahman,3965
data/raw/TB_Chest_Radiography_Database/Tuberculosis/Tuberculosis-519.png,1,rahman,3966
data/raw/TB_Chest_Radiography_Database/Tuberculosis/Tuberculosis-52.png,1,rahman,3967
data/raw/TB_Chest_Radiography_Database/Tuberculosis/Tuberculosis-520.png,1,rahman,3968
data/raw/TB_Chest_Radiography_Database/Tuberculosis/Tuberculosis-521.png,1,rahman,3969
data/raw/TB_Chest_Radiography_Database/Tuberculosis/Tuberculosis-522.png,1,rahman,3970
data/raw/TB_Chest_Radiography_Database/Tuberculosis/Tuberculosis-523.png,1,rahman,3971
data/raw/TB_Chest_Radiography_Database/Tuberculosis/Tuberculosis-524.png,1,rahman,3972
data/raw/TB_Chest_Radiography_Database/Tuberculosis/Tuberculosis-525.png,1,rahman,3973
data/raw/TB_Chest_Radiography_Database/Tuberculosis/Tuberculosis-526.png,1,rahman,3974
data/raw/TB_Chest_Radiography_Database/Tuberculosis/Tuberculosis-527.png,1,rahman,3975
data/raw/TB_Chest_Radiography_Database/Tuberculosis/Tuberculosis-528.png,1,rahman,3976
data/raw/TB_Chest_Radiography_Database/Tuberculosis/Tuberculosis-529.png,1,rahman,3977
data/raw/TB_Chest_Radiography_Database/Tuberculosis/Tuberculosis-53.png,1,rahman,3978
data/raw/TB_Chest_Radiography_Database/Tuberculosis/Tuberculosis-530.png,1,rahman,3979
data/raw/TB_Chest_Radiography_Database/Tuberculosis/Tuberculosis-531.png,1,rahman,3980
data/raw/TB_Chest_Radiography_Database/Tuberculosis/Tuberculosis-532.png,1,rahman,3981
data/raw/TB_Chest_Radiography_Database/Tuberculosis/Tuberculosis-533.png,1,rahman,3982
data/raw/TB_Chest_Radiography_Database/Tuberculosis/Tuberculosis-534.png,1,rahman,3983
data/raw/TB_Chest_Radiography_Database/Tuberculosis/Tuberculosis-535.png,1,rahman,3984
data/raw/TB_Chest_Radiography_Database/Tuberculosis/Tuberculosis-536.png,1,rahman,3985
data/raw/TB_Chest_Radiography_Database/Tuberculosis/Tuberculosis-537.png,1,rahman,3986
data/raw/TB_Chest_Radiography_Database/Tuberculosis/Tuberculosis-538.png,1,rahman,3987
data/raw/TB_Chest_Radiography_Database/Tuberculosis/Tuberculosis-539.png,1,rahman,3988
data/raw/TB_Chest_Radiography_Database/Tuberculosis/Tuberculosis-54.png,1,rahman,3989
data/raw/TB_Chest_Radiography_Database/Tuberculosis/Tuberculosis-541.png,1,rahman,3991
data/raw/TB_Chest_Radiography_Database/Tuberculosis/Tuberculosis-543.png,1,rahman,3993
data/raw/TB_Chest_Radiography_Database/Tuberculosis/Tuberculosis-544.png,1,rahman,3994
data/raw/TB_Chest_Radiography_Database/Tuberculosis/Tuberculosis-546.png,1,rahman,3996
data/raw/TB_Chest_Radiography_Database/Tuberculosis/Tuberculosis-548.png,1,rahman,3998
data/raw/TB_Chest_Radiography_Database/Tuberculosis/Tuberculosis-549.png,1,rahman,3999
data/raw/TB_Chest_Radiography_Database/Tuberculosis/Tuberculosis-55.png,1,rahman,4000
data/raw/TB_Chest_Radiography_Database/Tuberculosis/Tuberculosis-550.png,1,rahman,4001
data/raw/TB_Chest_Radiography_Database/Tuberculosis/Tuberculosis-551.png,1,rahman,4002
data/raw/TB_Chest_Radiography_Database/Tuberculosis/Tuberculosis-553.png,1,rahman,4004
data/raw/TB_Chest_Radiography_Database/Tuberculosis/Tuberculosis-554.png,1,rahman,4005
data/raw/TB_Chest_Radiography_Database/Tuberculosis/Tuberculosis-555.png,1,rahman,4006
data/raw/TB_Chest_Radiography_Database/Tuberculosis/Tuberculosis-556.png,1,rahman,4007
data/raw/TB_Chest_Radiography_Database/Tuberculosis/Tuberculosis-557.png,1,rahman,4008
data/raw/TB_Chest_Radiography_Database/Tuberculosis/Tuberculosis-558.png,1,rahman,4009
data/raw/TB_Chest_Radiography_Database/Tuberculosis/Tuberculosis-559.png,1,rahman,4010
data/raw/TB_Chest_Radiography_Database/Tuberculosis/Tuberculosis-56.png,1,rahman,4011
data/raw/TB_Chest_Radiography_Database/Tuberculosis/Tuberculosis-560.png,1,rahman,4012
data/raw/TB_Chest_Radiography_Database/Tuberculosis/Tuberculosis-561.png,1,rahman,4013
data/raw/TB_Chest_Radiography_Database/Tuberculosis/Tuberculosis-562.png,1,rahman,4014
data/raw/TB_Chest_Radiography_Database/Tuberculosis/Tuberculosis-563.png,1,rahman,4015
data/raw/TB_Chest_Radiography_Database/Tuberculosis/Tuberculosis-564.png,1,rahman,4016
data/raw/TB_Chest_Radiography_Database/Tuberculosis/Tuberculosis-567.png,1,rahman,4019
data/raw/TB_Chest_Radiography_Database/Tuberculosis/Tuberculosis-568.png,1,rahman,4020
data/raw/TB_Chest_Radiography_Database/Tuberculosis/Tuberculosis-569.png,1,rahman,4021
data/raw/TB_Chest_Radiography_Database/Tuberculosis/Tuberculosis-57.png,1,rahman,4022
data/raw/TB_Chest_Radiography_Database/Tuberculosis/Tuberculosis-570.png,1,rahman,4023
data/raw/TB_Chest_Radiography_Database/Tuberculosis/Tuberculosis-571.png,1,rahman,4024
data/raw/TB_Chest_Radiography_Database/Tuberculosis/Tuberculosis-572.png,1,rahman,4025
data/raw/TB_Chest_Radiography_Database/Tuberculosis/Tuberculosis-573.png,1,rahman,4026
data/raw/TB_Chest_Radiography_Database/Tuberculosis/Tuberculosis-574.png,1,rahman,4027
data/raw/TB_Chest_Radiography_Database/Tuberculosis/Tuberculosis-576.png,1,rahman,4029
data/raw/TB_Chest_Radiography_Database/Tuberculosis/Tuberculosis-577.png,1,rahman,4030
data/raw/TB_Chest_Radiography_Database/Tuberculosis/Tuberculosis-578.png,1,rahman,4031
data/raw/TB_Chest_Radiography_Database/Tuberculosis/Tuberculosis-579.png,1,rahman,4032
data/raw/TB_Chest_Radiography_Database/Tuberculosis/Tuberculosis-58.png,1,rahman,4033
data/raw/TB_Chest_Radiography_Database/Tuberculosis/Tuberculosis-580.png,1,rahman,4034
data/raw/TB_Chest_Radiography_Database/Tuberculosis/Tuberculosis-581.png,1,rahman,4035
data/raw/TB_Chest_Radiography_Database/Tuberculosis/Tuberculosis-582.png,1,rahman,4036
data/raw/TB_Chest_Radiography_Database/Tuberculosis/Tuberculosis-583.png,1,rahman,4037
data/raw/TB_Chest_Radiography_Database/Tuberculosis/Tuberculosis-584.png,1,rahman,4038
data/raw/TB_Chest_Radiography_Database/Tuberculosis/Tuberculosis-585.png,1,rahman,4039
data/raw/TB_Chest_Radiography_Database/Tuberculosis/Tuberculosis-586.png,1,rahman,4040
data/raw/TB_Chest_Radiography_Database/Tuberculosis/Tuberculosis-587.png,1,rahman,4041
data/raw/TB_Chest_Radiography_Database/Tuberculosis/Tuberculosis-588.png,1,rahman,4042
data/raw/TB_Chest_Radiography_Database/Tuberculosis/Tuberculosis-589.png,1,rahman,4043
data/raw/TB_Chest_Radiography_Database/Tuberculosis/Tuberculosis-590.png,1,rahman,4045
data/raw/TB_Chest_Radiography_Database/Tuberculosis/Tuberculosis-591.png,1,rahman,4046
data/raw/TB_Chest_Radiography_Database/Tuberculosis/Tuberculosis-592.png,1,rahman,4047
data/raw/TB_Chest_Radiography_Database/Tuberculosis/Tuberculosis-593.png,1,rahman,4048
data/raw/TB_Chest_Radiography_Database/Tuberculosis/Tuberculosis-594.png,1,rahman,4049
data/raw/TB_Chest_Radiography_Database/Tuberculosis/Tuberculosis-595.png,1,rahman,4050
data/raw/TB_Chest_Radiography_Database/Tuberculosis/Tuberculosis-598.png,1,rahman,4053
data/raw/TB_Chest_Radiography_Database/Tuberculosis/Tuberculosis-599.png,1,rahman,4054
data/raw/TB_Chest_Radiography_Database/Tuberculosis/Tuberculosis-6.png,1,rahman,4055
data/raw/TB_Chest_Radiography_Database/Tuberculosis/Tuberculosis-60.png,1,rahman,4056
data/raw/TB_Chest_Radiography_Database/Tuberculosis/Tuberculosis-600.png,1,rahman,4057
data/raw/TB_Chest_Radiography_Database/Tuberculosis/Tuberculosis-601.png,1,rahman,4058
data/raw/TB_Chest_Radiography_Database/Tuberculosis/Tuberculosis-602.png,1,rahman,4059
data/raw/TB_Chest_Radiography_Database/Tuberculosis/Tuberculosis-603.png,1,rahman,4060
data/raw/TB_Chest_Radiography_Database/Tuberculosis/Tuberculosis-604.png,1,rahman,4061
data/raw/TB_Chest_Radiography_Database/Tuberculosis/Tuberculosis-605.png,1,rahman,4062
data/raw/TB_Chest_Radiography_Database/Tuberculosis/Tuberculosis-606.png,1,rahman,4063
data/raw/TB_Chest_Radiography_Database/Tuberculosis/Tuberculosis-607.png,1,rahman,4064
data/raw/TB_Chest_Radiography_Database/Tuberculosis/Tuberculosis-608.png,1,rahman,4065
data/raw/TB_Chest_Radiography_Database/Tuberculosis/Tuberculosis-609.png,1,rahman,4066
data/raw/TB_Chest_Radiography_Database/Tuberculosis/Tuberculosis-61.png,1,rahman,4067
data/raw/TB_Chest_Radiography_Database/Tuberculosis/Tuberculosis-610.png,1,rahman,4068
data/raw/TB_Chest_Radiography_Database/Tuberculosis/Tuberculosis-611.png,1,rahman,4069
data/raw/TB_Chest_Radiography_Database/Tuberculosis/Tuberculosis-612.png,1,rahman,4070
data/raw/TB_Chest_Radiography_Database/Tuberculosis/Tuberculosis-613.png,1,rahman,4071
data/raw/TB_Chest_Radiography_Database/Tuberculosis/Tuberculosis-614.png,1,rahman,4072
data/raw/TB_Chest_Radiography_Database/Tuberculosis/Tuberculosis-616.png,1,rahman,4074
data/raw/TB_Chest_Radiography_Database/Tuberculosis/Tuberculosis-618.png,1,rahman,4076
data/raw/TB_Chest_Radiography_Database/Tuberculosis/Tuberculosis-619.png,1,rahman,4077
data/raw/TB_Chest_Radiography_Database/Tuberculosis/Tuberculosis-62.png,1,rahman,4078
data/raw/TB_Chest_Radiography_Database/Tuberculosis/Tuberculosis-621.png,1,rahman,4080
data/raw/TB_Chest_Radiography_Database/Tuberculosis/Tuberculosis-623.png,1,rahman,4082
data/raw/TB_Chest_Radiography_Database/Tuberculosis/Tuberculosis-624.png,1,rahman,4083
data/raw/TB_Chest_Radiography_Database/Tuberculosis/Tuberculosis-625.png,1,rahman,4084
data/raw/TB_Chest_Radiography_Database/Tuberculosis/Tuberculosis-626.png,1,rahman,4085
data/raw/TB_Chest_Radiography_Database/Tuberculosis/Tuberculosis-628.png,1,rahman,4087
data/raw/TB_Chest_Radiography_Database/Tuberculosis/Tuberculosis-629.png,1,rahman,4088
data/raw/TB_Chest_Radiography_Database/Tuberculosis/Tuberculosis-63.png,1,rahman,4089
data/raw/TB_Chest_Radiography_Database/Tuberculosis/Tuberculosis-630.png,1,rahman,4090
data/raw/TB_Chest_Radiography_Database/Tuberculosis/Tuberculosis-631.png,1,rahman,4091
data/raw/TB_Chest_Radiography_Database/Tuberculosis/Tuberculosis-632.png,1,rahman,4092
data/raw/TB_Chest_Radiography_Database/Tuberculosis/Tuberculosis-633.png,1,rahman,4093
data/raw/TB_Chest_Radiography_Database/Tuberculosis/Tuberculosis-634.png,1,rahman,4094
data/raw/TB_Chest_Radiography_Database/Tuberculosis/Tuberculosis-635.png,1,rahman,4095
data/raw/TB_Chest_Radiography_Database/Tuberculosis/Tuberculosis-636.png,1,rahman,4096
data/raw/TB_Chest_Radiography_Database/Tuberculosis/Tuberculosis-637.png,1,rahman,4097
data/raw/TB_Chest_Radiography_Database/Tuberculosis/Tuberculosis-638.png,1,rahman,4098
data/raw/TB_Chest_Radiography_Database/Tuberculosis/Tuberculosis-639.png,1,rahman,4099
data/raw/TB_Chest_Radiography_Database/Tuberculosis/Tuberculosis-64.png,1,rahman,4100
data/raw/TB_Chest_Radiography_Database/Tuberculosis/Tuberculosis-640.png,1,rahman,4101
data/raw/TB_Chest_Radiography_Database/Tuberculosis/Tuberculosis-642.png,1,rahman,4103
data/raw/TB_Chest_Radiography_Database/Tuberculosis/Tuberculosis-643.png,1,rahman,4104
data/raw/TB_Chest_Radiography_Database/Tuberculosis/Tuberculosis-644.png,1,rahman,4105
data/raw/TB_Chest_Radiography_Database/Tuberculosis/Tuberculosis-645.png,1,rahman,4106
data/raw/TB_Chest_Radiography_Database/Tuberculosis/Tuberculosis-646.png,1,rahman,4107
data/raw/TB_Chest_Radiography_Database/Tuberculosis/Tuberculosis-647.png,1,rahman,4108
data/raw/TB_Chest_Radiography_Database/Tuberculosis/Tuberculosis-648.png,1,rahman,4109
data/raw/TB_Chest_Radiography_Database/Tuberculosis/Tuberculosis-649.png,1,rahman,4110
data/raw/TB_Chest_Radiography_Database/Tuberculosis/Tuberculosis-65.png,1,rahman,4111
data/raw/TB_Chest_Radiography_Database/Tuberculosis/Tuberculosis-653.png,1,rahman,4115
data/raw/TB_Chest_Radiography_Database/Tuberculosis/Tuberculosis-654.png,1,rahman,4116
data/raw/TB_Chest_Radiography_Database/Tuberculosis/Tuberculosis-655.png,1,rahman,4117
data/raw/TB_Chest_Radiography_Database/Tuberculosis/Tuberculosis-656.png,1,rahman,4118
data/raw/TB_Chest_Radiography_Database/Tuberculosis/Tuberculosis-657.png,1,rahman,4119
data/raw/TB_Chest_Radiography_Database/Tuberculosis/Tuberculosis-659.png,1,rahman,4121
data/raw/TB_Chest_Radiography_Database/Tuberculosis/Tuberculosis-660.png,1,rahman,4123
data/raw/TB_Chest_Radiography_Database/Tuberculosis/Tuberculosis-661.png,1,rahman,4124
data/raw/TB_Chest_Radiography_Database/Tuberculosis/Tuberculosis-662.png,1,rahman,4125
data/raw/TB_Chest_Radiography_Database/Tuberculosis/Tuberculosis-664.png,1,rahman,4127
data/raw/TB_Chest_Radiography_Database/Tuberculosis/Tuberculosis-665.png,1,rahman,4128
data/raw/TB_Chest_Radiography_Database/Tuberculosis/Tuberculosis-666.png,1,rahman,4129
data/raw/TB_Chest_Radiography_Database/Tuberculosis/Tuberculosis-667.png,1,rahman,4130
data/raw/TB_Chest_Radiography_Database/Tuberculosis/Tuberculosis-67.png,1,rahman,4133
data/raw/TB_Chest_Radiography_Database/Tuberculosis/Tuberculosis-671.png,1,rahman,4135
data/raw/TB_Chest_Radiography_Database/Tuberculosis/Tuberculosis-673.png,1,rahman,4137
data/raw/TB_Chest_Radiography_Database/Tuberculosis/Tuberculosis-674.png,1,rahman,4138
data/raw/TB_Chest_Radiography_Database/Tuberculosis/Tuberculosis-675.png,1,rahman,4139
data/raw/TB_Chest_Radiography_Database/Tuberculosis/Tuberculosis-677.png,1,rahman,4141
data/raw/TB_Chest_Radiography_Database/Tuberculosis/Tuberculosis-678.png,1,rahman,4142
data/raw/TB_Chest_Radiography_Database/Tuberculosis/Tuberculosis-679.png,1,rahman,4143
data/raw/TB_Chest_Radiography_Database/Tuberculosis/Tuberculosis-68.png,1,rahman,4144
data/raw/TB_Chest_Radiography_Database/Tuberculosis/Tuberculosis-681.png,1,rahman,4146
data/raw/TB_Chest_Radiography_Database/Tuberculosis/Tuberculosis-682.png,1,rahman,4147
data/raw/TB_Chest_Radiography_Database/Tuberculosis/Tuberculosis-683.png,1,rahman,4148
data/raw/TB_Chest_Radiography_Database/Tuberculosis/Tuberculosis-684.png,1,rahman,4149
data/raw/TB_Chest_Radiography_Database/Tuberculosis/Tuberculosis-689.png,1,rahman,4154
data/raw/TB_Chest_Radiography_Database/Tuberculosis/Tuberculosis-69.png,1,rahman,4155
data/raw/TB_Chest_Radiography_Database/Tuberculosis/Tuberculosis-691.png,1,rahman,4157
data/raw/TB_Chest_Radiography_Database/Tuberculosis/Tuberculosis-692.png,1,rahman,4158
data/raw/TB_Chest_Radiography_Database/Tuberculosis/Tuberculosis-693.png,1,rahman,4159
data/raw/TB_Chest_Radiography_Database/Tuberculosis/Tuberculosis-694.png,1,rahman,4160
data/raw/TB_Chest_Radiography_Database/Tuberculosis/Tuberculosis-695.png,1,rahman,4161
data/raw/TB_Chest_Radiography_Database/Tuberculosis/Tuberculosis-696.png,1,rahman,4162
data/raw/TB_Chest_Radiography_Database/Tuberculosis/Tuberculosis-697.png,1,rahman,4163
data/raw/TB_Chest_Radiography_Database/Tuberculosis/Tuberculosis-698.png,1,rahman,4164
data/raw/TB_Chest_Radiography_Database/Tuberculosis/Tuberculosis-699.png,1,rahman,4165
data/raw/TB_Chest_Radiography_Database/Tuberculosis/Tuberculosis-7.png,1,rahman,4166
data/raw/TB_Chest_Radiography_Database/Tuberculosis/Tuberculosis-70.png,1,rahman,4167
data/raw/TB_Chest_Radiography_Database/Tuberculosis/Tuberculosis-700.png,1,rahman,4168
data/raw/TB_Chest_Radiography_Database/Tuberculosis/Tuberculosis-71.png,1,rahman,4169
data/raw/TB_Chest_Radiography_Database/Tuberculosis/Tuberculosis-72.png,1,rahman,4170
data/raw/TB_Chest_Radiography_Database/Tuberculosis/Tuberculosis-73.png,1,rahman,4171
data/raw/TB_Chest_Radiography_Database/Tuberculosis/Tuberculosis-74.png,1,rahman,4172
data/raw/TB_Chest_Radiography_Database/Tuberculosis/Tuberculosis-75.png,1,rahman,4173
data/raw/TB_Chest_Radiography_Database/Tuberculosis/Tuberculosis-76.png,1,rahman,4174
data/raw/TB_Chest_Radiography_Database/Tuberculosis/Tuberculosis-77.png,1,rahman,4175
data/raw/TB_Chest_Radiography_Database/Tuberculosis/Tuberculosis-78.png,1,rahman,4176
data/raw/TB_Chest_Radiography_Database/Tuberculosis/Tuberculosis-79.png,1,rahman,4177
data/raw/TB_Chest_Radiography_Database/Tuberculosis/Tuberculosis-8.png,1,rahman,4178
data/raw/TB_Chest_Radiography_Database/Tuberculosis/Tuberculosis-80.png,1,rahman,4179
data/raw/TB_Chest_Radiography_Database/Tuberculosis/Tuberculosis-81.png,1,rahman,4180
data/raw/TB_Chest_Radiography_Database/Tuberculosis/Tuberculosis-82.png,1,rahman,4181
data/raw/TB_Chest_Radiography_Database/Tuberculosis/Tuberculosis-84.png,1,rahman,4183
data/raw/TB_Chest_Radiography_Database/Tuberculosis/Tuberculosis-85.png,1,rahman,4184
data/raw/TB_Chest_Radiography_Database/Tuberculosis/Tuberculosis-86.png,1,rahman,4185
data/raw/TB_Chest_Radiography_Database/Tuberculosis/Tuberculosis-87.png,1,rahman,4186
data/raw/TB_Chest_Radiography_Database/Tuberculosis/Tuberculosis-9.png,1,rahman,4189
data/raw/TB_Chest_Radiography_Database/Tuberculosis/Tuberculosis-91.png,1,rahman,4191
data/raw/TB_Chest_Radiography_Database/Tuberculosis/Tuberculosis-92.png,1,rahman,4192
data/raw/TB_Chest_Radiography_Database/Tuberculosis/Tuberculosis-93.png,1,rahman,4193
data/raw/TB_Chest_Radiography_Database/Tuberculosis/Tuberculosis-94.png,1,rahman,4194
data/raw/TB_Chest_Radiography_Database/Tuberculosis/Tuberculosis-95.png,1,rahman,4195
data/raw/TB_Chest_Radiography_Database/Tuberculosis/Tuberculosis-96.png,1,rahman,4196
data/raw/TB_Chest_Radiography_Database/Tuberculosis/Tuberculosis-97.png,1,rahman,4197
data/raw/TB_Chest_Radiography_Database/Tuberculosis/Tuberculosis-98.png,1,rahman,4198
data/raw/TB_Chest_Radiography_Database/Tuberculosis/Tuberculosis-99.png,1,rahman,4199
data/raw/tbx11k-simplified/images/h0001.png,0,tbx11k,7484
data/raw/tbx11k-simplified/images/h0003.png,0,tbx11k,5001
data/raw/tbx11k-simplified/images/h0004.png,0,tbx11k,5002
data/raw/tbx11k-simplified/images/h0005.png,0,tbx11k,5003
data/raw/tbx11k-simplified/images/h0008.png,0,tbx11k,5005
data/raw/tbx11k-simplified/images/h0009.png,0,tbx11k,5006
data/raw/tbx11k-simplified/images/h0010.png,0,tbx11k,5007
data/raw/tbx11k-simplified/images/h0012.png,0,tbx11k,5008
data/raw/tbx11k-simplified/images/h0013.png,0,tbx11k,5009
data/raw/tbx11k-simplified/images/h0016.png,0,tbx11k,5010
data/raw/tbx11k-simplified/images/h0017.png,0,tbx11k,5011
data/raw/tbx11k-simplified/images/h0018.png,0,tbx11k,5012
data/raw/tbx11k-simplified/images/h0019.png,0,tbx11k,5013
data/raw/tbx11k-simplified/images/h0020.png,0,tbx11k,5014
data/raw/tbx11k-simplified/images/h0021.png,0,tbx11k,5015
data/raw/tbx11k-simplified/images/h0022.png,0,tbx11k,5016
data/raw/tbx11k-simplified/images/h0023.png,0,tbx11k,5017
data/raw/tbx11k-simplified/images/h0027.png,0,tbx11k,5020
data/raw/tbx11k-simplified/images/h0028.png,0,tbx11k,5021
data/raw/tbx11k-simplified/images/h0030.png,0,tbx11k,5022
data/raw/tbx11k-simplified/images/h0031.png,0,tbx11k,5023
data/raw/tbx11k-simplified/images/h0032.png,0,tbx11k,5024
data/raw/tbx11k-simplified/images/h0033.png,0,tbx11k,5025
data/raw/tbx11k-simplified/images/h0034.png,0,tbx11k,5026
data/raw/tbx11k-simplified/images/h0036.png,0,tbx11k,5028
data/raw/tbx11k-simplified/images/h0039.png,0,tbx11k,5030
data/raw/tbx11k-simplified/images/h0040.png,0,tbx11k,5031
data/raw/tbx11k-simplified/images/h0041.png,0,tbx11k,5032
data/raw/tbx11k-simplified/images/h0044.png,0,tbx11k,5035
data/raw/tbx11k-simplified/images/h0045.png,0,tbx11k,5036
data/raw/tbx11k-simplified/images/h0046.png,0,tbx11k,5037
data/raw/tbx11k-simplified/images/h0048.png,0,tbx11k,5038
data/raw/tbx11k-simplified/images/h0049.png,0,tbx11k,5039
data/raw/tbx11k-simplified/images/h0050.png,0,tbx11k,5040
data/raw/tbx11k-simplified/images/h0051.png,0,tbx11k,5041
data/raw/tbx11k-simplified/images/h0053.png,0,tbx11k,5042
data/raw/tbx11k-simplified/images/h0054.png,0,tbx11k,5043
data/raw/tbx11k-simplified/images/h0057.png,0,tbx11k,5046
data/raw/tbx11k-simplified/images/h0060.png,0,tbx11k,5047
data/raw/tbx11k-simplified/images/h0061.png,0,tbx11k,5048
data/raw/tbx11k-simplified/images/h0062.png,0,tbx11k,5049
data/raw/tbx11k-simplified/images/h0063.png,0,tbx11k,5050
data/raw/tbx11k-simplified/images/h0064.png,0,tbx11k,5051
data/raw/tbx11k-simplified/images/h0066.png,0,tbx11k,5052
data/raw/tbx11k-simplified/images/h0067.png,0,tbx11k,5053
data/raw/tbx11k-simplified/images/h0069.png,0,tbx11k,5054
data/raw/tbx11k-simplified/images/h0070.png,0,tbx11k,5055
data/raw/tbx11k-simplified/images/h0071.png,0,tbx11k,5056
data/raw/tbx11k-simplified/images/h0073.png,0,tbx11k,5058
data/raw/tbx11k-simplified/images/h0074.png,0,tbx11k,5059
data/raw/tbx11k-simplified/images/h0075.png,0,tbx11k,5060
data/raw/tbx11k-simplified/images/h0076.png,0,tbx11k,5061
data/raw/tbx11k-simplified/images/h0078.png,0,tbx11k,5062
data/raw/tbx11k-simplified/images/h0080.png,0,tbx11k,5064
data/raw/tbx11k-simplified/images/h0082.png,0,tbx11k,5066
data/raw/tbx11k-simplified/images/h0083.png,0,tbx11k,5067
data/raw/tbx11k-simplified/images/h0084.png,0,tbx11k,5068
data/raw/tbx11k-simplified/images/h0085.png,0,tbx11k,5069
data/raw/tbx11k-simplified/images/h0087.png,0,tbx11k,5070
data/raw/tbx11k-simplified/images/h0088.png,0,tbx11k,5071
data/raw/tbx11k-simplified/images/h0091.png,0,tbx11k,5073
data/raw/tbx11k-simplified/images/h0093.png,0,tbx11k,5074
data/raw/tbx11k-simplified/images/h0094.png,0,tbx11k,5075
data/raw/tbx11k-simplified/images/h0095.png,0,tbx11k,5076
data/raw/tbx11k-simplified/images/h0097.png,0,tbx11k,5078
data/raw/tbx11k-simplified/images/h0098.png,0,tbx11k,5079
data/raw/tbx11k-simplified/images/h0100.png,0,tbx11k,5080
data/raw/tbx11k-simplified/images/h0101.png,0,tbx11k,5081
data/raw/tbx11k-simplified/images/h0102.png,0,tbx11k,5082
data/raw/tbx11k-simplified/images/h0103.png,0,tbx11k,5083
data/raw/tbx11k-simplified/images/h0105.png,0,tbx11k,5085
data/raw/tbx11k-simplified/images/h0108.png,0,tbx11k,5087
data/raw/tbx11k-simplified/images/h0111.png,0,tbx11k,5088
data/raw/tbx11k-simplified/images/h0112.png,0,tbx11k,5089
data/raw/tbx11k-simplified/images/h0114.png,0,tbx11k,5091
data/raw/tbx11k-simplified/images/h0115.png,0,tbx11k,5092
data/raw/tbx11k-simplified/images/h0116.png,0,tbx11k,5093
data/raw/tbx11k-simplified/images/h0117.png,0,tbx11k,5094
data/raw/tbx11k-simplified/images/h0118.png,0,tbx11k,5095
data/raw/tbx11k-simplified/images/h0119.png,0,tbx11k,5096
data/raw/tbx11k-simplified/images/h0122.png,0,tbx11k,6754
data/raw/tbx11k-simplified/images/h0123.png,0,tbx11k,5100
data/raw/tbx11k-simplified/images/h0124.png,0,tbx11k,5101
data/raw/tbx11k-simplified/images/h0125.png,0,tbx11k,5102
data/raw/tbx11k-simplified/images/h0126.png,0,tbx11k,5103
data/raw/tbx11k-simplified/images/h0127.png,0,tbx11k,5104
data/raw/tbx11k-simplified/images/h0132.png,0,tbx11k,6390
data/raw/tbx11k-simplified/images/h0133.png,0,tbx11k,5108
data/raw/tbx11k-simplified/images/h0134.png,0,tbx11k,5109
data/raw/tbx11k-simplified/images/h0135.png,0,tbx11k,5110
data/raw/tbx11k-simplified/images/h0138.png,0,tbx11k,5112
data/raw/tbx11k-simplified/images/h0140.png,0,tbx11k,5113
data/raw/tbx11k-simplified/images/h0141.png,0,tbx11k,5114
data/raw/tbx11k-simplified/images/h0142.png,0,tbx11k,5115
data/raw/tbx11k-simplified/images/h0144.png,0,tbx11k,5117
data/raw/tbx11k-simplified/images/h0145.png,0,tbx11k,5118
data/raw/tbx11k-simplified/images/h0147.png,0,tbx11k,5120
data/raw/tbx11k-simplified/images/h0149.png,0,tbx11k,5121
data/raw/tbx11k-simplified/images/h0150.png,0,tbx11k,5122
data/raw/tbx11k-simplified/images/h0152.png,0,tbx11k,5123
data/raw/tbx11k-simplified/images/h0153.png,0,tbx11k,5124
data/raw/tbx11k-simplified/images/h0154.png,0,tbx11k,5125
data/raw/tbx11k-simplified/images/h0155.png,0,tbx11k,5126
data/raw/tbx11k-simplified/images/h0156.png,0,tbx11k,5127
data/raw/tbx11k-simplified/images/h0157.png,0,tbx11k,5128
data/raw/tbx11k-simplified/images/h0158.png,0,tbx11k,5129
data/raw/tbx11k-simplified/images/h0159.png,0,tbx11k,5130
data/raw/tbx11k-simplified/images/h0160.png,0,tbx11k,5131
data/raw/tbx11k-simplified/images/h0161.png,0,tbx11k,5132
data/raw/tbx11k-simplified/images/h0163.png,0,tbx11k,5133
data/raw/tbx11k-simplified/images/h0164.png,0,tbx11k,5134
data/raw/tbx11k-simplified/images/h0165.png,0,tbx11k,5135
data/raw/tbx11k-simplified/images/h0166.png,0,tbx11k,5136
data/raw/tbx11k-simplified/images/h0167.png,0,tbx11k,5137
data/raw/tbx11k-simplified/images/h0168.png,0,tbx11k,5138
data/raw/tbx11k-simplified/images/h0169.png,0,tbx11k,5139
data/raw/tbx11k-simplified/images/h0170.png,0,tbx11k,5140
data/raw/tbx11k-simplified/images/h0171.png,0,tbx11k,5141
data/raw/tbx11k-simplified/images/h0172.png,0,tbx11k,5142
data/raw/tbx11k-simplified/images/h0174.png,0,tbx11k,5143
data/raw/tbx11k-simplified/images/h0176.png,0,tbx11k,5144
data/raw/tbx11k-simplified/images/h0178.png,0,tbx11k,5145
data/raw/tbx11k-simplified/images/h0179.png,0,tbx11k,5146
data/raw/tbx11k-simplified/images/h0180.png,0,tbx11k,5147
data/raw/tbx11k-simplified/images/h0181.png,0,tbx11k,5148
data/raw/tbx11k-simplified/images/h0182.png,0,tbx11k,5149
data/raw/tbx11k-simplified/images/h0184.png,0,tbx11k,5150
data/raw/tbx11k-simplified/images/h0186.png,0,tbx11k,5151
data/raw/tbx11k-simplified/images/h0187.png,0,tbx11k,5152
data/raw/tbx11k-simplified/images/h0189.png,0,tbx11k,5154
data/raw/tbx11k-simplified/images/h0190.png,0,tbx11k,5155
data/raw/tbx11k-simplified/images/h0192.png,0,tbx11k,5156
data/raw/tbx11k-simplified/images/h0193.png,0,tbx11k,5157
data/raw/tbx11k-simplified/images/h0194.png,0,tbx11k,5158
data/raw/tbx11k-simplified/images/h0195.png,0,tbx11k,5159
data/raw/tbx11k-simplified/images/h0196.png,0,tbx11k,5160
data/raw/tbx11k-simplified/images/h0198.png,0,tbx11k,5161
data/raw/tbx11k-simplified/images/h0201.png,0,tbx11k,5163
data/raw/tbx11k-simplified/images/h0203.png,0,tbx11k,5165
data/raw/tbx11k-simplified/images/h0204.png,0,tbx11k,5166
data/raw/tbx11k-simplified/images/h0208.png,0,tbx11k,5167
data/raw/tbx11k-simplified/images/h0209.png,0,tbx11k,5168
data/raw/tbx11k-simplified/images/h0212.png,0,tbx11k,5170
data/raw/tbx11k-simplified/images/h0213.png,0,tbx11k,5171
data/raw/tbx11k-simplified/images/h0214.png,0,tbx11k,5172
data/raw/tbx11k-simplified/images/h0217.png,0,tbx11k,5174
data/raw/tbx11k-simplified/images/h0219.png,0,tbx11k,5176
data/raw/tbx11k-simplified/images/h0221.png,0,tbx11k,5177
data/raw/tbx11k-simplified/images/h0223.png,0,tbx11k,5178
data/raw/tbx11k-simplified/images/h0224.png,0,tbx11k,5179
data/raw/tbx11k-simplified/images/h0225.png,0,tbx11k,5180
data/raw/tbx11k-simplified/images/h0227.png,0,tbx11k,5181
data/raw/tbx11k-simplified/images/h0230.png,0,tbx11k,5182
data/raw/tbx11k-simplified/images/h0231.png,0,tbx11k,5183
data/raw/tbx11k-simplified/images/h0232.png,0,tbx11k,5184
data/raw/tbx11k-simplified/images/h0233.png,0,tbx11k,5185
data/raw/tbx11k-simplified/images/h0234.png,0,tbx11k,5186
data/raw/tbx11k-simplified/images/h0235.png,0,tbx11k,5187
data/raw/tbx11k-simplified/images/h0236.png,0,tbx11k,5188
data/raw/tbx11k-simplified/images/h0237.png,0,tbx11k,5189
data/raw/tbx11k-simplified/images/h0238.png,0,tbx11k,5190
data/raw/tbx11k-simplified/images/h0241.png,0,tbx11k,5192
data/raw/tbx11k-simplified/images/h0242.png,0,tbx11k,5193
data/raw/tbx11k-simplified/images/h0243.png,0,tbx11k,5194
data/raw/tbx11k-simplified/images/h0244.png,0,tbx11k,5195
data/raw/tbx11k-simplified/images/h0246.png,0,tbx11k,5197
data/raw/tbx11k-simplified/images/h0247.png,0,tbx11k,5198
data/raw/tbx11k-simplified/images/h0248.png,0,tbx11k,5199
data/raw/tbx11k-simplified/images/h0249.png,0,tbx11k,5200
data/raw/tbx11k-simplified/images/h0250.png,0,tbx11k,5201
data/raw/tbx11k-simplified/images/h0251.png,0,tbx11k,5202
data/raw/tbx11k-simplified/images/h0252.png,0,tbx11k,5203
data/raw/tbx11k-simplified/images/h0255.png,0,tbx11k,5205
data/raw/tbx11k-simplified/images/h0258.png,0,tbx11k,5206
data/raw/tbx11k-simplified/images/h0259.png,0,tbx11k,5207
data/raw/tbx11k-simplified/images/h0261.png,0,tbx11k,5208
data/raw/tbx11k-simplified/images/h0262.png,0,tbx11k,5209
data/raw/tbx11k-simplified/images/h0263.png,0,tbx11k,5210
data/raw/tbx11k-simplified/images/h0264.png,0,tbx11k,5211
data/raw/tbx11k-simplified/images/h0265.png,0,tbx11k,5212
data/raw/tbx11k-simplified/images/h0267.png,0,tbx11k,5213
data/raw/tbx11k-simplified/images/h0268.png,0,tbx11k,5214
data/raw/tbx11k-simplified/images/h0269.png,0,tbx11k,5215
data/raw/tbx11k-simplified/images/h0270.png,0,tbx11k,5216
data/raw/tbx11k-simplified/images/h0272.png,0,tbx11k,5217
data/raw/tbx11k-simplified/images/h0273.png,0,tbx11k,5218
data/raw/tbx11k-simplified/images/h0276.png,0,tbx11k,5219
data/raw/tbx11k-simplified/images/h0278.png,0,tbx11k,5221
data/raw/tbx11k-simplified/images/h0279.png,0,tbx11k,5222
data/raw/tbx11k-simplified/images/h0281.png,0,tbx11k,5223
data/raw/tbx11k-simplified/images/h0282.png,0,tbx11k,5224
data/raw/tbx11k-simplified/images/h0283.png,0,tbx11k,5225
data/raw/tbx11k-simplified/images/h0285.png,0,tbx11k,5227
data/raw/tbx11k-simplified/images/h0286.png,0,tbx11k,5228
data/raw/tbx11k-simplified/images/h0287.png,0,tbx11k,5229
data/raw/tbx11k-simplified/images/h0288.png,0,tbx11k,5230
data/raw/tbx11k-simplified/images/h0289.png,0,tbx11k,5231
data/raw/tbx11k-simplified/images/h0290.png,0,tbx11k,5232
data/raw/tbx11k-simplified/images/h0291.png,0,tbx11k,5233
data/raw/tbx11k-simplified/images/h0292.png,0,tbx11k,5234
data/raw/tbx11k-simplified/images/h0293.png,0,tbx11k,5235
data/raw/tbx11k-simplified/images/h0294.png,0,tbx11k,5236
data/raw/tbx11k-simplified/images/h0295.png,0,tbx11k,5237
data/raw/tbx11k-simplified/images/h0297.png,0,tbx11k,5238
data/raw/tbx11k-simplified/images/h0298.png,0,tbx11k,5239
data/raw/tbx11k-simplified/images/h0299.png,0,tbx11k,5240
data/raw/tbx11k-simplified/images/h0301.png,0,tbx11k,5241
data/raw/tbx11k-simplified/images/h0302.png,0,tbx11k,5242
data/raw/tbx11k-simplified/images/h0303.png,0,tbx11k,5243
data/raw/tbx11k-simplified/images/h0304.png,0,tbx11k,5244
data/raw/tbx11k-simplified/images/h0305.png,0,tbx11k,5245
data/raw/tbx11k-simplified/images/h0306.png,0,tbx11k,5246
data/raw/tbx11k-simplified/images/h0307.png,0,tbx11k,5247
data/raw/tbx11k-simplified/images/h0312.png,0,tbx11k,5250
data/raw/tbx11k-simplified/images/h0313.png,0,tbx11k,5251
data/raw/tbx11k-simplified/images/h0314.png,0,tbx11k,5252
data/raw/tbx11k-simplified/images/h0316.png,0,tbx11k,5254
data/raw/tbx11k-simplified/images/h0319.png,0,tbx11k,5257
data/raw/tbx11k-simplified/images/h0320.png,0,tbx11k,5258
data/raw/tbx11k-simplified/images/h0321.png,0,tbx11k,5259
data/raw/tbx11k-simplified/images/h0322.png,0,tbx11k,5260
data/raw/tbx11k-simplified/images/h0323.png,0,tbx11k,5261
data/raw/tbx11k-simplified/images/h0325.png,0,tbx11k,5262
data/raw/tbx11k-simplified/images/h0327.png,0,tbx11k,5264
data/raw/tbx11k-simplified/images/h0328.png,0,tbx11k,5265
data/raw/tbx11k-simplified/images/h0329.png,0,tbx11k,5266
data/raw/tbx11k-simplified/images/h0330.png,0,tbx11k,5267
data/raw/tbx11k-simplified/images/h0331.png,0,tbx11k,5268
data/raw/tbx11k-simplified/images/h0332.png,0,tbx11k,5269
data/raw/tbx11k-simplified/images/h0333.png,0,tbx11k,5270
data/raw/tbx11k-simplified/images/h0334.png,0,tbx11k,5271
data/raw/tbx11k-simplified/images/h0335.png,0,tbx11k,5272
data/raw/tbx11k-simplified/images/h0338.png,0,tbx11k,5274
data/raw/tbx11k-simplified/images/h0340.png,0,tbx11k,5275
data/raw/tbx11k-simplified/images/h0341.png,0,tbx11k,5276
data/raw/tbx11k-simplified/images/h0343.png,0,tbx11k,5277
data/raw/tbx11k-simplified/images/h0345.png,0,tbx11k,5278
data/raw/tbx11k-simplified/images/h0347.png,0,tbx11k,5280
data/raw/tbx11k-simplified/images/h0349.png,0,tbx11k,5281
data/raw/tbx11k-simplified/images/h0350.png,0,tbx11k,5282
data/raw/tbx11k-simplified/images/h0351.png,0,tbx11k,5283
data/raw/tbx11k-simplified/images/h0353.png,0,tbx11k,5284
data/raw/tbx11k-simplified/images/h0355.png,0,tbx11k,5286
data/raw/tbx11k-simplified/images/h0356.png,0,tbx11k,5287
data/raw/tbx11k-simplified/images/h0357.png,0,tbx11k,5288
data/raw/tbx11k-simplified/images/h0358.png,0,tbx11k,5289
data/raw/tbx11k-simplified/images/h0359.png,0,tbx11k,5290
data/raw/tbx11k-simplified/images/h0360.png,0,tbx11k,5291
data/raw/tbx11k-simplified/images/h0362.png,0,tbx11k,5292
data/raw/tbx11k-simplified/images/h0364.png,0,tbx11k,5294
data/raw/tbx11k-simplified/images/h0366.png,0,tbx11k,5295
data/raw/tbx11k-simplified/images/h0369.png,0,tbx11k,5297
data/raw/tbx11k-simplified/images/h0370.png,0,tbx11k,5298
data/raw/tbx11k-simplified/images/h0371.png,0,tbx11k,5299
data/raw/tbx11k-simplified/images/h0372.png,0,tbx11k,5300
data/raw/tbx11k-simplified/images/h0374.png,0,tbx11k,5301
data/raw/tbx11k-simplified/images/h0375.png,0,tbx11k,5302
data/raw/tbx11k-simplified/images/h0377.png,0,tbx11k,5304
data/raw/tbx11k-simplified/images/h0378.png,0,tbx11k,5305
data/raw/tbx11k-simplified/images/h0381.png,0,tbx11k,5307
data/raw/tbx11k-simplified/images/h0382.png,0,tbx11k,5308
data/raw/tbx11k-simplified/images/h0383.png,0,tbx11k,5309
data/raw/tbx11k-simplified/images/h0385.png,0,tbx11k,5310
data/raw/tbx11k-simplified/images/h0386.png,0,tbx11k,5311
data/raw/tbx11k-simplified/images/h0387.png,0,tbx11k,5312
data/raw/tbx11k-simplified/images/h0389.png,0,tbx11k,5314
data/raw/tbx11k-simplified/images/h0390.png,0,tbx11k,5315
data/raw/tbx11k-simplified/images/h0391.png,0,tbx11k,5316
data/raw/tbx11k-simplified/images/h0392.png,0,tbx11k,5317
data/raw/tbx11k-simplified/images/h0393.png,0,tbx11k,5318
data/raw/tbx11k-simplified/images/h0394.png,0,tbx11k,5319
data/raw/tbx11k-simplified/images/h0396.png,0,tbx11k,5321
data/raw/tbx11k-simplified/images/h0397.png,0,tbx11k,5322
data/raw/tbx11k-simplified/images/h0399.png,0,tbx11k,5323
data/raw/tbx11k-simplified/images/h0401.png,0,tbx11k,5324
data/raw/tbx11k-simplified/images/h0402.png,0,tbx11k,5325
data/raw/tbx11k-simplified/images/h0405.png,0,tbx11k,5326
data/raw/tbx11k-simplified/images/h0406.png,0,tbx11k,5327
data/raw/tbx11k-simplified/images/h0407.png,0,tbx11k,5328
data/raw/tbx11k-simplified/images/h0412.png,0,tbx11k,5331
data/raw/tbx11k-simplified/images/h0413.png,0,tbx11k,5332
data/raw/tbx11k-simplified/images/h0414.png,0,tbx11k,5333
data/raw/tbx11k-simplified/images/h0415.png,0,tbx11k,5334
data/raw/tbx11k-simplified/images/h0416.png,0,tbx11k,5335
data/raw/tbx11k-simplified/images/h0417.png,0,tbx11k,5336
data/raw/tbx11k-simplified/images/h0418.png,0,tbx11k,5337
data/raw/tbx11k-simplified/images/h0419.png,0,tbx11k,5338
data/raw/tbx11k-simplified/images/h0420.png,0,tbx11k,5339
data/raw/tbx11k-simplified/images/h0421.png,0,tbx11k,5340
data/raw/tbx11k-simplified/images/h0422.png,0,tbx11k,5341
data/raw/tbx11k-simplified/images/h0423.png,0,tbx11k,5342
data/raw/tbx11k-simplified/images/h0424.png,0,tbx11k,5343
data/raw/tbx11k-simplified/images/h0428.png,0,tbx11k,5347
data/raw/tbx11k-simplified/images/h0429.png,0,tbx11k,5348
data/raw/tbx11k-simplified/images/h0430.png,0,tbx11k,5349
data/raw/tbx11k-simplified/images/h0432.png,0,tbx11k,5350
data/raw/tbx11k-simplified/images/h0433.png,0,tbx11k,5351
data/raw/tbx11k-simplified/images/h0435.png,0,tbx11k,5353
data/raw/tbx11k-simplified/images/h0436.png,0,tbx11k,5354
data/raw/tbx11k-simplified/images/h0438.png,0,tbx11k,5355
data/raw/tbx11k-simplified/images/h0439.png,0,tbx11k,5356
data/raw/tbx11k-simplified/images/h0440.png,0,tbx11k,5357
data/raw/tbx11k-simplified/images/h0443.png,0,tbx11k,5358
data/raw/tbx11k-simplified/images/h0444.png,0,tbx11k,5359
data/raw/tbx11k-simplified/images/h0445.png,0,tbx11k,5360
data/raw/tbx11k-simplified/images/h0446.png,0,tbx11k,5361
data/raw/tbx11k-simplified/images/h0447.png,0,tbx11k,5362
data/raw/tbx11k-simplified/images/h0448.png,0,tbx11k,5363
data/raw/tbx11k-simplified/images/h0449.png,0,tbx11k,5364
data/raw/tbx11k-simplified/images/h0450.png,0,tbx11k,5365
data/raw/tbx11k-simplified/images/h0453.png,0,tbx11k,5367
data/raw/tbx11k-simplified/images/h0455.png,0,tbx11k,5369
data/raw/tbx11k-simplified/images/h0457.png,0,tbx11k,5370
data/raw/tbx11k-simplified/images/h0458.png,0,tbx11k,5371
data/raw/tbx11k-simplified/images/h0460.png,0,tbx11k,5372
data/raw/tbx11k-simplified/images/h0462.png,0,tbx11k,5373
data/raw/tbx11k-simplified/images/h0464.png,0,tbx11k,5375
data/raw/tbx11k-simplified/images/h0466.png,0,tbx11k,5376
data/raw/tbx11k-simplified/images/h0467.png,0,tbx11k,5377
data/raw/tbx11k-simplified/images/h0468.png,0,tbx11k,5378
data/raw/tbx11k-simplified/images/h0471.png,0,tbx11k,5379
data/raw/tbx11k-simplified/images/h0472.png,0,tbx11k,5380
data/raw/tbx11k-simplified/images/h0473.png,0,tbx11k,5381
data/raw/tbx11k-simplified/images/h0474.png,0,tbx11k,5382
data/raw/tbx11k-simplified/images/h0475.png,0,tbx11k,5383
data/raw/tbx11k-simplified/images/h0476.png,0,tbx11k,5384
data/raw/tbx11k-simplified/images/h0477.png,0,tbx11k,5385
data/raw/tbx11k-simplified/images/h0478.png,0,tbx11k,5386
data/raw/tbx11k-simplified/images/h0479.png,0,tbx11k,5387
data/raw/tbx11k-simplified/images/h0480.png,0,tbx11k,5388
data/raw/tbx11k-simplified/images/h0483.png,0,tbx11k,5391
data/raw/tbx11k-simplified/images/h0485.png,0,tbx11k,5392
data/raw/tbx11k-simplified/images/h0487.png,0,tbx11k,5393
data/raw/tbx11k-simplified/images/h0489.png,0,tbx11k,5394
data/raw/tbx11k-simplified/images/h0490.png,0,tbx11k,5395
data/raw/tbx11k-simplified/images/h0492.png,0,tbx11k,5396
data/raw/tbx11k-simplified/images/h0494.png,0,tbx11k,5397
data/raw/tbx11k-simplified/images/h0495.png,0,tbx11k,5398
data/raw/tbx11k-simplified/images/h0496.png,0,tbx11k,5399
data/raw/tbx11k-simplified/images/h0498.png,0,tbx11k,5400
data/raw/tbx11k-simplified/images/h0501.png,0,tbx11k,5402
data/raw/tbx11k-simplified/images/h0504.png,0,tbx11k,5404
data/raw/tbx11k-simplified/images/h0508.png,0,tbx11k,5406
data/raw/tbx11k-simplified/images/h0510.png,0,tbx11k,5407
data/raw/tbx11k-simplified/images/h0511.png,0,tbx11k,5408
data/raw/tbx11k-simplified/images/h0515.png,0,tbx11k,5410
data/raw/tbx11k-simplified/images/h0517.png,0,tbx11k,5411
data/raw/tbx11k-simplified/images/h0518.png,0,tbx11k,5412
data/raw/tbx11k-simplified/images/h0520.png,0,tbx11k,5414
data/raw/tbx11k-simplified/images/h0521.png,0,tbx11k,5415
data/raw/tbx11k-simplified/images/h0523.png,0,tbx11k,5416
data/raw/tbx11k-simplified/images/h0524.png,0,tbx11k,5417
data/raw/tbx11k-simplified/images/h0527.png,0,tbx11k,5418
data/raw/tbx11k-simplified/images/h0528.png,0,tbx11k,5419
data/raw/tbx11k-simplified/images/h0529.png,0,tbx11k,5420
data/raw/tbx11k-simplified/images/h0530.png,0,tbx11k,5421
data/raw/tbx11k-simplified/images/h0533.png,0,tbx11k,5422
data/raw/tbx11k-simplified/images/h0534.png,0,tbx11k,5423
data/raw/tbx11k-simplified/images/h0535.png,0,tbx11k,5424
data/raw/tbx11k-simplified/images/h0536.png,0,tbx11k,5425
data/raw/tbx11k-simplified/images/h0538.png,0,tbx11k,5426
data/raw/tbx11k-simplified/images/h0541.png,0,tbx11k,5427
data/raw/tbx11k-simplified/images/h0542.png,0,tbx11k,5428
data/raw/tbx11k-simplified/images/h0544.png,0,tbx11k,5429
data/raw/tbx11k-simplified/images/h0546.png,0,tbx11k,5430
data/raw/tbx11k-simplified/images/h0548.png,0,tbx11k,5432
data/raw/tbx11k-simplified/images/h0549.png,0,tbx11k,5433
data/raw/tbx11k-simplified/images/h0550.png,0,tbx11k,5434
data/raw/tbx11k-simplified/images/h0552.png,0,tbx11k,5436
data/raw/tbx11k-simplified/images/h0553.png,0,tbx11k,5437
data/raw/tbx11k-simplified/images/h0554.png,0,tbx11k,5438
data/raw/tbx11k-simplified/images/h0556.png,0,tbx11k,5440
data/raw/tbx11k-simplified/images/h0557.png,0,tbx11k,5441
data/raw/tbx11k-simplified/images/h0559.png,0,tbx11k,5442
data/raw/tbx11k-simplified/images/h0561.png,0,tbx11k,5443
data/raw/tbx11k-simplified/images/h0564.png,0,tbx11k,5444
data/raw/tbx11k-simplified/images/h0567.png,0,tbx11k,5445
data/raw/tbx11k-simplified/images/h0568.png,0,tbx11k,5446
data/raw/tbx11k-simplified/images/h0569.png,0,tbx11k,5447
data/raw/tbx11k-simplified/images/h0570.png,0,tbx11k,5448
data/raw/tbx11k-simplified/images/h0571.png,0,tbx11k,5449
data/raw/tbx11k-simplified/images/h0572.png,0,tbx11k,5450
data/raw/tbx11k-simplified/images/h0575.png,0,tbx11k,5451
data/raw/tbx11k-simplified/images/h0576.png,0,tbx11k,5452
data/raw/tbx11k-simplified/images/h0577.png,0,tbx11k,5453
data/raw/tbx11k-simplified/images/h0578.png,0,tbx11k,5454
data/raw/tbx11k-simplified/images/h0581.png,0,tbx11k,5455
data/raw/tbx11k-simplified/images/h0583.png,0,tbx11k,5457
data/raw/tbx11k-simplified/images/h0584.png,0,tbx11k,5458
data/raw/tbx11k-simplified/images/h0585.png,0,tbx11k,5459
data/raw/tbx11k-simplified/images/h0586.png,0,tbx11k,5460
data/raw/tbx11k-simplified/images/h0588.png,0,tbx11k,5461
data/raw/tbx11k-simplified/images/h0589.png,0,tbx11k,5462
data/raw/tbx11k-simplified/images/h0590.png,0,tbx11k,5463
data/raw/tbx11k-simplified/images/h0592.png,0,tbx11k,5464
data/raw/tbx11k-simplified/images/h0593.png,0,tbx11k,5465
data/raw/tbx11k-simplified/images/h0596.png,0,tbx11k,5466
data/raw/tbx11k-simplified/images/h0597.png,0,tbx11k,5467
data/raw/tbx11k-simplified/images/h0598.png,0,tbx11k,5468
data/raw/tbx11k-simplified/images/h0599.png,0,tbx11k,5469
data/raw/tbx11k-simplified/images/h0600.png,0,tbx11k,5470
data/raw/tbx11k-simplified/images/h0605.png,0,tbx11k,5472
data/raw/tbx11k-simplified/images/h0606.png,0,tbx11k,5473
data/raw/tbx11k-simplified/images/h0607.png,0,tbx11k,5474
data/raw/tbx11k-simplified/images/h0610.png,0,tbx11k,5476
data/raw/tbx11k-simplified/images/h0614.png,0,tbx11k,5477
data/raw/tbx11k-simplified/images/h0615.png,0,tbx11k,5478
data/raw/tbx11k-simplified/images/h0617.png,0,tbx11k,5480
data/raw/tbx11k-simplified/images/h0618.png,0,tbx11k,5481
data/raw/tbx11k-simplified/images/h0623.png,0,tbx11k,5484
data/raw/tbx11k-simplified/images/h0625.png,0,tbx11k,5485
data/raw/tbx11k-simplified/images/h0626.png,0,tbx11k,5486
data/raw/tbx11k-simplified/images/h0632.png,0,tbx11k,5488
data/raw/tbx11k-simplified/images/h0634.png,0,tbx11k,5489
data/raw/tbx11k-simplified/images/h0635.png,0,tbx11k,5490
data/raw/tbx11k-simplified/images/h0636.png,0,tbx11k,5491
data/raw/tbx11k-simplified/images/h0638.png,0,tbx11k,5492
data/raw/tbx11k-simplified/images/h0639.png,0,tbx11k,5493
data/raw/tbx11k-simplified/images/h0640.png,0,tbx11k,5494
data/raw/tbx11k-simplified/images/h0641.png,0,tbx11k,5495
data/raw/tbx11k-simplified/images/h0642.png,0,tbx11k,5496
data/raw/tbx11k-simplified/images/h0643.png,0,tbx11k,5497
data/raw/tbx11k-simplified/images/h0644.png,0,tbx11k,5498
data/raw/tbx11k-simplified/images/h0645.png,0,tbx11k,5499
data/raw/tbx11k-simplified/images/h0646.png,0,tbx11k,5500
data/raw/tbx11k-simplified/images/h0647.png,0,tbx11k,5501
data/raw/tbx11k-simplified/images/h0648.png,0,tbx11k,5502
data/raw/tbx11k-simplified/images/h0649.png,0,tbx11k,5503
data/raw/tbx11k-simplified/images/h0651.png,0,tbx11k,5504
data/raw/tbx11k-simplified/images/h0652.png,0,tbx11k,5505
data/raw/tbx11k-simplified/images/h0654.png,0,tbx11k,5506
data/raw/tbx11k-simplified/images/h0656.png,0,tbx11k,5507
data/raw/tbx11k-simplified/images/h0657.png,0,tbx11k,5508
data/raw/tbx11k-simplified/images/h0658.png,0,tbx11k,5509
data/raw/tbx11k-simplified/images/h0659.png,0,tbx11k,5510
data/raw/tbx11k-simplified/images/h0661.png,0,tbx11k,5511
data/raw/tbx11k-simplified/images/h0662.png,0,tbx11k,5512
data/raw/tbx11k-simplified/images/h0665.png,0,tbx11k,5513
data/raw/tbx11k-simplified/images/h0667.png,0,tbx11k,5514
data/raw/tbx11k-simplified/images/h0668.png,0,tbx11k,5515
data/raw/tbx11k-simplified/images/h0669.png,0,tbx11k,5516
data/raw/tbx11k-simplified/images/h0673.png,0,tbx11k,5517
data/raw/tbx11k-simplified/images/h0674.png,0,tbx11k,5518
data/raw/tbx11k-simplified/images/h0675.png,0,tbx11k,5519
data/raw/tbx11k-simplified/images/h0677.png,0,tbx11k,5520
data/raw/tbx11k-simplified/images/h0678.png,0,tbx11k,5521
data/raw/tbx11k-simplified/images/h0679.png,0,tbx11k,5522
data/raw/tbx11k-simplified/images/h0680.png,0,tbx11k,5523
data/raw/tbx11k-simplified/images/h0681.png,0,tbx11k,5524
data/raw/tbx11k-simplified/images/h0682.png,0,tbx11k,5525
data/raw/tbx11k-simplified/images/h0684.png,0,tbx11k,5526
data/raw/tbx11k-simplified/images/h0687.png,0,tbx11k,5529
data/raw/tbx11k-simplified/images/h0688.png,0,tbx11k,5530
data/raw/tbx11k-simplified/images/h0689.png,0,tbx11k,5531
data/raw/tbx11k-simplified/images/h0690.png,0,tbx11k,5532
data/raw/tbx11k-simplified/images/h0691.png,0,tbx11k,5533
data/raw/tbx11k-simplified/images/h0692.png,0,tbx11k,5534
data/raw/tbx11k-simplified/images/h0693.png,0,tbx11k,5535
data/raw/tbx11k-simplified/images/h0694.png,0,tbx11k,5536
data/raw/tbx11k-simplified/images/h0695.png,0,tbx11k,5537
data/raw/tbx11k-simplified/images/h0697.png,0,tbx11k,5538
data/raw/tbx11k-simplified/images/h0698.png,0,tbx11k,5539
data/raw/tbx11k-simplified/images/h0700.png,0,tbx11k,5540
data/raw/tbx11k-simplified/images/h0702.png,0,tbx11k,5542
data/raw/tbx11k-simplified/images/h0704.png,0,tbx11k,5543
data/raw/tbx11k-simplified/images/h0710.png,0,tbx11k,5546
data/raw/tbx11k-simplified/images/h0712.png,0,tbx11k,5548
data/raw/tbx11k-simplified/images/h0713.png,0,tbx11k,5549
data/raw/tbx11k-simplified/images/h0714.png,0,tbx11k,5550
data/raw/tbx11k-simplified/images/h0715.png,0,tbx11k,5551
data/raw/tbx11k-simplified/images/h0716.png,0,tbx11k,5552
data/raw/tbx11k-simplified/images/h0717.png,0,tbx11k,5553
data/raw/tbx11k-simplified/images/h0719.png,0,tbx11k,5554
data/raw/tbx11k-simplified/images/h0722.png,0,tbx11k,5555
data/raw/tbx11k-simplified/images/h0723.png,0,tbx11k,5556
data/raw/tbx11k-simplified/images/h0726.png,0,tbx11k,5557
data/raw/tbx11k-simplified/images/h0729.png,0,tbx11k,5560
data/raw/tbx11k-simplified/images/h0732.png,0,tbx11k,5562
data/raw/tbx11k-simplified/images/h0733.png,0,tbx11k,5563
data/raw/tbx11k-simplified/images/h0737.png,0,tbx11k,5565
data/raw/tbx11k-simplified/images/h0741.png,0,tbx11k,5568
data/raw/tbx11k-simplified/images/h0742.png,0,tbx11k,5569
data/raw/tbx11k-simplified/images/h0744.png,0,tbx11k,5571
data/raw/tbx11k-simplified/images/h0745.png,0,tbx11k,5572
data/raw/tbx11k-simplified/images/h0748.png,0,tbx11k,5574
data/raw/tbx11k-simplified/images/h0750.png,0,tbx11k,5576
data/raw/tbx11k-simplified/images/h0751.png,0,tbx11k,5577
data/raw/tbx11k-simplified/images/h0753.png,0,tbx11k,5578
data/raw/tbx11k-simplified/images/h0756.png,0,tbx11k,5579
data/raw/tbx11k-simplified/images/h0758.png,0,tbx11k,5580
data/raw/tbx11k-simplified/images/h0760.png,0,tbx11k,5582
data/raw/tbx11k-simplified/images/h0762.png,0,tbx11k,5583
data/raw/tbx11k-simplified/images/h0763.png,0,tbx11k,5584
data/raw/tbx11k-simplified/images/h0764.png,0,tbx11k,5585
data/raw/tbx11k-simplified/images/h0766.png,0,tbx11k,5586
data/raw/tbx11k-simplified/images/h0769.png,0,tbx11k,5588
data/raw/tbx11k-simplified/images/h0770.png,0,tbx11k,5589
data/raw/tbx11k-simplified/images/h0771.png,0,tbx11k,5590
data/raw/tbx11k-simplified/images/h0772.png,0,tbx11k,5591
data/raw/tbx11k-simplified/images/h0775.png,0,tbx11k,5592
data/raw/tbx11k-simplified/images/h0776.png,0,tbx11k,5593
data/raw/tbx11k-simplified/images/h0778.png,0,tbx11k,5594
data/raw/tbx11k-simplified/images/h0779.png,0,tbx11k,5595
data/raw/tbx11k-simplified/images/h0780.png,0,tbx11k,5596
data/raw/tbx11k-simplified/images/h0781.png,0,tbx11k,5597
data/raw/tbx11k-simplified/images/h0783.png,0,tbx11k,5599
data/raw/tbx11k-simplified/images/h0786.png,0,tbx11k,5600
data/raw/tbx11k-simplified/images/h0787.png,0,tbx11k,5601
data/raw/tbx11k-simplified/images/h0790.png,0,tbx11k,5603
data/raw/tbx11k-simplified/images/h0791.png,0,tbx11k,5604
data/raw/tbx11k-simplified/images/h0796.png,0,tbx11k,5607
data/raw/tbx11k-simplified/images/h0799.png,0,tbx11k,5608
data/raw/tbx11k-simplified/images/h0801.png,0,tbx11k,5609
data/raw/tbx11k-simplified/images/h0802.png,0,tbx11k,5610
data/raw/tbx11k-simplified/images/h0804.png,0,tbx11k,5611
data/raw/tbx11k-simplified/images/h0805.png,0,tbx11k,5612
data/raw/tbx11k-simplified/images/h0806.png,0,tbx11k,5613
data/raw/tbx11k-simplified/images/h0807.png,0,tbx11k,5614
data/raw/tbx11k-simplified/images/h0808.png,0,tbx11k,5615
data/raw/tbx11k-simplified/images/h0811.png,0,tbx11k,5617
data/raw/tbx11k-simplified/images/h0814.png,0,tbx11k,5620
data/raw/tbx11k-simplified/images/h0817.png,0,tbx11k,5621
data/raw/tbx11k-simplified/images/h0818.png,0,tbx11k,5622
data/raw/tbx11k-simplified/images/h0821.png,0,tbx11k,5624
data/raw/tbx11k-simplified/images/h0823.png,0,tbx11k,5625
data/raw/tbx11k-simplified/images/h0827.png,0,tbx11k,5627
data/raw/tbx11k-simplified/images/h0828.png,0,tbx11k,5628
data/raw/tbx11k-simplified/images/h0831.png,0,tbx11k,5629
data/raw/tbx11k-simplified/images/h0832.png,0,tbx11k,5630
data/raw/tbx11k-simplified/images/h0834.png,0,tbx11k,5631
data/raw/tbx11k-simplified/images/h0835.png,0,tbx11k,5632
data/raw/tbx11k-simplified/images/h0837.png,0,tbx11k,5634
data/raw/tbx11k-simplified/images/h0839.png,0,tbx11k,5636
data/raw/tbx11k-simplified/images/h0840.png,0,tbx11k,5637
data/raw/tbx11k-simplified/images/h0841.png,0,tbx11k,5638
data/raw/tbx11k-simplified/images/h0843.png,0,tbx11k,5640
data/raw/tbx11k-simplified/images/h0845.png,0,tbx11k,5641
data/raw/tbx11k-simplified/images/h0846.png,0,tbx11k,5642
data/raw/tbx11k-simplified/images/h0847.png,0,tbx11k,5643
data/raw/tbx11k-simplified/images/h0849.png,0,tbx11k,5644
data/raw/tbx11k-simplified/images/h0850.png,0,tbx11k,5645
data/raw/tbx11k-simplified/images/h0851.png,0,tbx11k,5646
data/raw/tbx11k-simplified/images/h0852.png,0,tbx11k,5647
data/raw/tbx11k-simplified/images/h0853.png,0,tbx11k,5648
data/raw/tbx11k-simplified/images/h0854.png,0,tbx11k,5649
data/raw/tbx11k-simplified/images/h0856.png,0,tbx11k,5650
data/raw/tbx11k-simplified/images/h0857.png,0,tbx11k,5651
data/raw/tbx11k-simplified/images/h0858.png,0,tbx11k,5652
data/raw/tbx11k-simplified/images/h0860.png,0,tbx11k,5654
data/raw/tbx11k-simplified/images/h0862.png,0,tbx11k,5655
data/raw/tbx11k-simplified/images/h0863.png,0,tbx11k,5656
data/raw/tbx11k-simplified/images/h0864.png,0,tbx11k,5657
data/raw/tbx11k-simplified/images/h0865.png,0,tbx11k,5658
data/raw/tbx11k-simplified/images/h0866.png,0,tbx11k,5659
data/raw/tbx11k-simplified/images/h0867.png,0,tbx11k,5660
data/raw/tbx11k-simplified/images/h0871.png,0,tbx11k,5663
data/raw/tbx11k-simplified/images/h0872.png,0,tbx11k,5664
data/raw/tbx11k-simplified/images/h0873.png,0,tbx11k,5665
data/raw/tbx11k-simplified/images/h0874.png,0,tbx11k,5666
data/raw/tbx11k-simplified/images/h0875.png,0,tbx11k,5667
data/raw/tbx11k-simplified/images/h0876.png,0,tbx11k,5668
data/raw/tbx11k-simplified/images/h0877.png,0,tbx11k,5669
data/raw/tbx11k-simplified/images/h0878.png,0,tbx11k,5670
data/raw/tbx11k-simplified/images/h0880.png,0,tbx11k,5671
data/raw/tbx11k-simplified/images/h0882.png,0,tbx11k,5672
data/raw/tbx11k-simplified/images/h0883.png,0,tbx11k,5673
data/raw/tbx11k-simplified/images/h0884.png,0,tbx11k,5674
data/raw/tbx11k-simplified/images/h0887.png,0,tbx11k,5675
data/raw/tbx11k-simplified/images/h0889.png,0,tbx11k,5677
data/raw/tbx11k-simplified/images/h0890.png,0,tbx11k,5678
data/raw/tbx11k-simplified/images/h0892.png,0,tbx11k,5680
data/raw/tbx11k-simplified/images/h0896.png,0,tbx11k,5681
data/raw/tbx11k-simplified/images/h0897.png,0,tbx11k,5682
data/raw/tbx11k-simplified/images/h0898.png,0,tbx11k,5683
data/raw/tbx11k-simplified/images/h0902.png,0,tbx11k,5684
data/raw/tbx11k-simplified/images/h0903.png,0,tbx11k,5685
data/raw/tbx11k-simplified/images/h0904.png,0,tbx11k,5686
data/raw/tbx11k-simplified/images/h0905.png,0,tbx11k,5687
data/raw/tbx11k-simplified/images/h0906.png,0,tbx11k,7880
data/raw/tbx11k-simplified/images/h0908.png,0,tbx11k,5689
data/raw/tbx11k-simplified/images/h0909.png,0,tbx11k,5690
data/raw/tbx11k-simplified/images/h0910.png,0,tbx11k,5691
data/raw/tbx11k-simplified/images/h0911.png,0,tbx11k,5692
data/raw/tbx11k-simplified/images/h0912.png,0,tbx11k,5693
data/raw/tbx11k-simplified/images/h0914.png,0,tbx11k,5695
data/raw/tbx11k-simplified/images/h0915.png,0,tbx11k,5696
data/raw/tbx11k-simplified/images/h0916.png,0,tbx11k,5697
data/raw/tbx11k-simplified/images/h0917.png,0,tbx11k,5698
data/raw/tbx11k-simplified/images/h0918.png,0,tbx11k,5699
data/raw/tbx11k-simplified/images/h0919.png,0,tbx11k,5700
data/raw/tbx11k-simplified/images/h0920.png,0,tbx11k,5701
data/raw/tbx11k-simplified/images/h0921.png,0,tbx11k,5702
data/raw/tbx11k-simplified/images/h0922.png,0,tbx11k,5703
data/raw/tbx11k-simplified/images/h0924.png,0,tbx11k,5704
data/raw/tbx11k-simplified/images/h0925.png,0,tbx11k,5705
data/raw/tbx11k-simplified/images/h0928.png,0,tbx11k,5707
data/raw/tbx11k-simplified/images/h0930.png,0,tbx11k,5708
data/raw/tbx11k-simplified/images/h0931.png,0,tbx11k,5709
data/raw/tbx11k-simplified/images/h0933.png,0,tbx11k,5710
data/raw/tbx11k-simplified/images/h0934.png,0,tbx11k,5711
data/raw/tbx11k-simplified/images/h0935.png,0,tbx11k,5712
data/raw/tbx11k-simplified/images/h0939.png,0,tbx11k,5713
data/raw/tbx11k-simplified/images/h0940.png,0,tbx11k,5714
data/raw/tbx11k-simplified/images/h0942.png,0,tbx11k,5715
data/raw/tbx11k-simplified/images/h0943.png,0,tbx11k,5716
data/raw/tbx11k-simplified/images/h0946.png,0,tbx11k,5719
data/raw/tbx11k-simplified/images/h0947.png,0,tbx11k,5720
data/raw/tbx11k-simplified/images/h0948.png,0,tbx11k,5721
data/raw/tbx11k-simplified/images/h0949.png,0,tbx11k,5722
data/raw/tbx11k-simplified/images/h0950.png,0,tbx11k,5723
data/raw/tbx11k-simplified/images/h0951.png,0,tbx11k,5724
data/raw/tbx11k-simplified/images/h0952.png,0,tbx11k,5725
data/raw/tbx11k-simplified/images/h0953.png,0,tbx11k,5726
data/raw/tbx11k-simplified/images/h0954.png,0,tbx11k,5727
data/raw/tbx11k-simplified/images/h0955.png,0,tbx11k,5728
data/raw/tbx11k-simplified/images/h0960.png,0,tbx11k,5730
data/raw/tbx11k-simplified/images/h0961.png,0,tbx11k,5731
data/raw/tbx11k-simplified/images/h0962.png,0,tbx11k,5732
data/raw/tbx11k-simplified/images/h0963.png,0,tbx11k,5733
data/raw/tbx11k-simplified/images/h0965.png,0,tbx11k,5734
data/raw/tbx11k-simplified/images/h0966.png,0,tbx11k,5735
data/raw/tbx11k-simplified/images/h0967.png,0,tbx11k,5736
data/raw/tbx11k-simplified/images/h0968.png,0,tbx11k,5737
data/raw/tbx11k-simplified/images/h0969.png,0,tbx11k,5738
data/raw/tbx11k-simplified/images/h0970.png,0,tbx11k,5739
data/raw/tbx11k-simplified/images/h0972.png,0,tbx11k,5741
data/raw/tbx11k-simplified/images/h0975.png,0,tbx11k,5743
data/raw/tbx11k-simplified/images/h0976.png,0,tbx11k,5744
data/raw/tbx11k-simplified/images/h0977.png,0,tbx11k,5745
data/raw/tbx11k-simplified/images/h0978.png,0,tbx11k,5746
data/raw/tbx11k-simplified/images/h0979.png,0,tbx11k,5747
data/raw/tbx11k-simplified/images/h0982.png,0,tbx11k,5748
data/raw/tbx11k-simplified/images/h0983.png,0,tbx11k,5749
data/raw/tbx11k-simplified/images/h0984.png,0,tbx11k,5750
data/raw/tbx11k-simplified/images/h0985.png,0,tbx11k,5751
data/raw/tbx11k-simplified/images/h0986.png,0,tbx11k,5752
data/raw/tbx11k-simplified/images/h0987.png,0,tbx11k,5753
data/raw/tbx11k-simplified/images/h0988.png,0,tbx11k,5754
data/raw/tbx11k-simplified/images/h0989.png,0,tbx11k,5755
data/raw/tbx11k-simplified/images/h0990.png,0,tbx11k,5756
data/raw/tbx11k-simplified/images/h0991.png,0,tbx11k,5757
data/raw/tbx11k-simplified/images/h0992.png,0,tbx11k,5758
data/raw/tbx11k-simplified/images/h0993.png,0,tbx11k,5759
data/raw/tbx11k-simplified/images/h0997.png,0,tbx11k,5762
data/raw/tbx11k-simplified/images/h0998.png,0,tbx11k,5763
data/raw/tbx11k-simplified/images/h1002.png,0,tbx11k,5765
data/raw/tbx11k-simplified/images/h1003.png,0,tbx11k,5766
data/raw/tbx11k-simplified/images/h1006.png,0,tbx11k,5769
data/raw/tbx11k-simplified/images/h1007.png,0,tbx11k,5770
data/raw/tbx11k-simplified/images/h1008.png,0,tbx11k,5771
data/raw/tbx11k-simplified/images/h1009.png,0,tbx11k,5772
data/raw/tbx11k-simplified/images/h1010.png,0,tbx11k,5773
data/raw/tbx11k-simplified/images/h1011.png,0,tbx11k,5774
data/raw/tbx11k-simplified/images/h1012.png,0,tbx11k,5775
data/raw/tbx11k-simplified/images/h1015.png,0,tbx11k,5777
data/raw/tbx11k-simplified/images/h1016.png,0,tbx11k,5778
data/raw/tbx11k-simplified/images/h1017.png,0,tbx11k,5779
data/raw/tbx11k-simplified/images/h1019.png,0,tbx11k,5780
data/raw/tbx11k-simplified/images/h1020.png,0,tbx11k,5781
data/raw/tbx11k-simplified/images/h1022.png,0,tbx11k,5782
data/raw/tbx11k-simplified/images/h1024.png,0,tbx11k,5784
data/raw/tbx11k-simplified/images/h1025.png,0,tbx11k,5785
data/raw/tbx11k-simplified/images/h1026.png,0,tbx11k,5786
data/raw/tbx11k-simplified/images/h1027.png,0,tbx11k,5787
data/raw/tbx11k-simplified/images/h1030.png,0,tbx11k,5789
data/raw/tbx11k-simplified/images/h1031.png,0,tbx11k,5790
data/raw/tbx11k-simplified/images/h1033.png,0,tbx11k,5792
data/raw/tbx11k-simplified/images/h1034.png,0,tbx11k,5793
data/raw/tbx11k-simplified/images/h1035.png,0,tbx11k,5794
data/raw/tbx11k-simplified/images/h1036.png,0,tbx11k,5795
data/raw/tbx11k-simplified/images/h1037.png,0,tbx11k,5796
data/raw/tbx11k-simplified/images/h1038.png,0,tbx11k,5797
data/raw/tbx11k-simplified/images/h1039.png,0,tbx11k,5798
data/raw/tbx11k-simplified/images/h1042.png,0,tbx11k,5799
data/raw/tbx11k-simplified/images/h1044.png,0,tbx11k,5800
data/raw/tbx11k-simplified/images/h1045.png,0,tbx11k,5801
data/raw/tbx11k-simplified/images/h1046.png,0,tbx11k,5802
data/raw/tbx11k-simplified/images/h1047.png,0,tbx11k,5803
data/raw/tbx11k-simplified/images/h1050.png,0,tbx11k,5806
data/raw/tbx11k-simplified/images/h1052.png,0,tbx11k,5808
data/raw/tbx11k-simplified/images/h1053.png,0,tbx11k,5809
data/raw/tbx11k-simplified/images/h1056.png,0,tbx11k,5810
data/raw/tbx11k-simplified/images/h1059.png,0,tbx11k,5813
data/raw/tbx11k-simplified/images/h1061.png,0,tbx11k,5815
data/raw/tbx11k-simplified/images/h1062.png,0,tbx11k,5816
data/raw/tbx11k-simplified/images/h1063.png,0,tbx11k,5817
data/raw/tbx11k-simplified/images/h1064.png,0,tbx11k,5818
data/raw/tbx11k-simplified/images/h1065.png,0,tbx11k,5819
data/raw/tbx11k-simplified/images/h1066.png,0,tbx11k,5820
data/raw/tbx11k-simplified/images/h1068.png,0,tbx11k,5821
data/raw/tbx11k-simplified/images/h1070.png,0,tbx11k,5823
data/raw/tbx11k-simplified/images/h1072.png,0,tbx11k,5824
data/raw/tbx11k-simplified/images/h1073.png,0,tbx11k,5825
data/raw/tbx11k-simplified/images/h1075.png,0,tbx11k,5827
data/raw/tbx11k-simplified/images/h1076.png,0,tbx11k,5828
data/raw/tbx11k-simplified/images/h1077.png,0,tbx11k,5829
data/raw/tbx11k-simplified/images/h1078.png,0,tbx11k,5830
data/raw/tbx11k-simplified/images/h1079.png,0,tbx11k,5831
data/raw/tbx11k-simplified/images/h1082.png,0,tbx11k,5832
data/raw/tbx11k-simplified/images/h1083.png,0,tbx11k,5833
data/raw/tbx11k-simplified/images/h1084.png,0,tbx11k,5834
data/raw/tbx11k-simplified/images/h1087.png,0,tbx11k,5835
data/raw/tbx11k-simplified/images/h1091.png,0,tbx11k,5839
data/raw/tbx11k-simplified/images/h1092.png,0,tbx11k,5840
data/raw/tbx11k-simplified/images/h1094.png,0,tbx11k,5841
data/raw/tbx11k-simplified/images/h1099.png,0,tbx11k,5843
data/raw/tbx11k-simplified/images/h1100.png,0,tbx11k,5844
data/raw/tbx11k-simplified/images/h1101.png,0,tbx11k,5845
data/raw/tbx11k-simplified/images/h1102.png,0,tbx11k,5846
data/raw/tbx11k-simplified/images/h1103.png,0,tbx11k,5847
data/raw/tbx11k-simplified/images/h1104.png,0,tbx11k,5848
data/raw/tbx11k-simplified/images/h1105.png,0,tbx11k,5849
data/raw/tbx11k-simplified/images/h1107.png,0,tbx11k,5850
data/raw/tbx11k-simplified/images/h1111.png,0,tbx11k,5851
data/raw/tbx11k-simplified/images/h1114.png,0,tbx11k,5852
data/raw/tbx11k-simplified/images/h1116.png,0,tbx11k,5853
data/raw/tbx11k-simplified/images/h1117.png,0,tbx11k,5854
data/raw/tbx11k-simplified/images/h1118.png,0,tbx11k,5855
data/raw/tbx11k-simplified/images/h1121.png,0,tbx11k,5856
data/raw/tbx11k-simplified/images/h1122.png,0,tbx11k,5857
data/raw/tbx11k-simplified/images/h1128.png,0,tbx11k,5859
data/raw/tbx11k-simplified/images/h1130.png,0,tbx11k,5861
data/raw/tbx11k-simplified/images/h1132.png,0,tbx11k,5862
data/raw/tbx11k-simplified/images/h1135.png,0,tbx11k,5865
data/raw/tbx11k-simplified/images/h1136.png,0,tbx11k,5866
data/raw/tbx11k-simplified/images/h1137.png,0,tbx11k,5867
data/raw/tbx11k-simplified/images/h1138.png,0,tbx11k,5868
data/raw/tbx11k-simplified/images/h1139.png,0,tbx11k,5869
data/raw/tbx11k-simplified/images/h1140.png,0,tbx11k,5870
data/raw/tbx11k-simplified/images/h1141.png,0,tbx11k,5871
data/raw/tbx11k-simplified/images/h1143.png,0,tbx11k,5872
data/raw/tbx11k-simplified/images/h1145.png,0,tbx11k,5873
data/raw/tbx11k-simplified/images/h1146.png,0,tbx11k,5874
data/raw/tbx11k-simplified/images/h1147.png,0,tbx11k,5875
data/raw/tbx11k-simplified/images/h1150.png,0,tbx11k,5876
data/raw/tbx11k-simplified/images/h1151.png,0,tbx11k,5877
data/raw/tbx11k-simplified/images/h1152.png,0,tbx11k,5878
data/raw/tbx11k-simplified/images/h1153.png,0,tbx11k,5879
data/raw/tbx11k-simplified/images/h1154.png,0,tbx11k,5880
data/raw/tbx11k-simplified/images/h1155.png,0,tbx11k,5881
data/raw/tbx11k-simplified/images/h1156.png,0,tbx11k,5882
data/raw/tbx11k-simplified/images/h1158.png,0,tbx11k,5883
data/raw/tbx11k-simplified/images/h1159.png,0,tbx11k,5884
data/raw/tbx11k-simplified/images/h1160.png,0,tbx11k,5885
data/raw/tbx11k-simplified/images/h1162.png,0,tbx11k,5886
data/raw/tbx11k-simplified/images/h1164.png,0,tbx11k,5887
data/raw/tbx11k-simplified/images/h1165.png,0,tbx11k,5888
data/raw/tbx11k-simplified/images/h1166.png,0,tbx11k,5889
data/raw/tbx11k-simplified/images/h1169.png,0,tbx11k,5890
data/raw/tbx11k-simplified/images/h1170.png,0,tbx11k,5891
data/raw/tbx11k-simplified/images/h1171.png,0,tbx11k,5892
data/raw/tbx11k-simplified/images/h1172.png,0,tbx11k,5893
data/raw/tbx11k-simplified/images/h1173.png,0,tbx11k,5894
data/raw/tbx11k-simplified/images/h1174.png,0,tbx11k,5895
data/raw/tbx11k-simplified/images/h1178.png,0,tbx11k,5898
data/raw/tbx11k-simplified/images/h1182.png,0,tbx11k,5900
data/raw/tbx11k-simplified/images/h1183.png,0,tbx11k,5901
data/raw/tbx11k-simplified/images/h1184.png,0,tbx11k,5902
data/raw/tbx11k-simplified/images/h1185.png,0,tbx11k,5903
data/raw/tbx11k-simplified/images/h1186.png,0,tbx11k,5904
data/raw/tbx11k-simplified/images/h1187.png,0,tbx11k,5905
data/raw/tbx11k-simplified/images/h1188.png,0,tbx11k,5906
data/raw/tbx11k-simplified/images/h1191.png,0,tbx11k,5908
data/raw/tbx11k-simplified/images/h1193.png,0,tbx11k,5910
data/raw/tbx11k-simplified/images/h1195.png,0,tbx11k,5912
data/raw/tbx11k-simplified/images/h1196.png,0,tbx11k,5913
data/raw/tbx11k-simplified/images/h1198.png,0,tbx11k,5914
data/raw/tbx11k-simplified/images/h1199.png,0,tbx11k,5915
data/raw/tbx11k-simplified/images/h1202.png,0,tbx11k,5917
data/raw/tbx11k-simplified/images/h1204.png,0,tbx11k,5918
data/raw/tbx11k-simplified/images/h1205.png,0,tbx11k,5919
data/raw/tbx11k-simplified/images/h1207.png,0,tbx11k,5920
data/raw/tbx11k-simplified/images/h1209.png,0,tbx11k,5921
data/raw/tbx11k-simplified/images/h1210.png,0,tbx11k,5922
data/raw/tbx11k-simplified/images/h1211.png,0,tbx11k,5923
data/raw/tbx11k-simplified/images/h1213.png,0,tbx11k,5924
data/raw/tbx11k-simplified/images/h1217.png,0,tbx11k,5926
data/raw/tbx11k-simplified/images/h1218.png,0,tbx11k,5927
data/raw/tbx11k-simplified/images/h1219.png,0,tbx11k,5928
data/raw/tbx11k-simplified/images/h1220.png,0,tbx11k,5929
data/raw/tbx11k-simplified/images/h1222.png,0,tbx11k,5930
data/raw/tbx11k-simplified/images/h1223.png,0,tbx11k,5931
data/raw/tbx11k-simplified/images/h1224.png,0,tbx11k,5932
data/raw/tbx11k-simplified/images/h1226.png,0,tbx11k,5933
data/raw/tbx11k-simplified/images/h1227.png,0,tbx11k,5934
data/raw/tbx11k-simplified/images/h1229.png,0,tbx11k,5935
data/raw/tbx11k-simplified/images/h1230.png,0,tbx11k,5936
data/raw/tbx11k-simplified/images/h1233.png,0,tbx11k,5937
data/raw/tbx11k-simplified/images/h1234.png,0,tbx11k,5938
data/raw/tbx11k-simplified/images/h1235.png,0,tbx11k,5939
data/raw/tbx11k-simplified/images/h1236.png,0,tbx11k,5940
data/raw/tbx11k-simplified/images/h1237.png,0,tbx11k,5941
data/raw/tbx11k-simplified/images/h1238.png,0,tbx11k,5942
data/raw/tbx11k-simplified/images/h1239.png,0,tbx11k,5943
data/raw/tbx11k-simplified/images/h1240.png,0,tbx11k,5944
data/raw/tbx11k-simplified/images/h1242.png,0,tbx11k,5945
data/raw/tbx11k-simplified/images/h1244.png,0,tbx11k,5947
data/raw/tbx11k-simplified/images/h1246.png,0,tbx11k,5949
data/raw/tbx11k-simplified/images/h1247.png,0,tbx11k,5950
data/raw/tbx11k-simplified/images/h1249.png,0,tbx11k,5951
data/raw/tbx11k-simplified/images/h1250.png,0,tbx11k,5952
data/raw/tbx11k-simplified/images/h1251.png,0,tbx11k,5953
data/raw/tbx11k-simplified/images/h1252.png,0,tbx11k,5954
data/raw/tbx11k-simplified/images/h1254.png,0,tbx11k,5956
data/raw/tbx11k-simplified/images/h1255.png,0,tbx11k,5957
data/raw/tbx11k-simplified/images/h1256.png,0,tbx11k,5958
data/raw/tbx11k-simplified/images/h1257.png,0,tbx11k,5959
data/raw/tbx11k-simplified/images/h1258.png,0,tbx11k,5960
data/raw/tbx11k-simplified/images/h1259.png,0,tbx11k,5961
data/raw/tbx11k-simplified/images/h1261.png,0,tbx11k,5963
data/raw/tbx11k-simplified/images/h1262.png,0,tbx11k,5964
data/raw/tbx11k-simplified/images/h1263.png,0,tbx11k,5965
data/raw/tbx11k-simplified/images/h1270.png,0,tbx11k,5967
data/raw/tbx11k-simplified/images/h1272.png,0,tbx11k,5968
data/raw/tbx11k-simplified/images/h1273.png,0,tbx11k,5969
data/raw/tbx11k-simplified/images/h1274.png,0,tbx11k,5970
data/raw/tbx11k-simplified/images/h1279.png,0,tbx11k,5971
data/raw/tbx11k-simplified/images/h1283.png,0,tbx11k,5973
data/raw/tbx11k-simplified/images/h1285.png,0,tbx11k,5975
data/raw/tbx11k-simplified/images/h1286.png,0,tbx11k,5976
data/raw/tbx11k-simplified/images/h1288.png,0,tbx11k,5977
data/raw/tbx11k-simplified/images/h1289.png,0,tbx11k,5978
data/raw/tbx11k-simplified/images/h1290.png,0,tbx11k,5979
data/raw/tbx11k-simplified/images/h1291.png,0,tbx11k,5980
data/raw/tbx11k-simplified/images/h1293.png,0,tbx11k,5981
data/raw/tbx11k-simplified/images/h1295.png,0,tbx11k,5982
data/raw/tbx11k-simplified/images/h1296.png,0,tbx11k,5983
data/raw/tbx11k-simplified/images/h1299.png,0,tbx11k,5984
data/raw/tbx11k-simplified/images/h1302.png,0,tbx11k,5986
data/raw/tbx11k-simplified/images/h1303.png,0,tbx11k,5987
data/raw/tbx11k-simplified/images/h1304.png,0,tbx11k,5988
data/raw/tbx11k-simplified/images/h1306.png,0,tbx11k,5990
data/raw/tbx11k-simplified/images/h1307.png,0,tbx11k,5991
data/raw/tbx11k-simplified/images/h1309.png,0,tbx11k,5993
data/raw/tbx11k-simplified/images/h1310.png,0,tbx11k,5994
data/raw/tbx11k-simplified/images/h1313.png,0,tbx11k,5995
data/raw/tbx11k-simplified/images/h1314.png,0,tbx11k,5996
data/raw/tbx11k-simplified/images/h1319.png,0,tbx11k,5999
data/raw/tbx11k-simplified/images/h1320.png,0,tbx11k,6000
data/raw/tbx11k-simplified/images/h1322.png,0,tbx11k,6001
data/raw/tbx11k-simplified/images/h1324.png,0,tbx11k,6002
data/raw/tbx11k-simplified/images/h1326.png,0,tbx11k,6004
data/raw/tbx11k-simplified/images/h1328.png,0,tbx11k,6006
data/raw/tbx11k-simplified/images/h1331.png,0,tbx11k,6007
data/raw/tbx11k-simplified/images/h1332.png,0,tbx11k,6008
data/raw/tbx11k-simplified/images/h1333.png,0,tbx11k,6009
data/raw/tbx11k-simplified/images/h1334.png,0,tbx11k,6010
data/raw/tbx11k-simplified/images/h1337.png,0,tbx11k,6011
data/raw/tbx11k-simplified/images/h1339.png,0,tbx11k,6012
data/raw/tbx11k-simplified/images/h1340.png,0,tbx11k,6013
data/raw/tbx11k-simplified/images/h1341.png,0,tbx11k,6014
data/raw/tbx11k-simplified/images/h1343.png,0,tbx11k,6015
data/raw/tbx11k-simplified/images/h1345.png,0,tbx11k,6017
data/raw/tbx11k-simplified/images/h1346.png,0,tbx11k,6018
data/raw/tbx11k-simplified/images/h1348.png,0,tbx11k,6019
data/raw/tbx11k-simplified/images/h1349.png,0,tbx11k,6020
data/raw/tbx11k-simplified/images/h1350.png,0,tbx11k,6021
data/raw/tbx11k-simplified/images/h1351.png,0,tbx11k,6022
data/raw/tbx11k-simplified/images/h1353.png,0,tbx11k,6023
data/raw/tbx11k-simplified/images/h1355.png,0,tbx11k,6025
data/raw/tbx11k-simplified/images/h1356.png,0,tbx11k,6026
data/raw/tbx11k-simplified/images/h1358.png,0,tbx11k,6027
data/raw/tbx11k-simplified/images/h1359.png,0,tbx11k,6028
data/raw/tbx11k-simplified/images/h1360.png,0,tbx11k,6029
data/raw/tbx11k-simplified/images/h1362.png,0,tbx11k,6031
data/raw/tbx11k-simplified/images/h1363.png,0,tbx11k,6032
data/raw/tbx11k-simplified/images/h1364.png,0,tbx11k,6033
data/raw/tbx11k-simplified/images/h1365.png,0,tbx11k,6034
data/raw/tbx11k-simplified/images/h1366.png,0,tbx11k,6035
data/raw/tbx11k-simplified/images/h1367.png,0,tbx11k,6036
data/raw/tbx11k-simplified/images/h1368.png,0,tbx11k,6037
data/raw/tbx11k-simplified/images/h1369.png,0,tbx11k,6038
data/raw/tbx11k-simplified/images/h1371.png,0,tbx11k,6040
data/raw/tbx11k-simplified/images/h1374.png,0,tbx11k,6042
data/raw/tbx11k-simplified/images/h1377.png,0,tbx11k,6043
data/raw/tbx11k-simplified/images/h1378.png,0,tbx11k,6044
data/raw/tbx11k-simplified/images/h1380.png,0,tbx11k,6046
data/raw/tbx11k-simplified/images/h1383.png,0,tbx11k,6047
data/raw/tbx11k-simplified/images/h1384.png,0,tbx11k,6048
data/raw/tbx11k-simplified/images/h1385.png,0,tbx11k,6049
data/raw/tbx11k-simplified/images/h1386.png,0,tbx11k,6050
data/raw/tbx11k-simplified/images/h1387.png,0,tbx11k,6051
data/raw/tbx11k-simplified/images/h1389.png,0,tbx11k,6052
data/raw/tbx11k-simplified/images/h1390.png,0,tbx11k,6053
data/raw/tbx11k-simplified/images/h1391.png,0,tbx11k,6054
data/raw/tbx11k-simplified/images/h1393.png,0,tbx11k,6056
data/raw/tbx11k-simplified/images/h1394.png,0,tbx11k,6057
data/raw/tbx11k-simplified/images/h1395.png,0,tbx11k,6058
data/raw/tbx11k-simplified/images/h1397.png,0,tbx11k,6059
data/raw/tbx11k-simplified/images/h1401.png,0,tbx11k,6061
data/raw/tbx11k-simplified/images/h1403.png,0,tbx11k,6062
data/raw/tbx11k-simplified/images/h1404.png,0,tbx11k,6063
data/raw/tbx11k-simplified/images/h1405.png,0,tbx11k,6064
data/raw/tbx11k-simplified/images/h1407.png,0,tbx11k,6066
data/raw/tbx11k-simplified/images/h1408.png,0,tbx11k,6067
data/raw/tbx11k-simplified/images/h1409.png,0,tbx11k,6068
data/raw/tbx11k-simplified/images/h1410.png,0,tbx11k,6069
data/raw/tbx11k-simplified/images/h1414.png,0,tbx11k,6070
data/raw/tbx11k-simplified/images/h1416.png,0,tbx11k,6071
data/raw/tbx11k-simplified/images/h1420.png,0,tbx11k,6075
data/raw/tbx11k-simplified/images/h1423.png,0,tbx11k,6077
data/raw/tbx11k-simplified/images/h1426.png,0,tbx11k,6079
data/raw/tbx11k-simplified/images/h1427.png,0,tbx11k,6080
data/raw/tbx11k-simplified/images/h1430.png,0,tbx11k,6081
data/raw/tbx11k-simplified/images/h1432.png,0,tbx11k,6082
data/raw/tbx11k-simplified/images/h1433.png,0,tbx11k,6083
data/raw/tbx11k-simplified/images/h1434.png,0,tbx11k,6084
data/raw/tbx11k-simplified/images/h1435.png,0,tbx11k,6085
data/raw/tbx11k-simplified/images/h1436.png,0,tbx11k,6086
data/raw/tbx11k-simplified/images/h1438.png,0,tbx11k,6087
data/raw/tbx11k-simplified/images/h1439.png,0,tbx11k,6088
data/raw/tbx11k-simplified/images/h1441.png,0,tbx11k,6089
data/raw/tbx11k-simplified/images/h1443.png,0,tbx11k,6091
data/raw/tbx11k-simplified/images/h1444.png,0,tbx11k,6092
data/raw/tbx11k-simplified/images/h1446.png,0,tbx11k,6094
data/raw/tbx11k-simplified/images/h1448.png,0,tbx11k,6095
data/raw/tbx11k-simplified/images/h1450.png,0,tbx11k,6096
data/raw/tbx11k-simplified/images/h1451.png,0,tbx11k,6097
data/raw/tbx11k-simplified/images/h1453.png,0,tbx11k,6099
data/raw/tbx11k-simplified/images/h1454.png,0,tbx11k,6100
data/raw/tbx11k-simplified/images/h1455.png,0,tbx11k,6101
data/raw/tbx11k-simplified/images/h1456.png,0,tbx11k,6102
data/raw/tbx11k-simplified/images/h1457.png,0,tbx11k,6103
data/raw/tbx11k-simplified/images/h1461.png,0,tbx11k,6106
data/raw/tbx11k-simplified/images/h1462.png,0,tbx11k,6107
data/raw/tbx11k-simplified/images/h1463.png,0,tbx11k,6108
data/raw/tbx11k-simplified/images/h1465.png,0,tbx11k,6109
data/raw/tbx11k-simplified/images/h1466.png,0,tbx11k,6110
data/raw/tbx11k-simplified/images/h1468.png,0,tbx11k,6111
data/raw/tbx11k-simplified/images/h1469.png,0,tbx11k,6112
data/raw/tbx11k-simplified/images/h1470.png,0,tbx11k,6113
data/raw/tbx11k-simplified/images/h1472.png,0,tbx11k,6114
data/raw/tbx11k-simplified/images/h1473.png,0,tbx11k,6115
data/raw/tbx11k-simplified/images/h1475.png,0,tbx11k,6116
data/raw/tbx11k-simplified/images/h1478.png,0,tbx11k,6117
data/raw/tbx11k-simplified/images/h1479.png,0,tbx11k,6118
data/raw/tbx11k-simplified/images/h1480.png,0,tbx11k,6119
data/raw/tbx11k-simplified/images/h1481.png,0,tbx11k,6120
data/raw/tbx11k-simplified/images/h1483.png,0,tbx11k,6121
data/raw/tbx11k-simplified/images/h1485.png,0,tbx11k,6122
data/raw/tbx11k-simplified/images/h1486.png,0,tbx11k,6123
data/raw/tbx11k-simplified/images/h1489.png,0,tbx11k,6125
data/raw/tbx11k-simplified/images/h1492.png,0,tbx11k,6127
data/raw/tbx11k-simplified/images/h1494.png,0,tbx11k,6128
data/raw/tbx11k-simplified/images/h1496.png,0,tbx11k,6129
data/raw/tbx11k-simplified/images/h1497.png,0,tbx11k,6130
data/raw/tbx11k-simplified/images/h1498.png,0,tbx11k,6131
data/raw/tbx11k-simplified/images/h1502.png,0,tbx11k,6132
data/raw/tbx11k-simplified/images/h1503.png,0,tbx11k,6133
data/raw/tbx11k-simplified/images/h1504.png,0,tbx11k,6134
data/raw/tbx11k-simplified/images/h1505.png,0,tbx11k,6135
data/raw/tbx11k-simplified/images/h1506.png,0,tbx11k,6136
data/raw/tbx11k-simplified/images/h1507.png,0,tbx11k,6137
data/raw/tbx11k-simplified/images/h1509.png,0,tbx11k,6139
data/raw/tbx11k-simplified/images/h1511.png,0,tbx11k,6140
data/raw/tbx11k-simplified/images/h1512.png,0,tbx11k,6141
data/raw/tbx11k-simplified/images/h1514.png,0,tbx11k,6142
data/raw/tbx11k-simplified/images/h1517.png,0,tbx11k,6144
data/raw/tbx11k-simplified/images/h1518.png,0,tbx11k,6145
data/raw/tbx11k-simplified/images/h1519.png,0,tbx11k,6146
data/raw/tbx11k-simplified/images/h1522.png,0,tbx11k,6149
data/raw/tbx11k-simplified/images/h1523.png,0,tbx11k,6150
data/raw/tbx11k-simplified/images/h1525.png,0,tbx11k,6152
data/raw/tbx11k-simplified/images/h1526.png,0,tbx11k,6153
data/raw/tbx11k-simplified/images/h1528.png,0,tbx11k,6154
data/raw/tbx11k-simplified/images/h1529.png,0,tbx11k,6155
data/raw/tbx11k-simplified/images/h1530.png,0,tbx11k,6156
data/raw/tbx11k-simplified/images/h1532.png,0,tbx11k,6158
data/raw/tbx11k-simplified/images/h1533.png,0,tbx11k,6159
data/raw/tbx11k-simplified/images/h1535.png,0,tbx11k,6161
data/raw/tbx11k-simplified/images/h1536.png,0,tbx11k,6162
data/raw/tbx11k-simplified/images/h1537.png,0,tbx11k,6163
data/raw/tbx11k-simplified/images/h1538.png,0,tbx11k,6164
data/raw/tbx11k-simplified/images/h1539.png,0,tbx11k,6165
data/raw/tbx11k-simplified/images/h1540.png,0,tbx11k,6166
data/raw/tbx11k-simplified/images/h1541.png,0,tbx11k,6167
data/raw/tbx11k-simplified/images/h1542.png,0,tbx11k,6168
data/raw/tbx11k-simplified/images/h1544.png,0,tbx11k,6169
data/raw/tbx11k-simplified/images/h1549.png,0,tbx11k,6171
data/raw/tbx11k-simplified/images/h1550.png,0,tbx11k,6172
data/raw/tbx11k-simplified/images/h1552.png,0,tbx11k,6173
data/raw/tbx11k-simplified/images/h1553.png,0,tbx11k,6174
data/raw/tbx11k-simplified/images/h1555.png,0,tbx11k,6176
data/raw/tbx11k-simplified/images/h1556.png,0,tbx11k,6177
data/raw/tbx11k-simplified/images/h1557.png,0,tbx11k,6178
data/raw/tbx11k-simplified/images/h1558.png,0,tbx11k,6179
data/raw/tbx11k-simplified/images/h1559.png,0,tbx11k,6180
data/raw/tbx11k-simplified/images/h1560.png,0,tbx11k,6181
data/raw/tbx11k-simplified/images/h1561.png,0,tbx11k,6182
data/raw/tbx11k-simplified/images/h1562.png,0,tbx11k,6183
data/raw/tbx11k-simplified/images/h1563.png,0,tbx11k,6184
data/raw/tbx11k-simplified/images/h1564.png,0,tbx11k,6185
data/raw/tbx11k-simplified/images/h1567.png,0,tbx11k,6187
data/raw/tbx11k-simplified/images/h1570.png,0,tbx11k,6189
data/raw/tbx11k-simplified/images/h1572.png,0,tbx11k,6191
data/raw/tbx11k-simplified/images/h1573.png,0,tbx11k,6192
data/raw/tbx11k-simplified/images/h1574.png,0,tbx11k,6193
data/raw/tbx11k-simplified/images/h1576.png,0,tbx11k,6194
data/raw/tbx11k-simplified/images/h1577.png,0,tbx11k,6195
data/raw/tbx11k-simplified/images/h1578.png,0,tbx11k,6196
data/raw/tbx11k-simplified/images/h1579.png,0,tbx11k,6197
data/raw/tbx11k-simplified/images/h1581.png,0,tbx11k,6199
data/raw/tbx11k-simplified/images/h1584.png,0,tbx11k,6201
data/raw/tbx11k-simplified/images/h1586.png,0,tbx11k,6203
data/raw/tbx11k-simplified/images/h1590.png,0,tbx11k,6204
data/raw/tbx11k-simplified/images/h1592.png,0,tbx11k,6205
data/raw/tbx11k-simplified/images/h1594.png,0,tbx11k,6206
data/raw/tbx11k-simplified/images/h1601.png,0,tbx11k,6210
data/raw/tbx11k-simplified/images/h1602.png,0,tbx11k,6211
data/raw/tbx11k-simplified/images/h1603.png,0,tbx11k,6212
data/raw/tbx11k-simplified/images/h1604.png,0,tbx11k,6213
data/raw/tbx11k-simplified/images/h1605.png,0,tbx11k,6214
data/raw/tbx11k-simplified/images/h1607.png,0,tbx11k,6215
data/raw/tbx11k-simplified/images/h1608.png,0,tbx11k,6216
data/raw/tbx11k-simplified/images/h1609.png,0,tbx11k,6217
data/raw/tbx11k-simplified/images/h1613.png,0,tbx11k,6218
data/raw/tbx11k-simplified/images/h1614.png,0,tbx11k,6219
data/raw/tbx11k-simplified/images/h1615.png,0,tbx11k,6220
data/raw/tbx11k-simplified/images/h1616.png,0,tbx11k,6221
data/raw/tbx11k-simplified/images/h1618.png,0,tbx11k,6222
data/raw/tbx11k-simplified/images/h1621.png,0,tbx11k,6224
data/raw/tbx11k-simplified/images/h1624.png,0,tbx11k,6225
data/raw/tbx11k-simplified/images/h1625.png,0,tbx11k,6226
data/raw/tbx11k-simplified/images/h1626.png,0,tbx11k,6227
data/raw/tbx11k-simplified/images/h1628.png,0,tbx11k,6229
data/raw/tbx11k-simplified/images/h1629.png,0,tbx11k,6230
data/raw/tbx11k-simplified/images/h1630.png,0,tbx11k,6231
data/raw/tbx11k-simplified/images/h1633.png,0,tbx11k,6234
data/raw/tbx11k-simplified/images/h1634.png,0,tbx11k,6235
data/raw/tbx11k-simplified/images/h1635.png,0,tbx11k,6236
data/raw/tbx11k-simplified/images/h1636.png,0,tbx11k,6237
data/raw/tbx11k-simplified/images/h1637.png,0,tbx11k,6238
data/raw/tbx11k-simplified/images/h1638.png,0,tbx11k,6239
data/raw/tbx11k-simplified/images/h1642.png,0,tbx11k,6241
data/raw/tbx11k-simplified/images/h1643.png,0,tbx11k,6242
data/raw/tbx11k-simplified/images/h1644.png,0,tbx11k,6243
data/raw/tbx11k-simplified/images/h1645.png,0,tbx11k,6244
data/raw/tbx11k-simplified/images/h1647.png,0,tbx11k,6245
data/raw/tbx11k-simplified/images/h1648.png,0,tbx11k,6246
data/raw/tbx11k-simplified/images/h1649.png,0,tbx11k,6247
data/raw/tbx11k-simplified/images/h1650.png,0,tbx11k,6248
data/raw/tbx11k-simplified/images/h1651.png,0,tbx11k,6249
data/raw/tbx11k-simplified/images/h1652.png,0,tbx11k,6250
data/raw/tbx11k-simplified/images/h1653.png,0,tbx11k,6251
data/raw/tbx11k-simplified/images/h1654.png,0,tbx11k,6252
data/raw/tbx11k-simplified/images/h1656.png,0,tbx11k,6253
data/raw/tbx11k-simplified/images/h1657.png,0,tbx11k,6254
data/raw/tbx11k-simplified/images/h1658.png,0,tbx11k,6255
data/raw/tbx11k-simplified/images/h1659.png,0,tbx11k,6256
data/raw/tbx11k-simplified/images/h1660.png,0,tbx11k,6257
data/raw/tbx11k-simplified/images/h1661.png,0,tbx11k,6258
data/raw/tbx11k-simplified/images/h1662.png,0,tbx11k,6259
data/raw/tbx11k-simplified/images/h1664.png,0,tbx11k,6261
data/raw/tbx11k-simplified/images/h1665.png,0,tbx11k,6262
data/raw/tbx11k-simplified/images/h1666.png,0,tbx11k,6263
data/raw/tbx11k-simplified/images/h1668.png,0,tbx11k,6264
data/raw/tbx11k-simplified/images/h1671.png,0,tbx11k,6266
data/raw/tbx11k-simplified/images/h1672.png,0,tbx11k,6267
data/raw/tbx11k-simplified/images/h1675.png,0,tbx11k,6269
data/raw/tbx11k-simplified/images/h1676.png,0,tbx11k,6270
data/raw/tbx11k-simplified/images/h1677.png,0,tbx11k,6271
data/raw/tbx11k-simplified/images/h1678.png,0,tbx11k,6272
data/raw/tbx11k-simplified/images/h1680.png,0,tbx11k,6273
data/raw/tbx11k-simplified/images/h1681.png,0,tbx11k,6274
data/raw/tbx11k-simplified/images/h1682.png,0,tbx11k,6275
data/raw/tbx11k-simplified/images/h1683.png,0,tbx11k,6276
data/raw/tbx11k-simplified/images/h1686.png,0,tbx11k,6278
data/raw/tbx11k-simplified/images/h1687.png,0,tbx11k,6279
data/raw/tbx11k-simplified/images/h1688.png,0,tbx11k,6280
data/raw/tbx11k-simplified/images/h1689.png,0,tbx11k,6281
data/raw/tbx11k-simplified/images/h1690.png,0,tbx11k,6282
data/raw/tbx11k-simplified/images/h1691.png,0,tbx11k,6283
data/raw/tbx11k-simplified/images/h1694.png,0,tbx11k,6284
data/raw/tbx11k-simplified/images/h1695.png,0,tbx11k,6285
data/raw/tbx11k-simplified/images/h1697.png,0,tbx11k,6286
data/raw/tbx11k-simplified/images/h1698.png,0,tbx11k,6287
data/raw/tbx11k-simplified/images/h1699.png,0,tbx11k,6288
data/raw/tbx11k-simplified/images/h1701.png,0,tbx11k,6289
data/raw/tbx11k-simplified/images/h1702.png,0,tbx11k,6290
data/raw/tbx11k-simplified/images/h1704.png,0,tbx11k,6292
data/raw/tbx11k-simplified/images/h1706.png,0,tbx11k,6294
data/raw/tbx11k-simplified/images/h1707.png,0,tbx11k,6295
data/raw/tbx11k-simplified/images/h1708.png,0,tbx11k,6296
data/raw/tbx11k-simplified/images/h1709.png,0,tbx11k,6297
data/raw/tbx11k-simplified/images/h1710.png,0,tbx11k,6298
data/raw/tbx11k-simplified/images/h1711.png,0,tbx11k,6299
data/raw/tbx11k-simplified/images/h1712.png,0,tbx11k,6300
data/raw/tbx11k-simplified/images/h1713.png,0,tbx11k,6301
data/raw/tbx11k-simplified/images/h1715.png,0,tbx11k,6302
data/raw/tbx11k-simplified/images/h1717.png,0,tbx11k,6304
data/raw/tbx11k-simplified/images/h1719.png,0,tbx11k,6306
data/raw/tbx11k-simplified/images/h1720.png,0,tbx11k,6307
data/raw/tbx11k-simplified/images/h1722.png,0,tbx11k,6308
data/raw/tbx11k-simplified/images/h1723.png,0,tbx11k,6309
data/raw/tbx11k-simplified/images/h1726.png,0,tbx11k,6310
data/raw/tbx11k-simplified/images/h1727.png,0,tbx11k,6311
data/raw/tbx11k-simplified/images/h1729.png,0,tbx11k,6312
data/raw/tbx11k-simplified/images/h1731.png,0,tbx11k,6314
data/raw/tbx11k-simplified/images/h1732.png,0,tbx11k,6315
data/raw/tbx11k-simplified/images/h1734.png,0,tbx11k,6317
data/raw/tbx11k-simplified/images/h1736.png,0,tbx11k,6318
data/raw/tbx11k-simplified/images/h1739.png,0,tbx11k,6319
data/raw/tbx11k-simplified/images/h1741.png,0,tbx11k,6320
data/raw/tbx11k-simplified/images/h1742.png,0,tbx11k,6321
data/raw/tbx11k-simplified/images/h1743.png,0,tbx11k,6322
data/raw/tbx11k-simplified/images/h1746.png,0,tbx11k,6324
data/raw/tbx11k-simplified/images/h1751.png,0,tbx11k,6326
data/raw/tbx11k-simplified/images/h1752.png,0,tbx11k,6327
data/raw/tbx11k-simplified/images/h1753.png,0,tbx11k,6328
data/raw/tbx11k-simplified/images/h1754.png,0,tbx11k,6329
data/raw/tbx11k-simplified/images/h1755.png,0,tbx11k,6330
data/raw/tbx11k-simplified/images/h1756.png,0,tbx11k,6331
data/raw/tbx11k-simplified/images/h1758.png,0,tbx11k,6332
data/raw/tbx11k-simplified/images/h1760.png,0,tbx11k,6334
data/raw/tbx11k-simplified/images/h1761.png,0,tbx11k,6335
data/raw/tbx11k-simplified/images/h1764.png,0,tbx11k,6337
data/raw/tbx11k-simplified/images/h1766.png,0,tbx11k,6338
data/raw/tbx11k-simplified/images/h1767.png,0,tbx11k,6339
data/raw/tbx11k-simplified/images/h1768.png,0,tbx11k,6340
data/raw/tbx11k-simplified/images/h1769.png,0,tbx11k,6341
data/raw/tbx11k-simplified/images/h1771.png,0,tbx11k,6343
data/raw/tbx11k-simplified/images/h1772.png,0,tbx11k,6344
data/raw/tbx11k-simplified/images/h1773.png,0,tbx11k,6345
data/raw/tbx11k-simplified/images/h1774.png,0,tbx11k,6346
data/raw/tbx11k-simplified/images/h1778.png,0,tbx11k,6348
data/raw/tbx11k-simplified/images/h1779.png,0,tbx11k,6349
data/raw/tbx11k-simplified/images/h1782.png,0,tbx11k,6351
data/raw/tbx11k-simplified/images/h1783.png,0,tbx11k,6352
data/raw/tbx11k-simplified/images/h1784.png,0,tbx11k,6353
data/raw/tbx11k-simplified/images/h1786.png,0,tbx11k,6354
data/raw/tbx11k-simplified/images/h1787.png,0,tbx11k,6355
data/raw/tbx11k-simplified/images/h1789.png,0,tbx11k,6356
data/raw/tbx11k-simplified/images/h1790.png,0,tbx11k,6357
data/raw/tbx11k-simplified/images/h1791.png,0,tbx11k,6358
data/raw/tbx11k-simplified/images/h1792.png,0,tbx11k,6359
data/raw/tbx11k-simplified/images/h1793.png,0,tbx11k,6360
data/raw/tbx11k-simplified/images/h1794.png,0,tbx11k,6361
data/raw/tbx11k-simplified/images/h1795.png,0,tbx11k,6362
data/raw/tbx11k-simplified/images/h1799.png,0,tbx11k,6364
data/raw/tbx11k-simplified/images/h1800.png,0,tbx11k,6365
data/raw/tbx11k-simplified/images/h1801.png,0,tbx11k,6366
data/raw/tbx11k-simplified/images/h1802.png,0,tbx11k,6367
data/raw/tbx11k-simplified/images/h1803.png,0,tbx11k,6368
data/raw/tbx11k-simplified/images/h1804.png,0,tbx11k,6369
data/raw/tbx11k-simplified/images/h1805.png,0,tbx11k,6370
data/raw/tbx11k-simplified/images/h1807.png,0,tbx11k,6371
data/raw/tbx11k-simplified/images/h1810.png,0,tbx11k,6373
data/raw/tbx11k-simplified/images/h1811.png,0,tbx11k,6374
data/raw/tbx11k-simplified/images/h1813.png,0,tbx11k,6375
data/raw/tbx11k-simplified/images/h1816.png,0,tbx11k,6378
data/raw/tbx11k-simplified/images/h1818.png,0,tbx11k,6379
data/raw/tbx11k-simplified/images/h1819.png,0,tbx11k,6380
data/raw/tbx11k-simplified/images/h1820.png,0,tbx11k,6381
data/raw/tbx11k-simplified/images/h1822.png,0,tbx11k,6383
data/raw/tbx11k-simplified/images/h1824.png,0,tbx11k,6385
data/raw/tbx11k-simplified/images/h1826.png,0,tbx11k,6386
data/raw/tbx11k-simplified/images/h1832.png,0,tbx11k,7121
data/raw/tbx11k-simplified/images/h1833.png,0,tbx11k,6392
data/raw/tbx11k-simplified/images/h1835.png,0,tbx11k,6394
data/raw/tbx11k-simplified/images/h1840.png,0,tbx11k,6396
data/raw/tbx11k-simplified/images/h1841.png,0,tbx11k,6397
data/raw/tbx11k-simplified/images/h1842.png,0,tbx11k,6398
data/raw/tbx11k-simplified/images/h1843.png,0,tbx11k,6399
data/raw/tbx11k-simplified/images/h1844.png,0,tbx11k,6400
data/raw/tbx11k-simplified/images/h1845.png,0,tbx11k,6401
data/raw/tbx11k-simplified/images/h1846.png,0,tbx11k,6402
data/raw/tbx11k-simplified/images/h1847.png,0,tbx11k,6403
data/raw/tbx11k-simplified/images/h1848.png,0,tbx11k,6404
data/raw/tbx11k-simplified/images/h1849.png,0,tbx11k,6405
data/raw/tbx11k-simplified/images/h1850.png,0,tbx11k,6406
data/raw/tbx11k-simplified/images/h1851.png,0,tbx11k,6407
data/raw/tbx11k-simplified/images/h1852.png,0,tbx11k,6408
data/raw/tbx11k-simplified/images/h1857.png,0,tbx11k,6412
data/raw/tbx11k-simplified/images/h1858.png,0,tbx11k,6413
data/raw/tbx11k-simplified/images/h1862.png,0,tbx11k,6415
data/raw/tbx11k-simplified/images/h1863.png,0,tbx11k,6416
data/raw/tbx11k-simplified/images/h1864.png,0,tbx11k,6417
data/raw/tbx11k-simplified/images/h1866.png,0,tbx11k,6418
data/raw/tbx11k-simplified/images/h1868.png,0,tbx11k,6419
data/raw/tbx11k-simplified/images/h1869.png,0,tbx11k,6420
data/raw/tbx11k-simplified/images/h1870.png,0,tbx11k,6421
data/raw/tbx11k-simplified/images/h1871.png,0,tbx11k,6422
data/raw/tbx11k-simplified/images/h1875.png,0,tbx11k,6424
data/raw/tbx11k-simplified/images/h1878.png,0,tbx11k,6427
data/raw/tbx11k-simplified/images/h1879.png,0,tbx11k,6428
data/raw/tbx11k-simplified/images/h1880.png,0,tbx11k,6429
data/raw/tbx11k-simplified/images/h1882.png,0,tbx11k,6431
data/raw/tbx11k-simplified/images/h1883.png,0,tbx11k,6432
data/raw/tbx11k-simplified/images/h1884.png,0,tbx11k,6433
data/raw/tbx11k-simplified/images/h1886.png,0,tbx11k,6435
data/raw/tbx11k-simplified/images/h1888.png,0,tbx11k,6437
data/raw/tbx11k-simplified/images/h1889.png,0,tbx11k,6438
data/raw/tbx11k-simplified/images/h1892.png,0,tbx11k,6440
data/raw/tbx11k-simplified/images/h1893.png,0,tbx11k,6441
data/raw/tbx11k-simplified/images/h1895.png,0,tbx11k,6443
data/raw/tbx11k-simplified/images/h1898.png,0,tbx11k,6444
data/raw/tbx11k-simplified/images/h1903.png,0,tbx11k,6447
data/raw/tbx11k-simplified/images/h1906.png,0,tbx11k,6448
data/raw/tbx11k-simplified/images/h1907.png,0,tbx11k,6449
data/raw/tbx11k-simplified/images/h1908.png,0,tbx11k,6450
data/raw/tbx11k-simplified/images/h1910.png,0,tbx11k,6451
data/raw/tbx11k-simplified/images/h1912.png,0,tbx11k,6452
data/raw/tbx11k-simplified/images/h1913.png,0,tbx11k,6453
data/raw/tbx11k-simplified/images/h1914.png,0,tbx11k,6454
data/raw/tbx11k-simplified/images/h1915.png,0,tbx11k,6455
data/raw/tbx11k-simplified/images/h1916.png,0,tbx11k,6456
data/raw/tbx11k-simplified/images/h1917.png,0,tbx11k,6457
data/raw/tbx11k-simplified/images/h1918.png,0,tbx11k,6458
data/raw/tbx11k-simplified/images/h1919.png,0,tbx11k,6459
data/raw/tbx11k-simplified/images/h1923.png,0,tbx11k,6461
data/raw/tbx11k-simplified/images/h1924.png,0,tbx11k,6462
data/raw/tbx11k-simplified/images/h1926.png,0,tbx11k,6464
data/raw/tbx11k-simplified/images/h1928.png,0,tbx11k,6465
data/raw/tbx11k-simplified/images/h1929.png,0,tbx11k,6466
data/raw/tbx11k-simplified/images/h1930.png,0,tbx11k,6467
data/raw/tbx11k-simplified/images/h1931.png,0,tbx11k,6468
data/raw/tbx11k-simplified/images/h1933.png,0,tbx11k,6470
data/raw/tbx11k-simplified/images/h1935.png,0,tbx11k,6472
data/raw/tbx11k-simplified/images/h1937.png,0,tbx11k,6473
data/raw/tbx11k-simplified/images/h1938.png,0,tbx11k,6474
data/raw/tbx11k-simplified/images/h1940.png,0,tbx11k,6475
data/raw/tbx11k-simplified/images/h1942.png,0,tbx11k,6476
data/raw/tbx11k-simplified/images/h1944.png,0,tbx11k,6477
data/raw/tbx11k-simplified/images/h1945.png,0,tbx11k,6478
data/raw/tbx11k-simplified/images/h1949.png,0,tbx11k,6479
data/raw/tbx11k-simplified/images/h1950.png,0,tbx11k,6480
data/raw/tbx11k-simplified/images/h1951.png,0,tbx11k,6481
data/raw/tbx11k-simplified/images/h1953.png,0,tbx11k,6482
data/raw/tbx11k-simplified/images/h1954.png,0,tbx11k,6483
data/raw/tbx11k-simplified/images/h1955.png,0,tbx11k,6484
data/raw/tbx11k-simplified/images/h1959.png,0,tbx11k,6487
data/raw/tbx11k-simplified/images/h1960.png,0,tbx11k,6488
data/raw/tbx11k-simplified/images/h1961.png,0,tbx11k,6489
data/raw/tbx11k-simplified/images/h1962.png,0,tbx11k,6490
data/raw/tbx11k-simplified/images/h1963.png,0,tbx11k,6491
data/raw/tbx11k-simplified/images/h1964.png,0,tbx11k,6492
data/raw/tbx11k-simplified/images/h1966.png,0,tbx11k,6493
data/raw/tbx11k-simplified/images/h1967.png,0,tbx11k,6494
data/raw/tbx11k-simplified/images/h1969.png,0,tbx11k,6496
data/raw/tbx11k-simplified/images/h1970.png,0,tbx11k,6497
data/raw/tbx11k-simplified/images/h1972.png,0,tbx11k,6499
data/raw/tbx11k-simplified/images/h1973.png,0,tbx11k,6500
data/raw/tbx11k-simplified/images/h1975.png,0,tbx11k,6502
data/raw/tbx11k-simplified/images/h1976.png,0,tbx11k,6503
data/raw/tbx11k-simplified/images/h1978.png,0,tbx11k,6504
data/raw/tbx11k-simplified/images/h1981.png,0,tbx11k,6507
data/raw/tbx11k-simplified/images/h1982.png,0,tbx11k,6508
data/raw/tbx11k-simplified/images/h1984.png,0,tbx11k,6509
data/raw/tbx11k-simplified/images/h1985.png,0,tbx11k,6510
data/raw/tbx11k-simplified/images/h1986.png,0,tbx11k,6511
data/raw/tbx11k-simplified/images/h1987.png,0,tbx11k,6512
data/raw/tbx11k-simplified/images/h1988.png,0,tbx11k,6513
data/raw/tbx11k-simplified/images/h1989.png,0,tbx11k,6514
data/raw/tbx11k-simplified/images/h1990.png,0,tbx11k,6515
data/raw/tbx11k-simplified/images/h1991.png,0,tbx11k,6516
data/raw/tbx11k-simplified/images/h1996.png,0,tbx11k,6519
data/raw/tbx11k-simplified/images/h1997.png,0,tbx11k,6520
data/raw/tbx11k-simplified/images/h2000.png,0,tbx11k,6521
data/raw/tbx11k-simplified/images/h2003.png,0,tbx11k,6522
data/raw/tbx11k-simplified/images/h2006.png,0,tbx11k,6524
data/raw/tbx11k-simplified/images/h2007.png,0,tbx11k,6525
data/raw/tbx11k-simplified/images/h2008.png,0,tbx11k,6526
data/raw/tbx11k-simplified/images/h2009.png,0,tbx11k,6527
data/raw/tbx11k-simplified/images/h2010.png,0,tbx11k,6528
data/raw/tbx11k-simplified/images/h2011.png,0,tbx11k,6529
data/raw/tbx11k-simplified/images/h2013.png,0,tbx11k,6530
data/raw/tbx11k-simplified/images/h2014.png,0,tbx11k,6531
data/raw/tbx11k-simplified/images/h2015.png,0,tbx11k,6532
data/raw/tbx11k-simplified/images/h2019.png,0,tbx11k,6533
data/raw/tbx11k-simplified/images/h2020.png,0,tbx11k,6534
data/raw/tbx11k-simplified/images/h2022.png,0,tbx11k,6535
data/raw/tbx11k-simplified/images/h2023.png,0,tbx11k,6536
data/raw/tbx11k-simplified/images/h2024.png,0,tbx11k,6537
data/raw/tbx11k-simplified/images/h2025.png,0,tbx11k,6538
data/raw/tbx11k-simplified/images/h2026.png,0,tbx11k,6539
data/raw/tbx11k-simplified/images/h2027.png,0,tbx11k,6540
data/raw/tbx11k-simplified/images/h2028.png,0,tbx11k,6541
data/raw/tbx11k-simplified/images/h2029.png,0,tbx11k,6542
data/raw/tbx11k-simplified/images/h2030.png,0,tbx11k,6543
data/raw/tbx11k-simplified/images/h2035.png,0,tbx11k,6545
data/raw/tbx11k-simplified/images/h2038.png,0,tbx11k,6546
data/raw/tbx11k-simplified/images/h2040.png,0,tbx11k,6547
data/raw/tbx11k-simplified/images/h2041.png,0,tbx11k,6548
data/raw/tbx11k-simplified/images/h2043.png,0,tbx11k,6550
data/raw/tbx11k-simplified/images/h2044.png,0,tbx11k,6551
data/raw/tbx11k-simplified/images/h2046.png,0,tbx11k,6553
data/raw/tbx11k-simplified/images/h2047.png,0,tbx11k,6554
data/raw/tbx11k-simplified/images/h2048.png,0,tbx11k,6555
data/raw/tbx11k-simplified/images/h2050.png,0,tbx11k,6557
data/raw/tbx11k-simplified/images/h2051.png,0,tbx11k,6558
data/raw/tbx11k-simplified/images/h2052.png,0,tbx11k,6559
data/raw/tbx11k-simplified/images/h2057.png,0,tbx11k,6561
data/raw/tbx11k-simplified/images/h2058.png,0,tbx11k,6562
data/raw/tbx11k-simplified/images/h2059.png,0,tbx11k,6563
data/raw/tbx11k-simplified/images/h2062.png,0,tbx11k,6564
data/raw/tbx11k-simplified/images/h2063.png,0,tbx11k,6565
data/raw/tbx11k-simplified/images/h2064.png,0,tbx11k,6566
data/raw/tbx11k-simplified/images/h2065.png,0,tbx11k,6567
data/raw/tbx11k-simplified/images/h2067.png,0,tbx11k,6569
data/raw/tbx11k-simplified/images/h2068.png,0,tbx11k,6570
data/raw/tbx11k-simplified/images/h2069.png,0,tbx11k,6571
data/raw/tbx11k-simplified/images/h2070.png,0,tbx11k,6572
data/raw/tbx11k-simplified/images/h2071.png,0,tbx11k,6573
data/raw/tbx11k-simplified/images/h2075.png,0,tbx11k,6575
data/raw/tbx11k-simplified/images/h2076.png,0,tbx11k,6576
data/raw/tbx11k-simplified/images/h2079.png,0,tbx11k,6577
data/raw/tbx11k-simplified/images/h2081.png,0,tbx11k,6578
data/raw/tbx11k-simplified/images/h2083.png,0,tbx11k,6580
data/raw/tbx11k-simplified/images/h2084.png,0,tbx11k,6581
data/raw/tbx11k-simplified/images/h2086.png,0,tbx11k,6582
data/raw/tbx11k-simplified/images/h2087.png,0,tbx11k,6583
data/raw/tbx11k-simplified/images/h2089.png,0,tbx11k,6584
data/raw/tbx11k-simplified/images/h2090.png,0,tbx11k,6585
data/raw/tbx11k-simplified/images/h2091.png,0,tbx11k,6586
data/raw/tbx11k-simplified/images/h2092.png,0,tbx11k,6587
data/raw/tbx11k-simplified/images/h2093.png,0,tbx11k,6588
data/raw/tbx11k-simplified/images/h2094.png,0,tbx11k,6589
data/raw/tbx11k-simplified/images/h2095.png,0,tbx11k,6590
data/raw/tbx11k-simplified/images/h2096.png,0,tbx11k,6591
data/raw/tbx11k-simplified/images/h2097.png,0,tbx11k,6592
data/raw/tbx11k-simplified/images/h2098.png,0,tbx11k,6593
data/raw/tbx11k-simplified/images/h2101.png,0,tbx11k,6596
data/raw/tbx11k-simplified/images/h2104.png,0,tbx11k,6597
data/raw/tbx11k-simplified/images/h2105.png,0,tbx11k,6598
data/raw/tbx11k-simplified/images/h2107.png,0,tbx11k,6599
data/raw/tbx11k-simplified/images/h2110.png,0,tbx11k,6602
data/raw/tbx11k-simplified/images/h2112.png,0,tbx11k,6603
data/raw/tbx11k-simplified/images/h2113.png,0,tbx11k,6604
data/raw/tbx11k-simplified/images/h2114.png,0,tbx11k,6605
data/raw/tbx11k-simplified/images/h2115.png,0,tbx11k,6606
data/raw/tbx11k-simplified/images/h2116.png,0,tbx11k,6607
data/raw/tbx11k-simplified/images/h2117.png,0,tbx11k,6608
data/raw/tbx11k-simplified/images/h2118.png,0,tbx11k,6609
data/raw/tbx11k-simplified/images/h2121.png,0,tbx11k,6612
data/raw/tbx11k-simplified/images/h2122.png,0,tbx11k,6613
data/raw/tbx11k-simplified/images/h2123.png,0,tbx11k,6614
data/raw/tbx11k-simplified/images/h2124.png,0,tbx11k,6615
data/raw/tbx11k-simplified/images/h2125.png,0,tbx11k,6616
data/raw/tbx11k-simplified/images/h2126.png,0,tbx11k,6617
data/raw/tbx11k-simplified/images/h2128.png,0,tbx11k,6618
data/raw/tbx11k-simplified/images/h2129.png,0,tbx11k,6619
data/raw/tbx11k-simplified/images/h2130.png,0,tbx11k,6620
data/raw/tbx11k-simplified/images/h2133.png,0,tbx11k,6622
data/raw/tbx11k-simplified/images/h2134.png,0,tbx11k,6623
data/raw/tbx11k-simplified/images/h2138.png,0,tbx11k,6625
data/raw/tbx11k-simplified/images/h2140.png,0,tbx11k,6626
data/raw/tbx11k-simplified/images/h2144.png,0,tbx11k,6627
data/raw/tbx11k-simplified/images/h2145.png,0,tbx11k,6628
data/raw/tbx11k-simplified/images/h2146.png,0,tbx11k,6629
data/raw/tbx11k-simplified/images/h2147.png,0,tbx11k,6630
data/raw/tbx11k-simplified/images/h2148.png,0,tbx11k,6631
data/raw/tbx11k-simplified/images/h2150.png,0,tbx11k,6632
data/raw/tbx11k-simplified/images/h2153.png,0,tbx11k,6633
data/raw/tbx11k-simplified/images/h2157.png,0,tbx11k,6634
data/raw/tbx11k-simplified/images/h2158.png,0,tbx11k,6635
data/raw/tbx11k-simplified/images/h2160.png,0,tbx11k,6637
data/raw/tbx11k-simplified/images/h2161.png,0,tbx11k,6638
data/raw/tbx11k-simplified/images/h2162.png,0,tbx11k,6639
data/raw/tbx11k-simplified/images/h2164.png,0,tbx11k,6641
data/raw/tbx11k-simplified/images/h2165.png,0,tbx11k,6642
data/raw/tbx11k-simplified/images/h2166.png,0,tbx11k,6643
data/raw/tbx11k-simplified/images/h2167.png,0,tbx11k,6644
data/raw/tbx11k-simplified/images/h2168.png,0,tbx11k,6645
data/raw/tbx11k-simplified/images/h2170.png,0,tbx11k,6646
data/raw/tbx11k-simplified/images/h2171.png,0,tbx11k,6647
data/raw/tbx11k-simplified/images/h2174.png,0,tbx11k,6650
data/raw/tbx11k-simplified/images/h2175.png,0,tbx11k,6651
data/raw/tbx11k-simplified/images/h2176.png,0,tbx11k,6652
data/raw/tbx11k-simplified/images/h2177.png,0,tbx11k,6653
data/raw/tbx11k-simplified/images/h2178.png,0,tbx11k,6654
data/raw/tbx11k-simplified/images/h2179.png,0,tbx11k,6655
data/raw/tbx11k-simplified/images/h2180.png,0,tbx11k,6656
data/raw/tbx11k-simplified/images/h2181.png,0,tbx11k,6657
data/raw/tbx11k-simplified/images/h2185.png,0,tbx11k,6660
data/raw/tbx11k-simplified/images/h2191.png,0,tbx11k,6664
data/raw/tbx11k-simplified/images/h2192.png,0,tbx11k,6665
data/raw/tbx11k-simplified/images/h2193.png,0,tbx11k,6666
data/raw/tbx11k-simplified/images/h2194.png,0,tbx11k,6667
data/raw/tbx11k-simplified/images/h2195.png,0,tbx11k,6668
data/raw/tbx11k-simplified/images/h2196.png,0,tbx11k,6669
data/raw/tbx11k-simplified/images/h2198.png,0,tbx11k,6670
data/raw/tbx11k-simplified/images/h2199.png,0,tbx11k,6671
data/raw/tbx11k-simplified/images/h2200.png,0,tbx11k,6672
data/raw/tbx11k-simplified/images/h2201.png,0,tbx11k,6673
data/raw/tbx11k-simplified/images/h2202.png,0,tbx11k,6674
data/raw/tbx11k-simplified/images/h2204.png,0,tbx11k,6676
data/raw/tbx11k-simplified/images/h2207.png,0,tbx11k,6678
data/raw/tbx11k-simplified/images/h2208.png,0,tbx11k,6679
data/raw/tbx11k-simplified/images/h2209.png,0,tbx11k,6680
data/raw/tbx11k-simplified/images/h2211.png,0,tbx11k,6681
data/raw/tbx11k-simplified/images/h2212.png,0,tbx11k,6682
data/raw/tbx11k-simplified/images/h2213.png,0,tbx11k,6683
data/raw/tbx11k-simplified/images/h2214.png,0,tbx11k,6684
data/raw/tbx11k-simplified/images/h2215.png,0,tbx11k,6685
data/raw/tbx11k-simplified/images/h2216.png,0,tbx11k,6686
data/raw/tbx11k-simplified/images/h2217.png,0,tbx11k,6687
data/raw/tbx11k-simplified/images/h2219.png,0,tbx11k,6689
data/raw/tbx11k-simplified/images/h2221.png,0,tbx11k,6691
data/raw/tbx11k-simplified/images/h2223.png,0,tbx11k,6692
data/raw/tbx11k-simplified/images/h2224.png,0,tbx11k,6693
data/raw/tbx11k-simplified/images/h2225.png,0,tbx11k,6694
data/raw/tbx11k-simplified/images/h2226.png,0,tbx11k,6695
data/raw/tbx11k-simplified/images/h2227.png,0,tbx11k,6696
data/raw/tbx11k-simplified/images/h2230.png,0,tbx11k,6699
data/raw/tbx11k-simplified/images/h2235.png,0,tbx11k,6700
data/raw/tbx11k-simplified/images/h2237.png,0,tbx11k,6701
data/raw/tbx11k-simplified/images/h2238.png,0,tbx11k,6702
data/raw/tbx11k-simplified/images/h2239.png,0,tbx11k,6703
data/raw/tbx11k-simplified/images/h2241.png,0,tbx11k,6704
data/raw/tbx11k-simplified/images/h2242.png,0,tbx11k,6705
data/raw/tbx11k-simplified/images/h2243.png,0,tbx11k,6706
data/raw/tbx11k-simplified/images/h2246.png,0,tbx11k,6707
data/raw/tbx11k-simplified/images/h2248.png,0,tbx11k,6709
data/raw/tbx11k-simplified/images/h2250.png,0,tbx11k,6710
data/raw/tbx11k-simplified/images/h2251.png,0,tbx11k,6711
data/raw/tbx11k-simplified/images/h2253.png,0,tbx11k,6713
data/raw/tbx11k-simplified/images/h2254.png,0,tbx11k,6714
data/raw/tbx11k-simplified/images/h2255.png,0,tbx11k,6715
data/raw/tbx11k-simplified/images/h2259.png,0,tbx11k,6717
data/raw/tbx11k-simplified/images/h2261.png,0,tbx11k,6718
data/raw/tbx11k-simplified/images/h2263.png,0,tbx11k,6719
data/raw/tbx11k-simplified/images/h2264.png,0,tbx11k,6720
data/raw/tbx11k-simplified/images/h2265.png,0,tbx11k,6721
data/raw/tbx11k-simplified/images/h2268.png,0,tbx11k,6722
data/raw/tbx11k-simplified/images/h2271.png,0,tbx11k,6724
data/raw/tbx11k-simplified/images/h2275.png,0,tbx11k,6727
data/raw/tbx11k-simplified/images/h2277.png,0,tbx11k,6729
data/raw/tbx11k-simplified/images/h2278.png,0,tbx11k,6730
data/raw/tbx11k-simplified/images/h2283.png,0,tbx11k,6732
data/raw/tbx11k-simplified/images/h2287.png,0,tbx11k,6734
data/raw/tbx11k-simplified/images/h2288.png,0,tbx11k,6735
data/raw/tbx11k-simplified/images/h2289.png,0,tbx11k,6736
data/raw/tbx11k-simplified/images/h2290.png,0,tbx11k,6737
data/raw/tbx11k-simplified/images/h2291.png,0,tbx11k,6738
data/raw/tbx11k-simplified/images/h2293.png,0,tbx11k,6739
data/raw/tbx11k-simplified/images/h2294.png,0,tbx11k,6740
data/raw/tbx11k-simplified/images/h2295.png,0,tbx11k,6741
data/raw/tbx11k-simplified/images/h2296.png,0,tbx11k,6742
data/raw/tbx11k-simplified/images/h2297.png,0,tbx11k,6743
data/raw/tbx11k-simplified/images/h2299.png,0,tbx11k,6744
data/raw/tbx11k-simplified/images/h2301.png,0,tbx11k,6746
data/raw/tbx11k-simplified/images/h2302.png,0,tbx11k,6747
data/raw/tbx11k-simplified/images/h2303.png,0,tbx11k,6748
data/raw/tbx11k-simplified/images/h2304.png,0,tbx11k,6749
data/raw/tbx11k-simplified/images/h2306.png,0,tbx11k,6750
data/raw/tbx11k-simplified/images/h2307.png,0,tbx11k,6751
data/raw/tbx11k-simplified/images/h2309.png,0,tbx11k,6752
data/raw/tbx11k-simplified/images/h2310.png,0,tbx11k,6753
data/raw/tbx11k-simplified/images/h2312.png,0,tbx11k,6755
data/raw/tbx11k-simplified/images/h2313.png,0,tbx11k,6756
data/raw/tbx11k-simplified/images/h2314.png,0,tbx11k,6757
data/raw/tbx11k-simplified/images/h2315.png,0,tbx11k,6758
data/raw/tbx11k-simplified/images/h2316.png,0,tbx11k,6759
data/raw/tbx11k-simplified/images/h2317.png,0,tbx11k,6760
data/raw/tbx11k-simplified/images/h2320.png,0,tbx11k,6761
data/raw/tbx11k-simplified/images/h2322.png,0,tbx11k,6762
data/raw/tbx11k-simplified/images/h2323.png,0,tbx11k,6763
data/raw/tbx11k-simplified/images/h2324.png,0,tbx11k,6764
data/raw/tbx11k-simplified/images/h2325.png,0,tbx11k,6765
data/raw/tbx11k-simplified/images/h2327.png,0,tbx11k,6766
data/raw/tbx11k-simplified/images/h2328.png,0,tbx11k,6767
data/raw/tbx11k-simplified/images/h2331.png,0,tbx11k,6768
data/raw/tbx11k-simplified/images/h2332.png,0,tbx11k,6769
data/raw/tbx11k-simplified/images/h2334.png,0,tbx11k,6770
data/raw/tbx11k-simplified/images/h2335.png,0,tbx11k,6771
data/raw/tbx11k-simplified/images/h2339.png,0,tbx11k,6772
data/raw/tbx11k-simplified/images/h2342.png,0,tbx11k,6773
data/raw/tbx11k-simplified/images/h2344.png,0,tbx11k,6774
data/raw/tbx11k-simplified/images/h2345.png,0,tbx11k,6775
data/raw/tbx11k-simplified/images/h2346.png,0,tbx11k,6776
data/raw/tbx11k-simplified/images/h2348.png,0,tbx11k,6778
data/raw/tbx11k-simplified/images/h2349.png,0,tbx11k,6779
data/raw/tbx11k-simplified/images/h2350.png,0,tbx11k,6780
data/raw/tbx11k-simplified/images/h2353.png,0,tbx11k,6781
data/raw/tbx11k-simplified/images/h2354.png,0,tbx11k,6782
data/raw/tbx11k-simplified/images/h2356.png,0,tbx11k,6783
data/raw/tbx11k-simplified/images/h2357.png,0,tbx11k,6784
data/raw/tbx11k-simplified/images/h2358.png,0,tbx11k,6785
data/raw/tbx11k-simplified/images/h2359.png,0,tbx11k,6786
data/raw/tbx11k-simplified/images/h2360.png,0,tbx11k,6787
data/raw/tbx11k-simplified/images/h2361.png,0,tbx11k,6788
data/raw/tbx11k-simplified/images/h2362.png,0,tbx11k,6789
data/raw/tbx11k-simplified/images/h2363.png,0,tbx11k,6790
data/raw/tbx11k-simplified/images/h2364.png,0,tbx11k,6791
data/raw/tbx11k-simplified/images/h2366.png,0,tbx11k,6792
data/raw/tbx11k-simplified/images/h2367.png,0,tbx11k,6793
data/raw/tbx11k-simplified/images/h2368.png,0,tbx11k,6794
data/raw/tbx11k-simplified/images/h2369.png,0,tbx11k,6795
data/raw/tbx11k-simplified/images/h2370.png,0,tbx11k,6796
data/raw/tbx11k-simplified/images/h2371.png,0,tbx11k,6797
data/raw/tbx11k-simplified/images/h2376.png,0,tbx11k,6798
data/raw/tbx11k-simplified/images/h2377.png,0,tbx11k,6799
data/raw/tbx11k-simplified/images/h2378.png,0,tbx11k,6800
data/raw/tbx11k-simplified/images/h2379.png,0,tbx11k,6801
data/raw/tbx11k-simplified/images/h2380.png,0,tbx11k,6802
data/raw/tbx11k-simplified/images/h2381.png,0,tbx11k,6803
data/raw/tbx11k-simplified/images/h2383.png,0,tbx11k,6804
data/raw/tbx11k-simplified/images/h2385.png,0,tbx11k,6806
data/raw/tbx11k-simplified/images/h2387.png,0,tbx11k,6807
data/raw/tbx11k-simplified/images/h2388.png,0,tbx11k,6808
data/raw/tbx11k-simplified/images/h2389.png,0,tbx11k,6809
data/raw/tbx11k-simplified/images/h2390.png,0,tbx11k,6810
data/raw/tbx11k-simplified/images/h2391.png,0,tbx11k,6811
data/raw/tbx11k-simplified/images/h2392.png,0,tbx11k,6812
data/raw/tbx11k-simplified/images/h2395.png,0,tbx11k,6815
data/raw/tbx11k-simplified/images/h2396.png,0,tbx11k,6816
data/raw/tbx11k-simplified/images/h2397.png,0,tbx11k,6817
data/raw/tbx11k-simplified/images/h2398.png,0,tbx11k,6818
data/raw/tbx11k-simplified/images/h2401.png,0,tbx11k,6821
data/raw/tbx11k-simplified/images/h2403.png,0,tbx11k,6822
data/raw/tbx11k-simplified/images/h2404.png,0,tbx11k,6823
data/raw/tbx11k-simplified/images/h2405.png,0,tbx11k,6824
data/raw/tbx11k-simplified/images/h2406.png,0,tbx11k,6825
data/raw/tbx11k-simplified/images/h2407.png,0,tbx11k,6826
data/raw/tbx11k-simplified/images/h2408.png,0,tbx11k,6827
data/raw/tbx11k-simplified/images/h2409.png,0,tbx11k,6828
data/raw/tbx11k-simplified/images/h2411.png,0,tbx11k,6829
data/raw/tbx11k-simplified/images/h2412.png,0,tbx11k,6830
data/raw/tbx11k-simplified/images/h2413.png,0,tbx11k,6831
data/raw/tbx11k-simplified/images/h2415.png,0,tbx11k,6832
data/raw/tbx11k-simplified/images/h2417.png,0,tbx11k,6833
data/raw/tbx11k-simplified/images/h2420.png,0,tbx11k,6834
data/raw/tbx11k-simplified/images/h2421.png,0,tbx11k,6835
data/raw/tbx11k-simplified/images/h2423.png,0,tbx11k,6836
data/raw/tbx11k-simplified/images/h2424.png,0,tbx11k,6837
data/raw/tbx11k-simplified/images/h2425.png,0,tbx11k,6838
data/raw/tbx11k-simplified/images/h2426.png,0,tbx11k,6839
data/raw/tbx11k-simplified/images/h2428.png,0,tbx11k,6841
data/raw/tbx11k-simplified/images/h2430.png,0,tbx11k,6842
data/raw/tbx11k-simplified/images/h2431.png,0,tbx11k,6843
data/raw/tbx11k-simplified/images/h2432.png,0,tbx11k,6844
data/raw/tbx11k-simplified/images/h2433.png,0,tbx11k,6845
data/raw/tbx11k-simplified/images/h2434.png,0,tbx11k,6846
data/raw/tbx11k-simplified/images/h2435.png,0,tbx11k,6847
data/raw/tbx11k-simplified/images/h2436.png,0,tbx11k,6848
data/raw/tbx11k-simplified/images/h2438.png,0,tbx11k,6849
data/raw/tbx11k-simplified/images/h2439.png,0,tbx11k,6850
data/raw/tbx11k-simplified/images/h2441.png,0,tbx11k,6851
data/raw/tbx11k-simplified/images/h2442.png,0,tbx11k,6852
data/raw/tbx11k-simplified/images/h2443.png,0,tbx11k,6853
data/raw/tbx11k-simplified/images/h2445.png,0,tbx11k,6855
data/raw/tbx11k-simplified/images/h2446.png,0,tbx11k,6856
data/raw/tbx11k-simplified/images/h2448.png,0,tbx11k,6858
data/raw/tbx11k-simplified/images/h2449.png,0,tbx11k,6859
data/raw/tbx11k-simplified/images/h2450.png,0,tbx11k,6860
data/raw/tbx11k-simplified/images/h2451.png,0,tbx11k,6861
data/raw/tbx11k-simplified/images/h2455.png,0,tbx11k,6863
data/raw/tbx11k-simplified/images/h2456.png,0,tbx11k,6864
data/raw/tbx11k-simplified/images/h2457.png,0,tbx11k,6865
data/raw/tbx11k-simplified/images/h2458.png,0,tbx11k,6866
data/raw/tbx11k-simplified/images/h2459.png,0,tbx11k,6867
data/raw/tbx11k-simplified/images/h2460.png,0,tbx11k,6868
data/raw/tbx11k-simplified/images/h2464.png,0,tbx11k,6870
data/raw/tbx11k-simplified/images/h2466.png,0,tbx11k,6871
data/raw/tbx11k-simplified/images/h2467.png,0,tbx11k,6872
data/raw/tbx11k-simplified/images/h2468.png,0,tbx11k,6873
data/raw/tbx11k-simplified/images/h2469.png,0,tbx11k,6874
data/raw/tbx11k-simplified/images/h2471.png,0,tbx11k,6875
data/raw/tbx11k-simplified/images/h2472.png,0,tbx11k,6876
data/raw/tbx11k-simplified/images/h2474.png,0,tbx11k,6877
data/raw/tbx11k-simplified/images/h2475.png,0,tbx11k,6878
data/raw/tbx11k-simplified/images/h2476.png,0,tbx11k,6879
data/raw/tbx11k-simplified/images/h2477.png,0,tbx11k,6880
data/raw/tbx11k-simplified/images/h2479.png,0,tbx11k,6881
data/raw/tbx11k-simplified/images/h2480.png,0,tbx11k,6882
data/raw/tbx11k-simplified/images/h2481.png,0,tbx11k,6883
data/raw/tbx11k-simplified/images/h2482.png,0,tbx11k,6884
data/raw/tbx11k-simplified/images/h2483.png,0,tbx11k,6885
data/raw/tbx11k-simplified/images/h2484.png,0,tbx11k,6886
data/raw/tbx11k-simplified/images/h2485.png,0,tbx11k,6887
data/raw/tbx11k-simplified/images/h2487.png,0,tbx11k,6888
data/raw/tbx11k-simplified/images/h2488.png,0,tbx11k,6889
data/raw/tbx11k-simplified/images/h2489.png,0,tbx11k,6890
data/raw/tbx11k-simplified/images/h2490.png,0,tbx11k,6891
data/raw/tbx11k-simplified/images/h2492.png,0,tbx11k,6893
data/raw/tbx11k-simplified/images/h2493.png,0,tbx11k,6894
data/raw/tbx11k-simplified/images/h2494.png,0,tbx11k,6895
data/raw/tbx11k-simplified/images/h2495.png,0,tbx11k,6896
data/raw/tbx11k-simplified/images/h2496.png,0,tbx11k,6897
data/raw/tbx11k-simplified/images/h2498.png,0,tbx11k,6899
data/raw/tbx11k-simplified/images/h2499.png,0,tbx11k,6900
data/raw/tbx11k-simplified/images/h2500.png,0,tbx11k,6901
data/raw/tbx11k-simplified/images/h2501.png,0,tbx11k,6902
data/raw/tbx11k-simplified/images/h2502.png,0,tbx11k,6903
data/raw/tbx11k-simplified/images/h2503.png,0,tbx11k,6904
data/raw/tbx11k-simplified/images/h2505.png,0,tbx11k,6906
data/raw/tbx11k-simplified/images/h2506.png,0,tbx11k,6907
data/raw/tbx11k-simplified/images/h2508.png,0,tbx11k,6908
data/raw/tbx11k-simplified/images/h2510.png,0,tbx11k,6909
data/raw/tbx11k-simplified/images/h2512.png,0,tbx11k,6910
data/raw/tbx11k-simplified/images/h2514.png,0,tbx11k,6911
data/raw/tbx11k-simplified/images/h2518.png,0,tbx11k,6912
data/raw/tbx11k-simplified/images/h2519.png,0,tbx11k,6913
data/raw/tbx11k-simplified/images/h2520.png,0,tbx11k,6914
data/raw/tbx11k-simplified/images/h2521.png,0,tbx11k,6915
data/raw/tbx11k-simplified/images/h2522.png,0,tbx11k,6916
data/raw/tbx11k-simplified/images/h2523.png,0,tbx11k,6917
data/raw/tbx11k-simplified/images/h2525.png,0,tbx11k,6919
data/raw/tbx11k-simplified/images/h2529.png,0,tbx11k,6921
data/raw/tbx11k-simplified/images/h2530.png,0,tbx11k,6922
data/raw/tbx11k-simplified/images/h2531.png,0,tbx11k,6923
data/raw/tbx11k-simplified/images/h2533.png,0,tbx11k,6925
data/raw/tbx11k-simplified/images/h2534.png,0,tbx11k,6926
data/raw/tbx11k-simplified/images/h2535.png,0,tbx11k,6927
data/raw/tbx11k-simplified/images/h2536.png,0,tbx11k,6928
data/raw/tbx11k-simplified/images/h2537.png,0,tbx11k,6929
data/raw/tbx11k-simplified/images/h2541.png,0,tbx11k,6932
data/raw/tbx11k-simplified/images/h2542.png,0,tbx11k,6933
data/raw/tbx11k-simplified/images/h2543.png,0,tbx11k,6934
data/raw/tbx11k-simplified/images/h2544.png,0,tbx11k,6935
data/raw/tbx11k-simplified/images/h2545.png,0,tbx11k,6936
data/raw/tbx11k-simplified/images/h2547.png,0,tbx11k,6937
data/raw/tbx11k-simplified/images/h2552.png,0,tbx11k,6939
data/raw/tbx11k-simplified/images/h2555.png,0,tbx11k,6940
data/raw/tbx11k-simplified/images/h2556.png,0,tbx11k,6941
data/raw/tbx11k-simplified/images/h2560.png,0,tbx11k,6943
data/raw/tbx11k-simplified/images/h2561.png,0,tbx11k,6944
data/raw/tbx11k-simplified/images/h2563.png,0,tbx11k,6945
data/raw/tbx11k-simplified/images/h2565.png,0,tbx11k,6946
data/raw/tbx11k-simplified/images/h2566.png,0,tbx11k,6947
data/raw/tbx11k-simplified/images/h2567.png,0,tbx11k,6948
data/raw/tbx11k-simplified/images/h2568.png,0,tbx11k,6949
data/raw/tbx11k-simplified/images/h2570.png,0,tbx11k,6951
data/raw/tbx11k-simplified/images/h2572.png,0,tbx11k,6952
data/raw/tbx11k-simplified/images/h2573.png,0,tbx11k,6953
data/raw/tbx11k-simplified/images/h2574.png,0,tbx11k,6954
data/raw/tbx11k-simplified/images/h2579.png,0,tbx11k,6956
data/raw/tbx11k-simplified/images/h2580.png,0,tbx11k,6957
data/raw/tbx11k-simplified/images/h2581.png,0,tbx11k,6958
data/raw/tbx11k-simplified/images/h2582.png,0,tbx11k,6959
data/raw/tbx11k-simplified/images/h2588.png,0,tbx11k,6962
data/raw/tbx11k-simplified/images/h2589.png,0,tbx11k,6963
data/raw/tbx11k-simplified/images/h2590.png,0,tbx11k,6964
data/raw/tbx11k-simplified/images/h2592.png,0,tbx11k,6965
data/raw/tbx11k-simplified/images/h2593.png,0,tbx11k,6966
data/raw/tbx11k-simplified/images/h2594.png,0,tbx11k,6967
data/raw/tbx11k-simplified/images/h2595.png,0,tbx11k,6968
data/raw/tbx11k-simplified/images/h2598.png,0,tbx11k,6971
data/raw/tbx11k-simplified/images/h2600.png,0,tbx11k,6973
data/raw/tbx11k-simplified/images/h2602.png,0,tbx11k,6975
data/raw/tbx11k-simplified/images/h2604.png,0,tbx11k,6976
data/raw/tbx11k-simplified/images/h2605.png,0,tbx11k,6977
data/raw/tbx11k-simplified/images/h2608.png,0,tbx11k,6979
data/raw/tbx11k-simplified/images/h2611.png,0,tbx11k,6981
data/raw/tbx11k-simplified/images/h2612.png,0,tbx11k,6982
data/raw/tbx11k-simplified/images/h2614.png,0,tbx11k,6983
data/raw/tbx11k-simplified/images/h2615.png,0,tbx11k,6984
data/raw/tbx11k-simplified/images/h2616.png,0,tbx11k,6985
data/raw/tbx11k-simplified/images/h2617.png,0,tbx11k,6986
data/raw/tbx11k-simplified/images/h2618.png,0,tbx11k,6987
data/raw/tbx11k-simplified/images/h2619.png,0,tbx11k,6988
data/raw/tbx11k-simplified/images/h2621.png,0,tbx11k,6989
data/raw/tbx11k-simplified/images/h2622.png,0,tbx11k,6990
data/raw/tbx11k-simplified/images/h2623.png,0,tbx11k,6991
data/raw/tbx11k-simplified/images/h2624.png,0,tbx11k,6992
data/raw/tbx11k-simplified/images/h2625.png,0,tbx11k,6993
data/raw/tbx11k-simplified/images/h2626.png,0,tbx11k,6994
data/raw/tbx11k-simplified/images/h2627.png,0,tbx11k,6995
data/raw/tbx11k-simplified/images/h2628.png,0,tbx11k,6996
data/raw/tbx11k-simplified/images/h2629.png,0,tbx11k,6997
data/raw/tbx11k-simplified/images/h2633.png,0,tbx11k,6999
data/raw/tbx11k-simplified/images/h2634.png,0,tbx11k,7000
data/raw/tbx11k-simplified/images/h2637.png,0,tbx11k,7001
data/raw/tbx11k-simplified/images/h2638.png,0,tbx11k,7002
data/raw/tbx11k-simplified/images/h2639.png,0,tbx11k,7003
data/raw/tbx11k-simplified/images/h2640.png,0,tbx11k,7004
data/raw/tbx11k-simplified/images/h2643.png,0,tbx11k,7006
data/raw/tbx11k-simplified/images/h2644.png,0,tbx11k,7007
data/raw/tbx11k-simplified/images/h2645.png,0,tbx11k,7008
data/raw/tbx11k-simplified/images/h2646.png,0,tbx11k,7009
data/raw/tbx11k-simplified/images/h2647.png,0,tbx11k,7010
data/raw/tbx11k-simplified/images/h2649.png,0,tbx11k,7012
data/raw/tbx11k-simplified/images/h2650.png,0,tbx11k,7013
data/raw/tbx11k-simplified/images/h2651.png,0,tbx11k,7014
data/raw/tbx11k-simplified/images/h2654.png,0,tbx11k,7015
data/raw/tbx11k-simplified/images/h2655.png,0,tbx11k,7016
data/raw/tbx11k-simplified/images/h2656.png,0,tbx11k,7017
data/raw/tbx11k-simplified/images/h2657.png,0,tbx11k,7018
data/raw/tbx11k-simplified/images/h2659.png,0,tbx11k,7019
data/raw/tbx11k-simplified/images/h2660.png,0,tbx11k,7020
data/raw/tbx11k-simplified/images/h2661.png,0,tbx11k,7021
data/raw/tbx11k-simplified/images/h2663.png,0,tbx11k,7023
data/raw/tbx11k-simplified/images/h2665.png,0,tbx11k,7024
data/raw/tbx11k-simplified/images/h2667.png,0,tbx11k,7025
data/raw/tbx11k-simplified/images/h2668.png,0,tbx11k,7026
data/raw/tbx11k-simplified/images/h2669.png,0,tbx11k,7027
data/raw/tbx11k-simplified/images/h2671.png,0,tbx11k,7028
data/raw/tbx11k-simplified/images/h2673.png,0,tbx11k,7029
data/raw/tbx11k-simplified/images/h2675.png,0,tbx11k,7030
data/raw/tbx11k-simplified/images/h2676.png,0,tbx11k,7031
data/raw/tbx11k-simplified/images/h2678.png,0,tbx11k,7032
data/raw/tbx11k-simplified/images/h2679.png,0,tbx11k,7033
data/raw/tbx11k-simplified/images/h2681.png,0,tbx11k,7034
data/raw/tbx11k-simplified/images/h2683.png,0,tbx11k,7036
data/raw/tbx11k-simplified/images/h2684.png,0,tbx11k,7037
data/raw/tbx11k-simplified/images/h2685.png,0,tbx11k,7038
data/raw/tbx11k-simplified/images/h2687.png,0,tbx11k,7039
data/raw/tbx11k-simplified/images/h2688.png,0,tbx11k,7040
data/raw/tbx11k-simplified/images/h2689.png,0,tbx11k,7041
data/raw/tbx11k-simplified/images/h2691.png,0,tbx11k,7042
data/raw/tbx11k-simplified/images/h2692.png,0,tbx11k,7043
data/raw/tbx11k-simplified/images/h2693.png,0,tbx11k,7044
data/raw/tbx11k-simplified/images/h2697.png,0,tbx11k,7046
data/raw/tbx11k-simplified/images/h2698.png,0,tbx11k,7047
data/raw/tbx11k-simplified/images/h2700.png,0,tbx11k,7048
data/raw/tbx11k-simplified/images/h2701.png,0,tbx11k,7049
data/raw/tbx11k-simplified/images/h2702.png,0,tbx11k,7050
data/raw/tbx11k-simplified/images/h2705.png,0,tbx11k,7051
data/raw/tbx11k-simplified/images/h2707.png,0,tbx11k,7052
data/raw/tbx11k-simplified/images/h2708.png,0,tbx11k,7053
data/raw/tbx11k-simplified/images/h2709.png,0,tbx11k,7054
data/raw/tbx11k-simplified/images/h2712.png,0,tbx11k,7056
data/raw/tbx11k-simplified/images/h2714.png,0,tbx11k,7057
data/raw/tbx11k-simplified/images/h2715.png,0,tbx11k,7058
data/raw/tbx11k-simplified/images/h2719.png,0,tbx11k,7060
data/raw/tbx11k-simplified/images/h2721.png,0,tbx11k,7061
data/raw/tbx11k-simplified/images/h2723.png,0,tbx11k,7063
data/raw/tbx11k-simplified/images/h2728.png,0,tbx11k,7065
data/raw/tbx11k-simplified/images/h2729.png,0,tbx11k,7066
data/raw/tbx11k-simplified/images/h2731.png,0,tbx11k,7067
data/raw/tbx11k-simplified/images/h2732.png,0,tbx11k,7068
data/raw/tbx11k-simplified/images/h2733.png,0,tbx11k,7069
data/raw/tbx11k-simplified/images/h2735.png,0,tbx11k,7071
data/raw/tbx11k-simplified/images/h2739.png,0,tbx11k,7074
data/raw/tbx11k-simplified/images/h2740.png,0,tbx11k,7075
data/raw/tbx11k-simplified/images/h2741.png,0,tbx11k,7076
data/raw/tbx11k-simplified/images/h2742.png,0,tbx11k,7077
data/raw/tbx11k-simplified/images/h2743.png,0,tbx11k,7078
data/raw/tbx11k-simplified/images/h2744.png,0,tbx11k,7079
data/raw/tbx11k-simplified/images/h2746.png,0,tbx11k,7080
data/raw/tbx11k-simplified/images/h2747.png,0,tbx11k,7081
data/raw/tbx11k-simplified/images/h2748.png,0,tbx11k,7082
data/raw/tbx11k-simplified/images/h2749.png,0,tbx11k,7083
data/raw/tbx11k-simplified/images/h2751.png,0,tbx11k,7085
data/raw/tbx11k-simplified/images/h2752.png,0,tbx11k,7086
data/raw/tbx11k-simplified/images/h2754.png,0,tbx11k,7087
data/raw/tbx11k-simplified/images/h2755.png,0,tbx11k,7088
data/raw/tbx11k-simplified/images/h2758.png,0,tbx11k,7090
data/raw/tbx11k-simplified/images/h2762.png,0,tbx11k,7091
data/raw/tbx11k-simplified/images/h2763.png,0,tbx11k,7092
data/raw/tbx11k-simplified/images/h2764.png,0,tbx11k,7093
data/raw/tbx11k-simplified/images/h2765.png,0,tbx11k,7094
data/raw/tbx11k-simplified/images/h2766.png,0,tbx11k,7095
data/raw/tbx11k-simplified/images/h2767.png,0,tbx11k,7096
data/raw/tbx11k-simplified/images/h2768.png,0,tbx11k,7097
data/raw/tbx11k-simplified/images/h2771.png,0,tbx11k,7099
data/raw/tbx11k-simplified/images/h2772.png,0,tbx11k,7100
data/raw/tbx11k-simplified/images/h2773.png,0,tbx11k,7101
data/raw/tbx11k-simplified/images/h2774.png,0,tbx11k,7102
data/raw/tbx11k-simplified/images/h2776.png,0,tbx11k,7104
data/raw/tbx11k-simplified/images/h2777.png,0,tbx11k,7105
data/raw/tbx11k-simplified/images/h2778.png,0,tbx11k,7106
data/raw/tbx11k-simplified/images/h2779.png,0,tbx11k,7107
data/raw/tbx11k-simplified/images/h2780.png,0,tbx11k,7108
data/raw/tbx11k-simplified/images/h2781.png,0,tbx11k,7109
data/raw/tbx11k-simplified/images/h2783.png,0,tbx11k,7110
data/raw/tbx11k-simplified/images/h2785.png,0,tbx11k,7111
data/raw/tbx11k-simplified/images/h2786.png,0,tbx11k,7112
data/raw/tbx11k-simplified/images/h2791.png,0,tbx11k,7114
data/raw/tbx11k-simplified/images/h2793.png,0,tbx11k,7116
data/raw/tbx11k-simplified/images/h2795.png,0,tbx11k,7117
data/raw/tbx11k-simplified/images/h2797.png,0,tbx11k,7118
data/raw/tbx11k-simplified/images/h2799.png,0,tbx11k,7119
data/raw/tbx11k-simplified/images/h2800.png,0,tbx11k,7120
data/raw/tbx11k-simplified/images/h2804.png,0,tbx11k,7122
data/raw/tbx11k-simplified/images/h2805.png,0,tbx11k,7123
data/raw/tbx11k-simplified/images/h2808.png,0,tbx11k,7124
data/raw/tbx11k-simplified/images/h2814.png,0,tbx11k,7125
data/raw/tbx11k-simplified/images/h2815.png,0,tbx11k,7126
data/raw/tbx11k-simplified/images/h2818.png,0,tbx11k,7128
data/raw/tbx11k-simplified/images/h2821.png,0,tbx11k,7130
data/raw/tbx11k-simplified/images/h2823.png,0,tbx11k,7131
data/raw/tbx11k-simplified/images/h2824.png,0,tbx11k,7132
data/raw/tbx11k-simplified/images/h2825.png,0,tbx11k,7133
data/raw/tbx11k-simplified/images/h2827.png,0,tbx11k,7134
data/raw/tbx11k-simplified/images/h2828.png,0,tbx11k,7135
data/raw/tbx11k-simplified/images/h2829.png,0,tbx11k,7136
data/raw/tbx11k-simplified/images/h2830.png,0,tbx11k,7137
data/raw/tbx11k-simplified/images/h2831.png,0,tbx11k,7138
data/raw/tbx11k-simplified/images/h2832.png,0,tbx11k,7139
data/raw/tbx11k-simplified/images/h2833.png,0,tbx11k,7140
data/raw/tbx11k-simplified/images/h2834.png,0,tbx11k,7141
data/raw/tbx11k-simplified/images/h2836.png,0,tbx11k,7142
data/raw/tbx11k-simplified/images/h2839.png,0,tbx11k,7144
data/raw/tbx11k-simplified/images/h2840.png,0,tbx11k,7145
data/raw/tbx11k-simplified/images/h2841.png,0,tbx11k,7146
data/raw/tbx11k-simplified/images/h2842.png,0,tbx11k,7147
data/raw/tbx11k-simplified/images/h2845.png,0,tbx11k,7148
data/raw/tbx11k-simplified/images/h2846.png,0,tbx11k,7149
data/raw/tbx11k-simplified/images/h2847.png,0,tbx11k,7150
data/raw/tbx11k-simplified/images/h2850.png,0,tbx11k,7153
data/raw/tbx11k-simplified/images/h2852.png,0,tbx11k,7154
data/raw/tbx11k-simplified/images/h2855.png,0,tbx11k,7156
data/raw/tbx11k-simplified/images/h2856.png,0,tbx11k,7157
data/raw/tbx11k-simplified/images/h2857.png,0,tbx11k,7158
data/raw/tbx11k-simplified/images/h2859.png,0,tbx11k,7159
data/raw/tbx11k-simplified/images/h2861.png,0,tbx11k,7160
data/raw/tbx11k-simplified/images/h2864.png,0,tbx11k,7162
data/raw/tbx11k-simplified/images/h2865.png,0,tbx11k,7163
data/raw/tbx11k-simplified/images/h2866.png,0,tbx11k,7164
data/raw/tbx11k-simplified/images/h2870.png,0,tbx11k,7166
data/raw/tbx11k-simplified/images/h2871.png,0,tbx11k,7167
data/raw/tbx11k-simplified/images/h2872.png,0,tbx11k,7168
data/raw/tbx11k-simplified/images/h2873.png,0,tbx11k,7169
data/raw/tbx11k-simplified/images/h2874.png,0,tbx11k,7170
data/raw/tbx11k-simplified/images/h2876.png,0,tbx11k,7171
data/raw/tbx11k-simplified/images/h2877.png,0,tbx11k,7172
data/raw/tbx11k-simplified/images/h2878.png,0,tbx11k,7173
data/raw/tbx11k-simplified/images/h2879.png,0,tbx11k,7174
data/raw/tbx11k-simplified/images/h2880.png,0,tbx11k,7175
data/raw/tbx11k-simplified/images/h2881.png,0,tbx11k,7176
data/raw/tbx11k-simplified/images/h2882.png,0,tbx11k,7177
data/raw/tbx11k-simplified/images/h2884.png,0,tbx11k,7179
data/raw/tbx11k-simplified/images/h2885.png,0,tbx11k,7180
data/raw/tbx11k-simplified/images/h2889.png,0,tbx11k,7183
data/raw/tbx11k-simplified/images/h2890.png,0,tbx11k,7184
data/raw/tbx11k-simplified/images/h2892.png,0,tbx11k,7185
data/raw/tbx11k-simplified/images/h2894.png,0,tbx11k,7186
data/raw/tbx11k-simplified/images/h2895.png,0,tbx11k,7187
data/raw/tbx11k-simplified/images/h2897.png,0,tbx11k,7188
data/raw/tbx11k-simplified/images/h2898.png,0,tbx11k,7189
data/raw/tbx11k-simplified/images/h2900.png,0,tbx11k,7190
data/raw/tbx11k-simplified/images/h2901.png,0,tbx11k,7191
data/raw/tbx11k-simplified/images/h2902.png,0,tbx11k,7192
data/raw/tbx11k-simplified/images/h2903.png,0,tbx11k,7193
data/raw/tbx11k-simplified/images/h2904.png,0,tbx11k,7194
data/raw/tbx11k-simplified/images/h2905.png,0,tbx11k,7195
data/raw/tbx11k-simplified/images/h2910.png,0,tbx11k,7198
data/raw/tbx11k-simplified/images/h2911.png,0,tbx11k,7199
data/raw/tbx11k-simplified/images/h2912.png,0,tbx11k,7200
data/raw/tbx11k-simplified/images/h2914.png,0,tbx11k,7202
data/raw/tbx11k-simplified/images/h2915.png,0,tbx11k,7203
data/raw/tbx11k-simplified/images/h2919.png,0,tbx11k,7205
data/raw/tbx11k-simplified/images/h2920.png,0,tbx11k,7206
data/raw/tbx11k-simplified/images/h2922.png,0,tbx11k,7207
data/raw/tbx11k-simplified/images/h2923.png,0,tbx11k,7208
data/raw/tbx11k-simplified/images/h2926.png,0,tbx11k,7210
data/raw/tbx11k-simplified/images/h2927.png,0,tbx11k,7211
data/raw/tbx11k-simplified/images/h2928.png,0,tbx11k,7212
data/raw/tbx11k-simplified/images/h2929.png,0,tbx11k,7213
data/raw/tbx11k-simplified/images/h2931.png,0,tbx11k,7214
data/raw/tbx11k-simplified/images/h2935.png,0,tbx11k,7216
data/raw/tbx11k-simplified/images/h2936.png,0,tbx11k,7217
data/raw/tbx11k-simplified/images/h2938.png,0,tbx11k,7218
data/raw/tbx11k-simplified/images/h2940.png,0,tbx11k,7219
data/raw/tbx11k-simplified/images/h2942.png,0,tbx11k,7220
data/raw/tbx11k-simplified/images/h2946.png,0,tbx11k,7223
data/raw/tbx11k-simplified/images/h2947.png,0,tbx11k,7224
data/raw/tbx11k-simplified/images/h2949.png,0,tbx11k,7225
data/raw/tbx11k-simplified/images/h2953.png,0,tbx11k,7227
data/raw/tbx11k-simplified/images/h2954.png,0,tbx11k,7228
data/raw/tbx11k-simplified/images/h2957.png,0,tbx11k,7229
data/raw/tbx11k-simplified/images/h2959.png,0,tbx11k,7231
data/raw/tbx11k-simplified/images/h2960.png,0,tbx11k,7232
data/raw/tbx11k-simplified/images/h2963.png,0,tbx11k,7234
data/raw/tbx11k-simplified/images/h2965.png,0,tbx11k,7235
data/raw/tbx11k-simplified/images/h2970.png,0,tbx11k,7237
data/raw/tbx11k-simplified/images/h2972.png,0,tbx11k,7238
data/raw/tbx11k-simplified/images/h2973.png,0,tbx11k,7239
data/raw/tbx11k-simplified/images/h2976.png,0,tbx11k,7242
data/raw/tbx11k-simplified/images/h2977.png,0,tbx11k,7243
data/raw/tbx11k-simplified/images/h2978.png,0,tbx11k,7244
data/raw/tbx11k-simplified/images/h2980.png,0,tbx11k,7246
data/raw/tbx11k-simplified/images/h2981.png,0,tbx11k,7247
data/raw/tbx11k-simplified/images/h2985.png,0,tbx11k,7250
data/raw/tbx11k-simplified/images/h2988.png,0,tbx11k,7252
data/raw/tbx11k-simplified/images/h2989.png,0,tbx11k,7253
data/raw/tbx11k-simplified/images/h2990.png,0,tbx11k,7254
data/raw/tbx11k-simplified/images/h2991.png,0,tbx11k,7255
data/raw/tbx11k-simplified/images/h2992.png,0,tbx11k,7256
data/raw/tbx11k-simplified/images/h2993.png,0,tbx11k,7257
data/raw/tbx11k-simplified/images/h2995.png,0,tbx11k,7259
data/raw/tbx11k-simplified/images/h2997.png,0,tbx11k,7260
data/raw/tbx11k-simplified/images/h2998.png,0,tbx11k,7261
data/raw/tbx11k-simplified/images/h2999.png,0,tbx11k,7262
data/raw/tbx11k-simplified/images/h3000.png,0,tbx11k,7263
data/raw/tbx11k-simplified/images/h3001.png,0,tbx11k,7264
data/raw/tbx11k-simplified/images/h3003.png,0,tbx11k,7265
data/raw/tbx11k-simplified/images/h3004.png,0,tbx11k,7266
data/raw/tbx11k-simplified/images/h3005.png,0,tbx11k,7267
data/raw/tbx11k-simplified/images/h3007.png,0,tbx11k,7269
data/raw/tbx11k-simplified/images/h3010.png,0,tbx11k,7270
data/raw/tbx11k-simplified/images/h3011.png,0,tbx11k,7271
data/raw/tbx11k-simplified/images/h3012.png,0,tbx11k,7272
data/raw/tbx11k-simplified/images/h3013.png,0,tbx11k,7273
data/raw/tbx11k-simplified/images/h3014.png,0,tbx11k,7274
data/raw/tbx11k-simplified/images/h3016.png,0,tbx11k,7275
data/raw/tbx11k-simplified/images/h3017.png,0,tbx11k,7276
data/raw/tbx11k-simplified/images/h3019.png,0,tbx11k,7277
data/raw/tbx11k-simplified/images/h3020.png,0,tbx11k,7278
data/raw/tbx11k-simplified/images/h3022.png,0,tbx11k,7280
data/raw/tbx11k-simplified/images/h3023.png,0,tbx11k,7281
data/raw/tbx11k-simplified/images/h3024.png,0,tbx11k,7282
data/raw/tbx11k-simplified/images/h3025.png,0,tbx11k,7283
data/raw/tbx11k-simplified/images/h3026.png,0,tbx11k,7284
data/raw/tbx11k-simplified/images/h3027.png,0,tbx11k,7285
data/raw/tbx11k-simplified/images/h3028.png,0,tbx11k,7286
data/raw/tbx11k-simplified/images/h3029.png,0,tbx11k,7287
data/raw/tbx11k-simplified/images/h3031.png,0,tbx11k,7289
data/raw/tbx11k-simplified/images/h3032.png,0,tbx11k,7290
data/raw/tbx11k-simplified/images/h3034.png,0,tbx11k,7291
data/raw/tbx11k-simplified/images/h3036.png,0,tbx11k,7293
data/raw/tbx11k-simplified/images/h3037.png,0,tbx11k,7294
data/raw/tbx11k-simplified/images/h3038.png,0,tbx11k,7295
data/raw/tbx11k-simplified/images/h3039.png,0,tbx11k,7296
data/raw/tbx11k-simplified/images/h3040.png,0,tbx11k,7297
data/raw/tbx11k-simplified/images/h3042.png,0,tbx11k,7298
data/raw/tbx11k-simplified/images/h3045.png,0,tbx11k,7299
data/raw/tbx11k-simplified/images/h3046.png,0,tbx11k,7300
data/raw/tbx11k-simplified/images/h3047.png,0,tbx11k,7301
data/raw/tbx11k-simplified/images/h3048.png,0,tbx11k,7302
data/raw/tbx11k-simplified/images/h3049.png,0,tbx11k,7303
data/raw/tbx11k-simplified/images/h3050.png,0,tbx11k,7304
data/raw/tbx11k-simplified/images/h3052.png,0,tbx11k,7305
data/raw/tbx11k-simplified/images/h3054.png,0,tbx11k,7306
data/raw/tbx11k-simplified/images/h3055.png,0,tbx11k,7307
data/raw/tbx11k-simplified/images/h3057.png,0,tbx11k,7308
data/raw/tbx11k-simplified/images/h3058.png,0,tbx11k,7309
data/raw/tbx11k-simplified/images/h3061.png,0,tbx11k,7311
data/raw/tbx11k-simplified/images/h3062.png,0,tbx11k,7312
data/raw/tbx11k-simplified/images/h3063.png,0,tbx11k,7313
data/raw/tbx11k-simplified/images/h3064.png,0,tbx11k,7314
data/raw/tbx11k-simplified/images/h3065.png,0,tbx11k,7315
data/raw/tbx11k-simplified/images/h3066.png,0,tbx11k,7316
data/raw/tbx11k-simplified/images/h3067.png,0,tbx11k,7317
data/raw/tbx11k-simplified/images/h3068.png,0,tbx11k,7318
data/raw/tbx11k-simplified/images/h3069.png,0,tbx11k,7319
data/raw/tbx11k-simplified/images/h3070.png,0,tbx11k,7320
data/raw/tbx11k-simplified/images/h3071.png,0,tbx11k,7321
data/raw/tbx11k-simplified/images/h3072.png,0,tbx11k,7322
data/raw/tbx11k-simplified/images/h3076.png,0,tbx11k,7324
data/raw/tbx11k-simplified/images/h3077.png,0,tbx11k,7325
data/raw/tbx11k-simplified/images/h3079.png,0,tbx11k,7326
data/raw/tbx11k-simplified/images/h3080.png,0,tbx11k,7327
data/raw/tbx11k-simplified/images/h3081.png,0,tbx11k,7328
data/raw/tbx11k-simplified/images/h3082.png,0,tbx11k,7329
data/raw/tbx11k-simplified/images/h3083.png,0,tbx11k,7330
data/raw/tbx11k-simplified/images/h3084.png,0,tbx11k,7331
data/raw/tbx11k-simplified/images/h3086.png,0,tbx11k,7333
data/raw/tbx11k-simplified/images/h3087.png,0,tbx11k,7334
data/raw/tbx11k-simplified/images/h3088.png,0,tbx11k,7335
data/raw/tbx11k-simplified/images/h3090.png,0,tbx11k,7337
data/raw/tbx11k-simplified/images/h3092.png,0,tbx11k,7339
data/raw/tbx11k-simplified/images/h3095.png,0,tbx11k,7341
data/raw/tbx11k-simplified/images/h3096.png,0,tbx11k,7342
data/raw/tbx11k-simplified/images/h3099.png,0,tbx11k,7343
data/raw/tbx11k-simplified/images/h3100.png,0,tbx11k,7344
data/raw/tbx11k-simplified/images/h3101.png,0,tbx11k,7345
data/raw/tbx11k-simplified/images/h3102.png,0,tbx11k,7346
data/raw/tbx11k-simplified/images/h3103.png,0,tbx11k,7347
data/raw/tbx11k-simplified/images/h3104.png,0,tbx11k,7348
data/raw/tbx11k-simplified/images/h3106.png,0,tbx11k,7349
data/raw/tbx11k-simplified/images/h3107.png,0,tbx11k,7350
data/raw/tbx11k-simplified/images/h3108.png,0,tbx11k,7351
data/raw/tbx11k-simplified/images/h3109.png,0,tbx11k,7352
data/raw/tbx11k-simplified/images/h3110.png,0,tbx11k,7353
data/raw/tbx11k-simplified/images/h3112.png,0,tbx11k,7355
data/raw/tbx11k-simplified/images/h3113.png,0,tbx11k,7356
data/raw/tbx11k-simplified/images/h3114.png,0,tbx11k,7357
data/raw/tbx11k-simplified/images/h3115.png,0,tbx11k,7358
data/raw/tbx11k-simplified/images/h3116.png,0,tbx11k,7359
data/raw/tbx11k-simplified/images/h3117.png,0,tbx11k,7360
data/raw/tbx11k-simplified/images/h3123.png,0,tbx11k,7362
data/raw/tbx11k-simplified/images/h3126.png,0,tbx11k,7363
data/raw/tbx11k-simplified/images/h3127.png,0,tbx11k,7364
data/raw/tbx11k-simplified/images/h3131.png,0,tbx11k,7365
data/raw/tbx11k-simplified/images/h3132.png,0,tbx11k,7366
data/raw/tbx11k-simplified/images/h3133.png,0,tbx11k,7367
data/raw/tbx11k-simplified/images/h3134.png,0,tbx11k,7368
data/raw/tbx11k-simplified/images/h3135.png,0,tbx11k,7369
data/raw/tbx11k-simplified/images/h3137.png,0,tbx11k,7370
data/raw/tbx11k-simplified/images/h3140.png,0,tbx11k,7371
data/raw/tbx11k-simplified/images/h3141.png,0,tbx11k,7372
data/raw/tbx11k-simplified/images/h3143.png,0,tbx11k,7373
data/raw/tbx11k-simplified/images/h3144.png,0,tbx11k,7374
data/raw/tbx11k-simplified/images/h3145.png,0,tbx11k,7375
data/raw/tbx11k-simplified/images/h3146.png,0,tbx11k,7376
data/raw/tbx11k-simplified/images/h3148.png,0,tbx11k,7378
data/raw/tbx11k-simplified/images/h3149.png,0,tbx11k,7379
data/raw/tbx11k-simplified/images/h3151.png,0,tbx11k,7381
data/raw/tbx11k-simplified/images/h3152.png,0,tbx11k,7382
data/raw/tbx11k-simplified/images/h3154.png,0,tbx11k,7383
data/raw/tbx11k-simplified/images/h3155.png,0,tbx11k,7384
data/raw/tbx11k-simplified/images/h3156.png,0,tbx11k,7385
data/raw/tbx11k-simplified/images/h3157.png,0,tbx11k,7386
data/raw/tbx11k-simplified/images/h3158.png,0,tbx11k,7387
data/raw/tbx11k-simplified/images/h3159.png,0,tbx11k,7388
data/raw/tbx11k-simplified/images/h3160.png,0,tbx11k,7389
data/raw/tbx11k-simplified/images/h3161.png,0,tbx11k,7390
data/raw/tbx11k-simplified/images/h3163.png,0,tbx11k,7392
data/raw/tbx11k-simplified/images/h3166.png,0,tbx11k,7393
data/raw/tbx11k-simplified/images/h3167.png,0,tbx11k,7394
data/raw/tbx11k-simplified/images/h3168.png,0,tbx11k,7395
data/raw/tbx11k-simplified/images/h3171.png,0,tbx11k,7396
data/raw/tbx11k-simplified/images/h3172.png,0,tbx11k,7397
data/raw/tbx11k-simplified/images/h3173.png,0,tbx11k,7398
data/raw/tbx11k-simplified/images/h3175.png,0,tbx11k,7399
data/raw/tbx11k-simplified/images/h3176.png,0,tbx11k,7400
data/raw/tbx11k-simplified/images/h3177.png,0,tbx11k,7401
data/raw/tbx11k-simplified/images/h3178.png,0,tbx11k,7402
data/raw/tbx11k-simplified/images/h3180.png,0,tbx11k,7403
data/raw/tbx11k-simplified/images/h3182.png,0,tbx11k,7404
data/raw/tbx11k-simplified/images/h3185.png,0,tbx11k,7406
data/raw/tbx11k-simplified/images/h3186.png,0,tbx11k,7407
data/raw/tbx11k-simplified/images/h3188.png,0,tbx11k,7408
data/raw/tbx11k-simplified/images/h3189.png,0,tbx11k,7409
data/raw/tbx11k-simplified/images/h3190.png,0,tbx11k,7410
data/raw/tbx11k-simplified/images/h3193.png,0,tbx11k,7413
data/raw/tbx11k-simplified/images/h3194.png,0,tbx11k,7414
data/raw/tbx11k-simplified/images/h3198.png,0,tbx11k,7415
data/raw/tbx11k-simplified/images/h3202.png,0,tbx11k,7416
data/raw/tbx11k-simplified/images/h3203.png,0,tbx11k,7417
data/raw/tbx11k-simplified/images/h3204.png,0,tbx11k,7418
data/raw/tbx11k-simplified/images/h3206.png,0,tbx11k,7419
data/raw/tbx11k-simplified/images/h3207.png,0,tbx11k,12762
data/raw/tbx11k-simplified/images/h3209.png,0,tbx11k,7421
data/raw/tbx11k-simplified/images/h3211.png,0,tbx11k,7422
data/raw/tbx11k-simplified/images/h3212.png,0,tbx11k,7423
data/raw/tbx11k-simplified/images/h3213.png,0,tbx11k,7424
data/raw/tbx11k-simplified/images/h3214.png,0,tbx11k,7425
data/raw/tbx11k-simplified/images/h3215.png,0,tbx11k,7426
data/raw/tbx11k-simplified/images/h3216.png,0,tbx11k,7427
data/raw/tbx11k-simplified/images/h3217.png,0,tbx11k,7428
data/raw/tbx11k-simplified/images/h3219.png,0,tbx11k,7429
data/raw/tbx11k-simplified/images/h3221.png,0,tbx11k,7430
data/raw/tbx11k-simplified/images/h3222.png,0,tbx11k,7431
data/raw/tbx11k-simplified/images/h3223.png,0,tbx11k,7432
data/raw/tbx11k-simplified/images/h3224.png,0,tbx11k,7433
data/raw/tbx11k-simplified/images/h3225.png,0,tbx11k,7434
data/raw/tbx11k-simplified/images/h3226.png,0,tbx11k,7435
data/raw/tbx11k-simplified/images/h3227.png,0,tbx11k,7436
data/raw/tbx11k-simplified/images/h3228.png,0,tbx11k,7437
data/raw/tbx11k-simplified/images/h3232.png,0,tbx11k,7439
data/raw/tbx11k-simplified/images/h3233.png,0,tbx11k,7440
data/raw/tbx11k-simplified/images/h3235.png,0,tbx11k,7441
data/raw/tbx11k-simplified/images/h3236.png,0,tbx11k,7442
data/raw/tbx11k-simplified/images/h3239.png,0,tbx11k,7443
data/raw/tbx11k-simplified/images/h3242.png,0,tbx11k,7444
data/raw/tbx11k-simplified/images/h3244.png,0,tbx11k,7445
data/raw/tbx11k-simplified/images/h3245.png,0,tbx11k,7446
data/raw/tbx11k-simplified/images/h3246.png,0,tbx11k,7447
data/raw/tbx11k-simplified/images/h3247.png,0,tbx11k,7448
data/raw/tbx11k-simplified/images/h3248.png,0,tbx11k,7449
data/raw/tbx11k-simplified/images/h3249.png,0,tbx11k,7450
data/raw/tbx11k-simplified/images/h3252.png,0,tbx11k,7452
data/raw/tbx11k-simplified/images/h3253.png,0,tbx11k,7453
data/raw/tbx11k-simplified/images/h3255.png,0,tbx11k,7455
data/raw/tbx11k-simplified/images/h3256.png,0,tbx11k,7456
data/raw/tbx11k-simplified/images/h3257.png,0,tbx11k,7457
data/raw/tbx11k-simplified/images/h3260.png,0,tbx11k,7459
data/raw/tbx11k-simplified/images/h3262.png,0,tbx11k,7460
data/raw/tbx11k-simplified/images/h3263.png,0,tbx11k,7461
data/raw/tbx11k-simplified/images/h3264.png,0,tbx11k,7462
data/raw/tbx11k-simplified/images/h3265.png,0,tbx11k,7463
data/raw/tbx11k-simplified/images/h3266.png,0,tbx11k,7464
data/raw/tbx11k-simplified/images/h3268.png,0,tbx11k,7465
data/raw/tbx11k-simplified/images/h3269.png,0,tbx11k,7466
data/raw/tbx11k-simplified/images/h3270.png,0,tbx11k,7467
data/raw/tbx11k-simplified/images/h3273.png,0,tbx11k,7468
data/raw/tbx11k-simplified/images/h3275.png,0,tbx11k,7469
data/raw/tbx11k-simplified/images/h3276.png,0,tbx11k,7470
data/raw/tbx11k-simplified/images/h3277.png,0,tbx11k,7471
data/raw/tbx11k-simplified/images/h3278.png,0,tbx11k,7472
data/raw/tbx11k-simplified/images/h3279.png,0,tbx11k,7473
data/raw/tbx11k-simplified/images/h3280.png,0,tbx11k,7474
data/raw/tbx11k-simplified/images/h3281.png,0,tbx11k,7475
data/raw/tbx11k-simplified/images/h3282.png,0,tbx11k,7476
data/raw/tbx11k-simplified/images/h3285.png,0,tbx11k,7478
data/raw/tbx11k-simplified/images/h3287.png,0,tbx11k,7480
data/raw/tbx11k-simplified/images/h3288.png,0,tbx11k,7481
data/raw/tbx11k-simplified/images/h3290.png,0,tbx11k,7482
data/raw/tbx11k-simplified/images/h3292.png,0,tbx11k,7483
data/raw/tbx11k-simplified/images/h3296.png,0,tbx11k,7486
data/raw/tbx11k-simplified/images/h3297.png,0,tbx11k,7487
data/raw/tbx11k-simplified/images/h3298.png,0,tbx11k,7488
data/raw/tbx11k-simplified/images/h3301.png,0,tbx11k,7489
data/raw/tbx11k-simplified/images/h3303.png,0,tbx11k,7490
data/raw/tbx11k-simplified/images/h3305.png,0,tbx11k,7491
data/raw/tbx11k-simplified/images/h3307.png,0,tbx11k,7492
data/raw/tbx11k-simplified/images/h3311.png,0,tbx11k,7496
data/raw/tbx11k-simplified/images/h3313.png,0,tbx11k,7497
data/raw/tbx11k-simplified/images/h3314.png,0,tbx11k,7498
data/raw/tbx11k-simplified/images/h3317.png,0,tbx11k,7501
data/raw/tbx11k-simplified/images/h3318.png,0,tbx11k,7502
data/raw/tbx11k-simplified/images/h3320.png,0,tbx11k,7503
data/raw/tbx11k-simplified/images/h3322.png,0,tbx11k,7504
data/raw/tbx11k-simplified/images/h3324.png,0,tbx11k,7505
data/raw/tbx11k-simplified/images/h3325.png,0,tbx11k,7506
data/raw/tbx11k-simplified/images/h3327.png,0,tbx11k,7507
data/raw/tbx11k-simplified/images/h3328.png,0,tbx11k,7508
data/raw/tbx11k-simplified/images/h3330.png,0,tbx11k,7510
data/raw/tbx11k-simplified/images/h3332.png,0,tbx11k,7512
data/raw/tbx11k-simplified/images/h3333.png,0,tbx11k,7513
data/raw/tbx11k-simplified/images/h3336.png,0,tbx11k,7515
data/raw/tbx11k-simplified/images/h3339.png,0,tbx11k,7516
data/raw/tbx11k-simplified/images/h3340.png,0,tbx11k,7517
data/raw/tbx11k-simplified/images/h3341.png,0,tbx11k,7518
data/raw/tbx11k-simplified/images/h3342.png,0,tbx11k,7519
data/raw/tbx11k-simplified/images/h3346.png,0,tbx11k,7521
data/raw/tbx11k-simplified/images/h3347.png,0,tbx11k,7522
data/raw/tbx11k-simplified/images/h3350.png,0,tbx11k,7525
data/raw/tbx11k-simplified/images/h3351.png,0,tbx11k,7526
data/raw/tbx11k-simplified/images/h3354.png,0,tbx11k,7527
data/raw/tbx11k-simplified/images/h3356.png,0,tbx11k,7528
data/raw/tbx11k-simplified/images/h3357.png,0,tbx11k,7529
data/raw/tbx11k-simplified/images/h3358.png,0,tbx11k,7530
data/raw/tbx11k-simplified/images/h3364.png,0,tbx11k,7531
data/raw/tbx11k-simplified/images/h3365.png,0,tbx11k,7532
data/raw/tbx11k-simplified/images/h3366.png,0,tbx11k,7533
data/raw/tbx11k-simplified/images/h3367.png,0,tbx11k,7534
data/raw/tbx11k-simplified/images/h3369.png,0,tbx11k,7536
data/raw/tbx11k-simplified/images/h3371.png,0,tbx11k,7537
data/raw/tbx11k-simplified/images/h3373.png,0,tbx11k,7539
data/raw/tbx11k-simplified/images/h3375.png,0,tbx11k,7541
data/raw/tbx11k-simplified/images/h3376.png,0,tbx11k,7542
data/raw/tbx11k-simplified/images/h3378.png,0,tbx11k,7543
data/raw/tbx11k-simplified/images/h3380.png,0,tbx11k,7545
data/raw/tbx11k-simplified/images/h3382.png,0,tbx11k,7547
data/raw/tbx11k-simplified/images/h3383.png,0,tbx11k,7548
data/raw/tbx11k-simplified/images/h3386.png,0,tbx11k,7550
data/raw/tbx11k-simplified/images/h3387.png,0,tbx11k,7551
data/raw/tbx11k-simplified/images/h3390.png,0,tbx11k,7552
data/raw/tbx11k-simplified/images/h3392.png,0,tbx11k,7553
data/raw/tbx11k-simplified/images/h3393.png,0,tbx11k,7554
data/raw/tbx11k-simplified/images/h3394.png,0,tbx11k,7555
data/raw/tbx11k-simplified/images/h3399.png,0,tbx11k,7557
data/raw/tbx11k-simplified/images/h3400.png,0,tbx11k,7558
data/raw/tbx11k-simplified/images/h3401.png,0,tbx11k,7559
data/raw/tbx11k-simplified/images/h3402.png,0,tbx11k,7560
data/raw/tbx11k-simplified/images/h3403.png,0,tbx11k,7561
data/raw/tbx11k-simplified/images/h3404.png,0,tbx11k,7562
data/raw/tbx11k-simplified/images/h3405.png,0,tbx11k,7563
data/raw/tbx11k-simplified/images/h3406.png,0,tbx11k,7564
data/raw/tbx11k-simplified/images/h3407.png,0,tbx11k,7565
data/raw/tbx11k-simplified/images/h3408.png,0,tbx11k,7566
data/raw/tbx11k-simplified/images/h3409.png,0,tbx11k,7567
data/raw/tbx11k-simplified/images/h3410.png,0,tbx11k,7568
data/raw/tbx11k-simplified/images/h3412.png,0,tbx11k,7569
data/raw/tbx11k-simplified/images/h3417.png,0,tbx11k,7573
data/raw/tbx11k-simplified/images/h3419.png,0,tbx11k,7575
data/raw/tbx11k-simplified/images/h3421.png,0,tbx11k,7577
data/raw/tbx11k-simplified/images/h3423.png,0,tbx11k,7578
data/raw/tbx11k-simplified/images/h3424.png,0,tbx11k,7579
data/raw/tbx11k-simplified/images/h3425.png,0,tbx11k,7580
data/raw/tbx11k-simplified/images/h3426.png,0,tbx11k,7581
data/raw/tbx11k-simplified/images/h3429.png,0,tbx11k,7583
data/raw/tbx11k-simplified/images/h3431.png,0,tbx11k,7584
data/raw/tbx11k-simplified/images/h3432.png,0,tbx11k,7585
data/raw/tbx11k-simplified/images/h3433.png,0,tbx11k,7586
data/raw/tbx11k-simplified/images/h3435.png,0,tbx11k,7587
data/raw/tbx11k-simplified/images/h3436.png,0,tbx11k,7588
data/raw/tbx11k-simplified/images/h3437.png,0,tbx11k,7589
data/raw/tbx11k-simplified/images/h3439.png,0,tbx11k,7591
data/raw/tbx11k-simplified/images/h3443.png,0,tbx11k,7593
data/raw/tbx11k-simplified/images/h3445.png,0,tbx11k,7594
data/raw/tbx11k-simplified/images/h3446.png,0,tbx11k,7595
data/raw/tbx11k-simplified/images/h3448.png,0,tbx11k,7596
data/raw/tbx11k-simplified/images/h3449.png,0,tbx11k,7597
data/raw/tbx11k-simplified/images/h3451.png,0,tbx11k,7598
data/raw/tbx11k-simplified/images/h3455.png,0,tbx11k,7601
data/raw/tbx11k-simplified/images/h3457.png,0,tbx11k,7602
data/raw/tbx11k-simplified/images/h3458.png,0,tbx11k,7603
data/raw/tbx11k-simplified/images/h3461.png,0,tbx11k,7605
data/raw/tbx11k-simplified/images/h3462.png,0,tbx11k,7606
data/raw/tbx11k-simplified/images/h3463.png,0,tbx11k,7607
data/raw/tbx11k-simplified/images/h3464.png,0,tbx11k,7608
data/raw/tbx11k-simplified/images/h3465.png,0,tbx11k,7609
data/raw/tbx11k-simplified/images/h3466.png,0,tbx11k,7610
data/raw/tbx11k-simplified/images/h3467.png,0,tbx11k,7611
data/raw/tbx11k-simplified/images/h3468.png,0,tbx11k,7612
data/raw/tbx11k-simplified/images/h3469.png,0,tbx11k,7613
data/raw/tbx11k-simplified/images/h3470.png,0,tbx11k,7614
data/raw/tbx11k-simplified/images/h3471.png,0,tbx11k,7615
data/raw/tbx11k-simplified/images/h3474.png,0,tbx11k,7616
data/raw/tbx11k-simplified/images/h3475.png,0,tbx11k,7617
data/raw/tbx11k-simplified/images/h3476.png,0,tbx11k,7618
data/raw/tbx11k-simplified/images/h3477.png,0,tbx11k,7619
data/raw/tbx11k-simplified/images/h3478.png,0,tbx11k,7620
data/raw/tbx11k-simplified/images/h3479.png,0,tbx11k,7621
data/raw/tbx11k-simplified/images/h3480.png,0,tbx11k,7622
data/raw/tbx11k-simplified/images/h3481.png,0,tbx11k,7623
data/raw/tbx11k-simplified/images/h3484.png,0,tbx11k,7626
data/raw/tbx11k-simplified/images/h3486.png,0,tbx11k,7627
data/raw/tbx11k-simplified/images/h3487.png,0,tbx11k,7628
data/raw/tbx11k-simplified/images/h3488.png,0,tbx11k,7629
data/raw/tbx11k-simplified/images/h3489.png,0,tbx11k,7630
data/raw/tbx11k-simplified/images/h3490.png,0,tbx11k,7631
data/raw/tbx11k-simplified/images/h3491.png,0,tbx11k,7632
data/raw/tbx11k-simplified/images/h3492.png,0,tbx11k,7633
data/raw/tbx11k-simplified/images/h3493.png,0,tbx11k,7634
data/raw/tbx11k-simplified/images/h3494.png,0,tbx11k,7635
data/raw/tbx11k-simplified/images/h3495.png,0,tbx11k,7636
data/raw/tbx11k-simplified/images/h3496.png,0,tbx11k,7637
data/raw/tbx11k-simplified/images/h3497.png,0,tbx11k,7638
data/raw/tbx11k-simplified/images/h3501.png,0,tbx11k,7642
data/raw/tbx11k-simplified/images/h3502.png,0,tbx11k,7643
data/raw/tbx11k-simplified/images/h3504.png,0,tbx11k,7644
data/raw/tbx11k-simplified/images/h3508.png,0,tbx11k,7646
data/raw/tbx11k-simplified/images/h3510.png,0,tbx11k,7647
data/raw/tbx11k-simplified/images/h3511.png,0,tbx11k,7648
data/raw/tbx11k-simplified/images/h3512.png,0,tbx11k,7649
data/raw/tbx11k-simplified/images/h3513.png,0,tbx11k,7650
data/raw/tbx11k-simplified/images/h3515.png,0,tbx11k,7652
data/raw/tbx11k-simplified/images/h3516.png,0,tbx11k,7653
data/raw/tbx11k-simplified/images/h3517.png,0,tbx11k,7654
data/raw/tbx11k-simplified/images/h3518.png,0,tbx11k,7655
data/raw/tbx11k-simplified/images/h3519.png,0,tbx11k,7656
data/raw/tbx11k-simplified/images/h3520.png,0,tbx11k,7657
data/raw/tbx11k-simplified/images/h3521.png,0,tbx11k,7658
data/raw/tbx11k-simplified/images/h3523.png,0,tbx11k,7659
data/raw/tbx11k-simplified/images/h3525.png,0,tbx11k,7660
data/raw/tbx11k-simplified/images/h3528.png,0,tbx11k,7662
data/raw/tbx11k-simplified/images/h3529.png,0,tbx11k,7663
data/raw/tbx11k-simplified/images/h3530.png,0,tbx11k,7664
data/raw/tbx11k-simplified/images/h3531.png,0,tbx11k,7665
data/raw/tbx11k-simplified/images/h3533.png,0,tbx11k,7666
data/raw/tbx11k-simplified/images/h3537.png,0,tbx11k,7669
data/raw/tbx11k-simplified/images/h3538.png,0,tbx11k,7670
data/raw/tbx11k-simplified/images/h3539.png,0,tbx11k,7671
data/raw/tbx11k-simplified/images/h3540.png,0,tbx11k,7672
data/raw/tbx11k-simplified/images/h3541.png,0,tbx11k,7673
data/raw/tbx11k-simplified/images/h3542.png,0,tbx11k,7674
data/raw/tbx11k-simplified/images/h3545.png,0,tbx11k,7677
data/raw/tbx11k-simplified/images/h3546.png,0,tbx11k,7678
data/raw/tbx11k-simplified/images/h3548.png,0,tbx11k,7679
data/raw/tbx11k-simplified/images/h3549.png,0,tbx11k,7680
data/raw/tbx11k-simplified/images/h3550.png,0,tbx11k,7681
data/raw/tbx11k-simplified/images/h3552.png,0,tbx11k,7682
data/raw/tbx11k-simplified/images/h3553.png,0,tbx11k,7683
data/raw/tbx11k-simplified/images/h3554.png,0,tbx11k,7684
data/raw/tbx11k-simplified/images/h3555.png,0,tbx11k,7685
data/raw/tbx11k-simplified/images/h3557.png,0,tbx11k,7687
data/raw/tbx11k-simplified/images/h3558.png,0,tbx11k,7688
data/raw/tbx11k-simplified/images/h3560.png,0,tbx11k,7690
data/raw/tbx11k-simplified/images/h3562.png,0,tbx11k,7692
data/raw/tbx11k-simplified/images/h3563.png,0,tbx11k,7693
data/raw/tbx11k-simplified/images/h3565.png,0,tbx11k,7694
data/raw/tbx11k-simplified/images/h3569.png,0,tbx11k,7697
data/raw/tbx11k-simplified/images/h3570.png,0,tbx11k,7698
data/raw/tbx11k-simplified/images/h3572.png,0,tbx11k,7699
data/raw/tbx11k-simplified/images/h3573.png,0,tbx11k,7700
data/raw/tbx11k-simplified/images/h3574.png,0,tbx11k,7701
data/raw/tbx11k-simplified/images/h3575.png,0,tbx11k,7702
data/raw/tbx11k-simplified/images/h3577.png,0,tbx11k,7704
data/raw/tbx11k-simplified/images/h3579.png,0,tbx11k,7706
data/raw/tbx11k-simplified/images/h3580.png,0,tbx11k,7707
data/raw/tbx11k-simplified/images/h3581.png,0,tbx11k,7708
data/raw/tbx11k-simplified/images/h3582.png,0,tbx11k,7709
data/raw/tbx11k-simplified/images/h3583.png,0,tbx11k,7710
data/raw/tbx11k-simplified/images/h3586.png,0,tbx11k,7711
data/raw/tbx11k-simplified/images/h3587.png,0,tbx11k,7712
data/raw/tbx11k-simplified/images/h3588.png,0,tbx11k,7713
data/raw/tbx11k-simplified/images/h3591.png,0,tbx11k,7714
data/raw/tbx11k-simplified/images/h3594.png,0,tbx11k,7715
data/raw/tbx11k-simplified/images/h3595.png,0,tbx11k,7716
data/raw/tbx11k-simplified/images/h3596.png,0,tbx11k,7717
data/raw/tbx11k-simplified/images/h3599.png,0,tbx11k,7720
data/raw/tbx11k-simplified/images/h3600.png,0,tbx11k,7721
data/raw/tbx11k-simplified/images/h3601.png,0,tbx11k,7722
data/raw/tbx11k-simplified/images/h3603.png,0,tbx11k,7724
data/raw/tbx11k-simplified/images/h3605.png,0,tbx11k,7725
data/raw/tbx11k-simplified/images/h3607.png,0,tbx11k,7726
data/raw/tbx11k-simplified/images/h3609.png,0,tbx11k,7728
data/raw/tbx11k-simplified/images/h3610.png,0,tbx11k,7729
data/raw/tbx11k-simplified/images/h3611.png,0,tbx11k,7730
data/raw/tbx11k-simplified/images/h3613.png,0,tbx11k,7731
data/raw/tbx11k-simplified/images/h3614.png,0,tbx11k,7732
data/raw/tbx11k-simplified/images/h3615.png,0,tbx11k,7733
data/raw/tbx11k-simplified/images/h3617.png,0,tbx11k,7735
data/raw/tbx11k-simplified/images/h3618.png,0,tbx11k,7736
data/raw/tbx11k-simplified/images/h3619.png,0,tbx11k,7737
data/raw/tbx11k-simplified/images/h3621.png,0,tbx11k,7739
data/raw/tbx11k-simplified/images/h3622.png,0,tbx11k,7740
data/raw/tbx11k-simplified/images/h3623.png,0,tbx11k,7741
data/raw/tbx11k-simplified/images/h3624.png,0,tbx11k,7742
data/raw/tbx11k-simplified/images/h3625.png,0,tbx11k,7743
data/raw/tbx11k-simplified/images/h3626.png,0,tbx11k,7744
data/raw/tbx11k-simplified/images/h3633.png,0,tbx11k,7745
data/raw/tbx11k-simplified/images/h3636.png,0,tbx11k,7746
data/raw/tbx11k-simplified/images/h3637.png,0,tbx11k,7747
data/raw/tbx11k-simplified/images/h3639.png,0,tbx11k,7748
data/raw/tbx11k-simplified/images/h3640.png,0,tbx11k,7749
data/raw/tbx11k-simplified/images/h3643.png,0,tbx11k,7751
data/raw/tbx11k-simplified/images/h3644.png,0,tbx11k,7752
data/raw/tbx11k-simplified/images/h3645.png,0,tbx11k,7753
data/raw/tbx11k-simplified/images/h3649.png,0,tbx11k,7755
data/raw/tbx11k-simplified/images/h3652.png,0,tbx11k,7758
data/raw/tbx11k-simplified/images/h3653.png,0,tbx11k,7759
data/raw/tbx11k-simplified/images/h3654.png,0,tbx11k,7760
data/raw/tbx11k-simplified/images/h3655.png,0,tbx11k,7761
data/raw/tbx11k-simplified/images/h3656.png,0,tbx11k,7762
data/raw/tbx11k-simplified/images/h3660.png,0,tbx11k,7764
data/raw/tbx11k-simplified/images/h3669.png,0,tbx11k,7767
data/raw/tbx11k-simplified/images/h3673.png,0,tbx11k,7768
data/raw/tbx11k-simplified/images/h3676.png,0,tbx11k,7771
data/raw/tbx11k-simplified/images/h3677.png,0,tbx11k,7772
data/raw/tbx11k-simplified/images/h3678.png,0,tbx11k,7773
data/raw/tbx11k-simplified/images/h3683.png,0,tbx11k,7774
data/raw/tbx11k-simplified/images/h3684.png,0,tbx11k,7775
data/raw/tbx11k-simplified/images/h3688.png,0,tbx11k,7777
data/raw/tbx11k-simplified/images/h3689.png,0,tbx11k,7778
data/raw/tbx11k-simplified/images/h3690.png,0,tbx11k,7779
data/raw/tbx11k-simplified/images/h3691.png,0,tbx11k,7780
data/raw/tbx11k-simplified/images/h3695.png,0,tbx11k,7784
data/raw/tbx11k-simplified/images/h3696.png,0,tbx11k,7785
data/raw/tbx11k-simplified/images/h3699.png,0,tbx11k,7787
data/raw/tbx11k-simplified/images/h3702.png,0,tbx11k,7788
data/raw/tbx11k-simplified/images/h3703.png,0,tbx11k,7789
data/raw/tbx11k-simplified/images/h3704.png,0,tbx11k,7790
data/raw/tbx11k-simplified/images/h3705.png,0,tbx11k,7791
data/raw/tbx11k-simplified/images/h3706.png,0,tbx11k,7792
data/raw/tbx11k-simplified/images/h3707.png,0,tbx11k,7793
data/raw/tbx11k-simplified/images/h3708.png,0,tbx11k,7794
data/raw/tbx11k-simplified/images/h3709.png,0,tbx11k,7795
data/raw/tbx11k-simplified/images/h3710.png,0,tbx11k,7796
data/raw/tbx11k-simplified/images/h3712.png,0,tbx11k,7797
data/raw/tbx11k-simplified/images/h3713.png,0,tbx11k,7798
data/raw/tbx11k-simplified/images/h3715.png,0,tbx11k,7799
data/raw/tbx11k-simplified/images/h3716.png,0,tbx11k,7800
data/raw/tbx11k-simplified/images/h3717.png,0,tbx11k,7801
data/raw/tbx11k-simplified/images/h3718.png,0,tbx11k,7802
data/raw/tbx11k-simplified/images/h3720.png,0,tbx11k,7804
data/raw/tbx11k-simplified/images/h3722.png,0,tbx11k,7806
data/raw/tbx11k-simplified/images/h3725.png,0,tbx11k,7808
data/raw/tbx11k-simplified/images/h3726.png,0,tbx11k,7809
data/raw/tbx11k-simplified/images/h3727.png,0,tbx11k,7810
data/raw/tbx11k-simplified/images/h3729.png,0,tbx11k,7811
data/raw/tbx11k-simplified/images/h3732.png,0,tbx11k,7813
data/raw/tbx11k-simplified/images/h3735.png,0,tbx11k,7814
data/raw/tbx11k-simplified/images/h3736.png,0,tbx11k,7815
data/raw/tbx11k-simplified/images/h3737.png,0,tbx11k,7816
data/raw/tbx11k-simplified/images/h3739.png,0,tbx11k,7817
data/raw/tbx11k-simplified/images/h3741.png,0,tbx11k,7819
data/raw/tbx11k-simplified/images/h3743.png,0,tbx11k,7821
data/raw/tbx11k-simplified/images/h3744.png,0,tbx11k,7822
data/raw/tbx11k-simplified/images/h3745.png,0,tbx11k,7823
data/raw/tbx11k-simplified/images/h3746.png,0,tbx11k,7824
data/raw/tbx11k-simplified/images/h3747.png,0,tbx11k,7825
data/raw/tbx11k-simplified/images/h3748.png,0,tbx11k,7826
data/raw/tbx11k-simplified/images/h3750.png,0,tbx11k,7827
data/raw/tbx11k-simplified/images/h3751.png,0,tbx11k,7828
data/raw/tbx11k-simplified/images/h3753.png,0,tbx11k,7830
data/raw/tbx11k-simplified/images/h3754.png,0,tbx11k,7831
data/raw/tbx11k-simplified/images/h3755.png,0,tbx11k,7832
data/raw/tbx11k-simplified/images/h3756.png,0,tbx11k,7833
data/raw/tbx11k-simplified/images/h3763.png,0,tbx11k,7837
data/raw/tbx11k-simplified/images/h3766.png,0,tbx11k,7839
data/raw/tbx11k-simplified/images/h3767.png,0,tbx11k,7840
data/raw/tbx11k-simplified/images/h3770.png,0,tbx11k,7843
data/raw/tbx11k-simplified/images/h3772.png,0,tbx11k,7844
data/raw/tbx11k-simplified/images/h3774.png,0,tbx11k,7845
data/raw/tbx11k-simplified/images/h3776.png,0,tbx11k,7847
data/raw/tbx11k-simplified/images/h3777.png,0,tbx11k,7848
data/raw/tbx11k-simplified/images/h3781.png,0,tbx11k,7851
data/raw/tbx11k-simplified/images/h3783.png,0,tbx11k,7853
data/raw/tbx11k-simplified/images/h3785.png,0,tbx11k,7854
data/raw/tbx11k-simplified/images/h3786.png,0,tbx11k,7855
data/raw/tbx11k-simplified/images/h3789.png,0,tbx11k,7856
data/raw/tbx11k-simplified/images/h3791.png,0,tbx11k,7857
data/raw/tbx11k-simplified/images/h3792.png,0,tbx11k,7858
data/raw/tbx11k-simplified/images/h3794.png,0,tbx11k,7860
data/raw/tbx11k-simplified/images/h3795.png,0,tbx11k,7861
data/raw/tbx11k-simplified/images/h3796.png,0,tbx11k,7862
data/raw/tbx11k-simplified/images/h3797.png,0,tbx11k,7863
data/raw/tbx11k-simplified/images/h3798.png,0,tbx11k,7864
data/raw/tbx11k-simplified/images/h3801.png,0,tbx11k,7865
data/raw/tbx11k-simplified/images/h3803.png,0,tbx11k,7866
data/raw/tbx11k-simplified/images/h3804.png,0,tbx11k,7867
data/raw/tbx11k-simplified/images/h3805.png,0,tbx11k,7868
data/raw/tbx11k-simplified/images/h3806.png,0,tbx11k,7869
data/raw/tbx11k-simplified/images/h3807.png,0,tbx11k,7870
data/raw/tbx11k-simplified/images/h3808.png,0,tbx11k,7871
data/raw/tbx11k-simplified/images/h3809.png,0,tbx11k,7872
data/raw/tbx11k-simplified/images/h3810.png,0,tbx11k,7873
data/raw/tbx11k-simplified/images/h3812.png,0,tbx11k,7874
data/raw/tbx11k-simplified/images/h3816.png,0,tbx11k,7875
data/raw/tbx11k-simplified/images/h3817.png,0,tbx11k,7876
data/raw/tbx11k-simplified/images/h3820.png,0,tbx11k,7878
data/raw/tbx11k-simplified/images/h3821.png,0,tbx11k,7879
data/raw/tbx11k-simplified/images/h3823.png,0,tbx11k,7881
data/raw/tbx11k-simplified/images/h3824.png,0,tbx11k,7882
data/raw/tbx11k-simplified/images/h3825.png,0,tbx11k,7883
data/raw/tbx11k-simplified/images/h3826.png,0,tbx11k,7884
data/raw/tbx11k-simplified/images/h3828.png,0,tbx11k,7885
data/raw/tbx11k-simplified/images/h3829.png,0,tbx11k,7886
data/raw/tbx11k-simplified/images/h3832.png,0,tbx11k,7888
data/raw/tbx11k-simplified/images/h3834.png,0,tbx11k,7889
data/raw/tbx11k-simplified/images/h3835.png,0,tbx11k,7890
data/raw/tbx11k-simplified/images/h3837.png,0,tbx11k,7891
data/raw/tbx11k-simplified/images/h3838.png,0,tbx11k,7892
data/raw/tbx11k-simplified/images/h3839.png,0,tbx11k,7893
data/raw/tbx11k-simplified/images/h3841.png,0,tbx11k,7895
data/raw/tbx11k-simplified/images/h3843.png,0,tbx11k,7896
data/raw/tbx11k-simplified/images/h3845.png,0,tbx11k,7897
data/raw/tbx11k-simplified/images/h3846.png,0,tbx11k,7898
data/raw/tbx11k-simplified/images/h3849.png,0,tbx11k,7900
data/raw/tbx11k-simplified/images/h3850.png,0,tbx11k,7901
data/raw/tbx11k-simplified/images/h3851.png,0,tbx11k,7902
data/raw/tbx11k-simplified/images/h3853.png,0,tbx11k,7903
data/raw/tbx11k-simplified/images/h3854.png,0,tbx11k,7904
data/raw/tbx11k-simplified/images/h3855.png,0,tbx11k,7905
data/raw/tbx11k-simplified/images/h3856.png,0,tbx11k,7906
data/raw/tbx11k-simplified/images/h3857.png,0,tbx11k,7907
data/raw/tbx11k-simplified/images/h3858.png,0,tbx11k,7908
data/raw/tbx11k-simplified/images/h3859.png,0,tbx11k,7909
data/raw/tbx11k-simplified/images/h3860.png,0,tbx11k,7910
data/raw/tbx11k-simplified/images/h3862.png,0,tbx11k,7912
data/raw/tbx11k-simplified/images/h3863.png,0,tbx11k,7913
data/raw/tbx11k-simplified/images/h3864.png,0,tbx11k,7914
data/raw/tbx11k-simplified/images/h3865.png,0,tbx11k,7915
data/raw/tbx11k-simplified/images/h3866.png,0,tbx11k,7916
data/raw/tbx11k-simplified/images/h3867.png,0,tbx11k,7917
data/raw/tbx11k-simplified/images/h3868.png,0,tbx11k,7918
data/raw/tbx11k-simplified/images/h3869.png,0,tbx11k,7919
data/raw/tbx11k-simplified/images/h3870.png,0,tbx11k,7920
data/raw/tbx11k-simplified/images/h3872.png,0,tbx11k,7921
data/raw/tbx11k-simplified/images/h3873.png,0,tbx11k,7922
data/raw/tbx11k-simplified/images/h3874.png,0,tbx11k,7923
data/raw/tbx11k-simplified/images/h3875.png,0,tbx11k,7924
data/raw/tbx11k-simplified/images/h3876.png,0,tbx11k,7925
data/raw/tbx11k-simplified/images/h3877.png,0,tbx11k,7926
data/raw/tbx11k-simplified/images/h3878.png,0,tbx11k,7927
data/raw/tbx11k-simplified/images/h3879.png,0,tbx11k,7928
data/raw/tbx11k-simplified/images/h3880.png,0,tbx11k,7929
data/raw/tbx11k-simplified/images/h3881.png,0,tbx11k,7930
data/raw/tbx11k-simplified/images/h3882.png,0,tbx11k,7931
data/raw/tbx11k-simplified/images/h3884.png,0,tbx11k,7932
data/raw/tbx11k-simplified/images/h3885.png,0,tbx11k,7933
data/raw/tbx11k-simplified/images/h3888.png,0,tbx11k,7934
data/raw/tbx11k-simplified/images/h3890.png,0,tbx11k,7935
data/raw/tbx11k-simplified/images/h3891.png,0,tbx11k,7936
data/raw/tbx11k-simplified/images/h3893.png,0,tbx11k,7937
data/raw/tbx11k-simplified/images/h3895.png,0,tbx11k,7939
data/raw/tbx11k-simplified/images/h3900.png,0,tbx11k,7941
data/raw/tbx11k-simplified/images/h3902.png,0,tbx11k,7942
data/raw/tbx11k-simplified/images/h3904.png,0,tbx11k,7943
data/raw/tbx11k-simplified/images/h3905.png,0,tbx11k,7944
data/raw/tbx11k-simplified/images/h3906.png,0,tbx11k,7945
data/raw/tbx11k-simplified/images/h3907.png,0,tbx11k,7946
data/raw/tbx11k-simplified/images/h3909.png,0,tbx11k,7947
data/raw/tbx11k-simplified/images/h3911.png,0,tbx11k,7949
data/raw/tbx11k-simplified/images/h3912.png,0,tbx11k,7950
data/raw/tbx11k-simplified/images/h3913.png,0,tbx11k,7951
data/raw/tbx11k-simplified/images/h3915.png,0,tbx11k,7952
data/raw/tbx11k-simplified/images/h3917.png,0,tbx11k,7954
data/raw/tbx11k-simplified/images/h3918.png,0,tbx11k,7955
data/raw/tbx11k-simplified/images/h3919.png,0,tbx11k,7956
data/raw/tbx11k-simplified/images/h3920.png,0,tbx11k,7957
data/raw/tbx11k-simplified/images/h3921.png,0,tbx11k,7958
data/raw/tbx11k-simplified/images/h3922.png,0,tbx11k,7959
data/raw/tbx11k-simplified/images/h3923.png,0,tbx11k,7960
data/raw/tbx11k-simplified/images/h3925.png,0,tbx11k,7962
data/raw/tbx11k-simplified/images/h3927.png,0,tbx11k,7963
data/raw/tbx11k-simplified/images/h3929.png,0,tbx11k,7965
data/raw/tbx11k-simplified/images/h3934.png,0,tbx11k,7968
data/raw/tbx11k-simplified/images/h3935.png,0,tbx11k,7969
data/raw/tbx11k-simplified/images/h3936.png,0,tbx11k,7970
data/raw/tbx11k-simplified/images/h3937.png,0,tbx11k,7971
data/raw/tbx11k-simplified/images/h3938.png,0,tbx11k,7972
data/raw/tbx11k-simplified/images/h3941.png,0,tbx11k,7974
data/raw/tbx11k-simplified/images/h3942.png,0,tbx11k,7975
data/raw/tbx11k-simplified/images/h3944.png,0,tbx11k,7976
data/raw/tbx11k-simplified/images/h3948.png,0,tbx11k,7979
data/raw/tbx11k-simplified/images/h3950.png,0,tbx11k,7980
data/raw/tbx11k-simplified/images/h3951.png,0,tbx11k,7981
data/raw/tbx11k-simplified/images/h3952.png,0,tbx11k,7982
data/raw/tbx11k-simplified/images/h3953.png,0,tbx11k,7983
data/raw/tbx11k-simplified/images/h3954.png,0,tbx11k,7984
data/raw/tbx11k-simplified/images/h3955.png,0,tbx11k,7985
data/raw/tbx11k-simplified/images/h3956.png,0,tbx11k,7986
data/raw/tbx11k-simplified/images/h3958.png,0,tbx11k,7987
data/raw/tbx11k-simplified/images/h3960.png,0,tbx11k,7988
data/raw/tbx11k-simplified/images/h3961.png,0,tbx11k,7989
data/raw/tbx11k-simplified/images/h3962.png,0,tbx11k,7990
data/raw/tbx11k-simplified/images/h3963.png,0,tbx11k,7991
data/raw/tbx11k-simplified/images/h3964.png,0,tbx11k,7992
data/raw/tbx11k-simplified/images/h3966.png,0,tbx11k,7993
data/raw/tbx11k-simplified/images/h3967.png,0,tbx11k,7994
data/raw/tbx11k-simplified/images/h3968.png,0,tbx11k,7995
data/raw/tbx11k-simplified/images/h3969.png,0,tbx11k,7996
data/raw/tbx11k-simplified/images/h3971.png,0,tbx11k,7998
data/raw/tbx11k-simplified/images/h3972.png,0,tbx11k,7999
data/raw/tbx11k-simplified/images/h3976.png,0,tbx11k,8002
data/raw/tbx11k-simplified/images/h3977.png,0,tbx11k,8003
data/raw/tbx11k-simplified/images/h3978.png,0,tbx11k,8004
data/raw/tbx11k-simplified/images/h3980.png,0,tbx11k,8005
data/raw/tbx11k-simplified/images/h3982.png,0,tbx11k,8007
data/raw/tbx11k-simplified/images/h3983.png,0,tbx11k,8008
data/raw/tbx11k-simplified/images/h3984.png,0,tbx11k,8009
data/raw/tbx11k-simplified/images/h3985.png,0,tbx11k,8010
data/raw/tbx11k-simplified/images/h3986.png,0,tbx11k,8011
data/raw/tbx11k-simplified/images/h3989.png,0,tbx11k,8013
data/raw/tbx11k-simplified/images/h3990.png,0,tbx11k,8014
data/raw/tbx11k-simplified/images/h3991.png,0,tbx11k,8015
data/raw/tbx11k-simplified/images/h3992.png,0,tbx11k,8016
data/raw/tbx11k-simplified/images/h3993.png,0,tbx11k,8017
data/raw/tbx11k-simplified/images/h3994.png,0,tbx11k,8018
data/raw/tbx11k-simplified/images/h3995.png,0,tbx11k,8019
data/raw/tbx11k-simplified/images/h3996.png,0,tbx11k,8020
data/raw/tbx11k-simplified/images/h3997.png,0,tbx11k,8021
data/raw/tbx11k-simplified/images/h4001.png,0,tbx11k,8023
data/raw/tbx11k-simplified/images/h4002.png,0,tbx11k,8024
data/raw/tbx11k-simplified/images/h4006.png,0,tbx11k,8026
data/raw/tbx11k-simplified/images/h4007.png,0,tbx11k,8027
data/raw/tbx11k-simplified/images/h4008.png,0,tbx11k,8028
data/raw/tbx11k-simplified/images/h4010.png,0,tbx11k,8030
data/raw/tbx11k-simplified/images/h4012.png,0,tbx11k,8031
data/raw/tbx11k-simplified/images/h4013.png,0,tbx11k,8032
data/raw/tbx11k-simplified/images/h4015.png,0,tbx11k,8034
data/raw/tbx11k-simplified/images/h4017.png,0,tbx11k,8035
data/raw/tbx11k-simplified/images/h4018.png,0,tbx11k,8036
data/raw/tbx11k-simplified/images/h4019.png,0,tbx11k,8037
data/raw/tbx11k-simplified/images/h4020.png,0,tbx11k,8038
data/raw/tbx11k-simplified/images/h4022.png,0,tbx11k,8040
data/raw/tbx11k-simplified/images/h4024.png,0,tbx11k,8042
data/raw/tbx11k-simplified/images/h4025.png,0,tbx11k,8043
data/raw/tbx11k-simplified/images/h4026.png,0,tbx11k,8044
data/raw/tbx11k-simplified/images/h4027.png,0,tbx11k,8045
data/raw/tbx11k-simplified/images/h4029.png,0,tbx11k,8046
data/raw/tbx11k-simplified/images/h4030.png,0,tbx11k,8047
data/raw/tbx11k-simplified/images/h4031.png,0,tbx11k,8048
data/raw/tbx11k-simplified/images/h4033.png,0,tbx11k,8049
data/raw/tbx11k-simplified/images/h4034.png,0,tbx11k,8050
data/raw/tbx11k-simplified/images/h4035.png,0,tbx11k,8051
data/raw/tbx11k-simplified/images/h4036.png,0,tbx11k,8052
data/raw/tbx11k-simplified/images/h4037.png,0,tbx11k,8053
data/raw/tbx11k-simplified/images/h4039.png,0,tbx11k,8055
data/raw/tbx11k-simplified/images/h4041.png,0,tbx11k,8056
data/raw/tbx11k-simplified/images/h4042.png,0,tbx11k,8057
data/raw/tbx11k-simplified/images/h4043.png,0,tbx11k,8058
data/raw/tbx11k-simplified/images/h4044.png,0,tbx11k,8059
data/raw/tbx11k-simplified/images/h4045.png,0,tbx11k,8060
data/raw/tbx11k-simplified/images/h4046.png,0,tbx11k,8061
data/raw/tbx11k-simplified/images/h4047.png,0,tbx11k,8062
data/raw/tbx11k-simplified/images/h4048.png,0,tbx11k,8063
data/raw/tbx11k-simplified/images/h4049.png,0,tbx11k,8064
data/raw/tbx11k-simplified/images/h4050.png,0,tbx11k,8065
data/raw/tbx11k-simplified/images/h4052.png,0,tbx11k,8066
data/raw/tbx11k-simplified/images/h4055.png,0,tbx11k,8068
data/raw/tbx11k-simplified/images/h4056.png,0,tbx11k,8069
data/raw/tbx11k-simplified/images/h4057.png,0,tbx11k,8070
data/raw/tbx11k-simplified/images/h4058.png,0,tbx11k,8071
data/raw/tbx11k-simplified/images/h4059.png,0,tbx11k,8072
data/raw/tbx11k-simplified/images/h4061.png,0,tbx11k,8073
data/raw/tbx11k-simplified/images/h4062.png,0,tbx11k,8074
data/raw/tbx11k-simplified/images/h4064.png,0,tbx11k,8076
data/raw/tbx11k-simplified/images/h4068.png,0,tbx11k,8079
data/raw/tbx11k-simplified/images/h4073.png,0,tbx11k,8080
data/raw/tbx11k-simplified/images/h4074.png,0,tbx11k,8081
data/raw/tbx11k-simplified/images/h4075.png,0,tbx11k,8082
data/raw/tbx11k-simplified/images/h4076.png,0,tbx11k,8083
data/raw/tbx11k-simplified/images/h4078.png,0,tbx11k,8084
data/raw/tbx11k-simplified/images/h4080.png,0,tbx11k,8086
data/raw/tbx11k-simplified/images/h4081.png,0,tbx11k,8087
data/raw/tbx11k-simplified/images/h4082.png,0,tbx11k,8088
data/raw/tbx11k-simplified/images/h4084.png,0,tbx11k,8089
data/raw/tbx11k-simplified/images/h4086.png,0,tbx11k,8090
data/raw/tbx11k-simplified/images/h4087.png,0,tbx11k,8091
data/raw/tbx11k-simplified/images/h4090.png,0,tbx11k,8093
data/raw/tbx11k-simplified/images/h4091.png,0,tbx11k,8094
data/raw/tbx11k-simplified/images/h4093.png,0,tbx11k,8096
data/raw/tbx11k-simplified/images/h4095.png,0,tbx11k,8097
data/raw/tbx11k-simplified/images/h4097.png,0,tbx11k,8099
data/raw/tbx11k-simplified/images/h4098.png,0,tbx11k,8100
data/raw/tbx11k-simplified/images/h4099.png,0,tbx11k,8101
data/raw/tbx11k-simplified/images/h4100.png,0,tbx11k,8102
data/raw/tbx11k-simplified/images/h4102.png,0,tbx11k,8103
data/raw/tbx11k-simplified/images/h4108.png,0,tbx11k,8104
data/raw/tbx11k-simplified/images/h4109.png,0,tbx11k,8105
data/raw/tbx11k-simplified/images/h4110.png,0,tbx11k,8106
data/raw/tbx11k-simplified/images/h4111.png,0,tbx11k,8107
data/raw/tbx11k-simplified/images/h4112.png,0,tbx11k,8108
data/raw/tbx11k-simplified/images/h4113.png,0,tbx11k,8109
data/raw/tbx11k-simplified/images/h4114.png,0,tbx11k,8110
data/raw/tbx11k-simplified/images/h4115.png,0,tbx11k,8111
data/raw/tbx11k-simplified/images/h4116.png,0,tbx11k,8112
data/raw/tbx11k-simplified/images/h4117.png,0,tbx11k,8113
data/raw/tbx11k-simplified/images/h4118.png,0,tbx11k,8114
data/raw/tbx11k-simplified/images/h4119.png,0,tbx11k,8115
data/raw/tbx11k-simplified/images/h4120.png,0,tbx11k,8116
data/raw/tbx11k-simplified/images/h4123.png,0,tbx11k,8118
data/raw/tbx11k-simplified/images/h4124.png,0,tbx11k,8119
data/raw/tbx11k-simplified/images/h4127.png,0,tbx11k,8120
data/raw/tbx11k-simplified/images/h4130.png,0,tbx11k,8121
data/raw/tbx11k-simplified/images/h4131.png,0,tbx11k,8122
data/raw/tbx11k-simplified/images/h4133.png,0,tbx11k,8123
data/raw/tbx11k-simplified/images/h4135.png,0,tbx11k,8124
data/raw/tbx11k-simplified/images/h4136.png,0,tbx11k,8125
data/raw/tbx11k-simplified/images/h4138.png,0,tbx11k,8126
data/raw/tbx11k-simplified/images/h4139.png,0,tbx11k,8127
data/raw/tbx11k-simplified/images/h4142.png,0,tbx11k,8128
data/raw/tbx11k-simplified/images/h4143.png,0,tbx11k,8129
data/raw/tbx11k-simplified/images/h4144.png,0,tbx11k,8130
data/raw/tbx11k-simplified/images/h4145.png,0,tbx11k,8131
data/raw/tbx11k-simplified/images/h4147.png,0,tbx11k,8132
data/raw/tbx11k-simplified/images/h4148.png,0,tbx11k,8133
data/raw/tbx11k-simplified/images/h4149.png,0,tbx11k,8134
data/raw/tbx11k-simplified/images/h4151.png,0,tbx11k,8135
data/raw/tbx11k-simplified/images/h4153.png,0,tbx11k,8137
data/raw/tbx11k-simplified/images/h4154.png,0,tbx11k,8138
data/raw/tbx11k-simplified/images/h4155.png,0,tbx11k,8139
data/raw/tbx11k-simplified/images/h4157.png,0,tbx11k,8140
data/raw/tbx11k-simplified/images/h4159.png,0,tbx11k,8142
data/raw/tbx11k-simplified/images/h4160.png,0,tbx11k,8143
data/raw/tbx11k-simplified/images/h4161.png,0,tbx11k,8144
data/raw/tbx11k-simplified/images/h4162.png,0,tbx11k,8145
data/raw/tbx11k-simplified/images/h4163.png,0,tbx11k,8146
data/raw/tbx11k-simplified/images/h4164.png,0,tbx11k,8147
data/raw/tbx11k-simplified/images/h4165.png,0,tbx11k,8148
data/raw/tbx11k-simplified/images/h4167.png,0,tbx11k,8150
data/raw/tbx11k-simplified/images/h4168.png,0,tbx11k,8151
data/raw/tbx11k-simplified/images/h4169.png,0,tbx11k,8152
data/raw/tbx11k-simplified/images/h4172.png,0,tbx11k,8154
data/raw/tbx11k-simplified/images/h4173.png,0,tbx11k,8155
data/raw/tbx11k-simplified/images/h4174.png,0,tbx11k,8156
data/raw/tbx11k-simplified/images/h4178.png,0,tbx11k,8158
data/raw/tbx11k-simplified/images/h4179.png,0,tbx11k,8159
data/raw/tbx11k-simplified/images/h4180.png,0,tbx11k,8160
data/raw/tbx11k-simplified/images/h4183.png,0,tbx11k,8161
data/raw/tbx11k-simplified/images/h4184.png,0,tbx11k,8162
data/raw/tbx11k-simplified/images/h4186.png,0,tbx11k,8164
data/raw/tbx11k-simplified/images/h4187.png,0,tbx11k,8165
data/raw/tbx11k-simplified/images/h4188.png,0,tbx11k,8166
data/raw/tbx11k-simplified/images/h4189.png,0,tbx11k,8167
data/raw/tbx11k-simplified/images/h4191.png,0,tbx11k,8168
data/raw/tbx11k-simplified/images/h4192.png,0,tbx11k,8169
data/raw/tbx11k-simplified/images/h4193.png,0,tbx11k,8170
data/raw/tbx11k-simplified/images/h4196.png,0,tbx11k,8172
data/raw/tbx11k-simplified/images/h4198.png,0,tbx11k,8174
data/raw/tbx11k-simplified/images/h4201.png,0,tbx11k,8175
data/raw/tbx11k-simplified/images/h4203.png,0,tbx11k,8176
data/raw/tbx11k-simplified/images/h4204.png,0,tbx11k,8177
data/raw/tbx11k-simplified/images/h4205.png,0,tbx11k,8178
data/raw/tbx11k-simplified/images/h4206.png,0,tbx11k,8179
data/raw/tbx11k-simplified/images/h4207.png,0,tbx11k,8180
data/raw/tbx11k-simplified/images/h4212.png,0,tbx11k,8183
data/raw/tbx11k-simplified/images/h4213.png,0,tbx11k,8184
data/raw/tbx11k-simplified/images/h4215.png,0,tbx11k,8186
data/raw/tbx11k-simplified/images/h4216.png,0,tbx11k,8187
data/raw/tbx11k-simplified/images/h4218.png,0,tbx11k,8189
data/raw/tbx11k-simplified/images/h4219.png,0,tbx11k,8190
data/raw/tbx11k-simplified/images/h4220.png,0,tbx11k,8191
data/raw/tbx11k-simplified/images/h4222.png,0,tbx11k,8193
data/raw/tbx11k-simplified/images/h4223.png,0,tbx11k,8194
data/raw/tbx11k-simplified/images/h4227.png,0,tbx11k,8197
data/raw/tbx11k-simplified/images/h4228.png,0,tbx11k,8198
data/raw/tbx11k-simplified/images/h4229.png,0,tbx11k,8199
data/raw/tbx11k-simplified/images/h4230.png,0,tbx11k,8200
data/raw/tbx11k-simplified/images/h4231.png,0,tbx11k,8201
data/raw/tbx11k-simplified/images/h4233.png,0,tbx11k,8202
data/raw/tbx11k-simplified/images/h4235.png,0,tbx11k,8204
data/raw/tbx11k-simplified/images/h4236.png,0,tbx11k,8205
data/raw/tbx11k-simplified/images/h4237.png,0,tbx11k,8206
data/raw/tbx11k-simplified/images/h4238.png,0,tbx11k,8207
data/raw/tbx11k-simplified/images/h4241.png,0,tbx11k,8209
data/raw/tbx11k-simplified/images/h4244.png,0,tbx11k,8210
data/raw/tbx11k-simplified/images/h4245.png,0,tbx11k,8211
data/raw/tbx11k-simplified/images/h4246.png,0,tbx11k,8212
data/raw/tbx11k-simplified/images/h4247.png,0,tbx11k,8213
data/raw/tbx11k-simplified/images/h4250.png,0,tbx11k,8214
data/raw/tbx11k-simplified/images/h4251.png,0,tbx11k,8215
data/raw/tbx11k-simplified/images/h4253.png,0,tbx11k,8217
data/raw/tbx11k-simplified/images/h4255.png,0,tbx11k,8219
data/raw/tbx11k-simplified/images/h4256.png,0,tbx11k,8220
data/raw/tbx11k-simplified/images/h4257.png,0,tbx11k,8221
data/raw/tbx11k-simplified/images/h4259.png,0,tbx11k,8223
data/raw/tbx11k-simplified/images/h4260.png,0,tbx11k,8224
data/raw/tbx11k-simplified/images/h4263.png,0,tbx11k,8227
data/raw/tbx11k-simplified/images/h4266.png,0,tbx11k,8229
data/raw/tbx11k-simplified/images/h4269.png,0,tbx11k,8232
data/raw/tbx11k-simplified/images/h4270.png,0,tbx11k,8233
data/raw/tbx11k-simplified/images/h4273.png,0,tbx11k,8235
data/raw/tbx11k-simplified/images/h4275.png,0,tbx11k,8236
data/raw/tbx11k-simplified/images/h4276.png,0,tbx11k,8237
data/raw/tbx11k-simplified/images/h4278.png,0,tbx11k,8238
data/raw/tbx11k-simplified/images/h4279.png,0,tbx11k,8239
data/raw/tbx11k-simplified/images/h4280.png,0,tbx11k,8240
data/raw/tbx11k-simplified/images/h4281.png,0,tbx11k,8241
data/raw/tbx11k-simplified/images/h4283.png,0,tbx11k,8242
data/raw/tbx11k-simplified/images/h4286.png,0,tbx11k,8243
data/raw/tbx11k-simplified/images/h4287.png,0,tbx11k,8244
data/raw/tbx11k-simplified/images/h4293.png,0,tbx11k,8249
data/raw/tbx11k-simplified/images/h4294.png,0,tbx11k,8250
data/raw/tbx11k-simplified/images/h4297.png,0,tbx11k,8251
data/raw/tbx11k-simplified/images/h4298.png,0,tbx11k,8252
data/raw/tbx11k-simplified/images/h4299.png,0,tbx11k,8253
data/raw/tbx11k-simplified/images/h4300.png,0,tbx11k,8254
data/raw/tbx11k-simplified/images/h4302.png,0,tbx11k,8255
data/raw/tbx11k-simplified/images/h4304.png,0,tbx11k,8256
data/raw/tbx11k-simplified/images/h4305.png,0,tbx11k,8257
data/raw/tbx11k-simplified/images/h4306.png,0,tbx11k,8258
data/raw/tbx11k-simplified/images/h4307.png,0,tbx11k,8259
data/raw/tbx11k-simplified/images/h4308.png,0,tbx11k,8260
data/raw/tbx11k-simplified/images/h4309.png,0,tbx11k,8261
data/raw/tbx11k-simplified/images/h4311.png,0,tbx11k,8263
data/raw/tbx11k-simplified/images/h4313.png,0,tbx11k,8264
data/raw/tbx11k-simplified/images/h4314.png,0,tbx11k,8265
data/raw/tbx11k-simplified/images/h4318.png,0,tbx11k,8268
data/raw/tbx11k-simplified/images/h4319.png,0,tbx11k,8269
data/raw/tbx11k-simplified/images/h4320.png,0,tbx11k,8270
data/raw/tbx11k-simplified/images/h4321.png,0,tbx11k,8271
data/raw/tbx11k-simplified/images/h4326.png,0,tbx11k,8273
data/raw/tbx11k-simplified/images/h4327.png,0,tbx11k,8274
data/raw/tbx11k-simplified/images/h4328.png,0,tbx11k,8275
data/raw/tbx11k-simplified/images/h4329.png,0,tbx11k,8276
data/raw/tbx11k-simplified/images/h4330.png,0,tbx11k,8277
data/raw/tbx11k-simplified/images/h4332.png,0,tbx11k,8278
data/raw/tbx11k-simplified/images/h4335.png,0,tbx11k,8279
data/raw/tbx11k-simplified/images/h4336.png,0,tbx11k,8280
data/raw/tbx11k-simplified/images/h4337.png,0,tbx11k,8281
data/raw/tbx11k-simplified/images/h4338.png,0,tbx11k,8282
data/raw/tbx11k-simplified/images/h4339.png,0,tbx11k,8283
data/raw/tbx11k-simplified/images/h4342.png,0,tbx11k,8286
data/raw/tbx11k-simplified/images/h4343.png,0,tbx11k,8287
data/raw/tbx11k-simplified/images/h4344.png,0,tbx11k,8288
data/raw/tbx11k-simplified/images/h4345.png,0,tbx11k,8289
data/raw/tbx11k-simplified/images/h4348.png,0,tbx11k,8291
data/raw/tbx11k-simplified/images/h4349.png,0,tbx11k,8292
data/raw/tbx11k-simplified/images/h4350.png,0,tbx11k,8293
data/raw/tbx11k-simplified/images/h4351.png,0,tbx11k,8294
data/raw/tbx11k-simplified/images/h4352.png,0,tbx11k,8295
data/raw/tbx11k-simplified/images/h4356.png,0,tbx11k,8297
data/raw/tbx11k-simplified/images/h4357.png,0,tbx11k,8298
data/raw/tbx11k-simplified/images/h4358.png,0,tbx11k,8299
data/raw/tbx11k-simplified/images/h4359.png,0,tbx11k,8300
data/raw/tbx11k-simplified/images/h4360.png,0,tbx11k,8301
data/raw/tbx11k-simplified/images/h4361.png,0,tbx11k,8302
data/raw/tbx11k-simplified/images/h4362.png,0,tbx11k,8303
data/raw/tbx11k-simplified/images/h4363.png,0,tbx11k,8304
data/raw/tbx11k-simplified/images/h4366.png,0,tbx11k,8306
data/raw/tbx11k-simplified/images/h4367.png,0,tbx11k,8307
data/raw/tbx11k-simplified/images/h4368.png,0,tbx11k,8308
data/raw/tbx11k-simplified/images/h4369.png,0,tbx11k,8309
data/raw/tbx11k-simplified/images/h4372.png,0,tbx11k,8312
data/raw/tbx11k-simplified/images/h4373.png,0,tbx11k,8313
data/raw/tbx11k-simplified/images/h4374.png,0,tbx11k,8314
data/raw/tbx11k-simplified/images/h4375.png,0,tbx11k,8315
data/raw/tbx11k-simplified/images/h4380.png,0,tbx11k,8319
data/raw/tbx11k-simplified/images/h4381.png,0,tbx11k,8320
data/raw/tbx11k-simplified/images/h4382.png,0,tbx11k,8321
data/raw/tbx11k-simplified/images/h4383.png,0,tbx11k,8322
data/raw/tbx11k-simplified/images/h4386.png,0,tbx11k,8323
data/raw/tbx11k-simplified/images/h4389.png,0,tbx11k,8326
data/raw/tbx11k-simplified/images/h4390.png,0,tbx11k,8327
data/raw/tbx11k-simplified/images/h4393.png,0,tbx11k,8330
data/raw/tbx11k-simplified/images/h4394.png,0,tbx11k,8331
data/raw/tbx11k-simplified/images/h4395.png,0,tbx11k,8332
data/raw/tbx11k-simplified/images/h4397.png,0,tbx11k,8334
data/raw/tbx11k-simplified/images/h4399.png,0,tbx11k,8335
data/raw/tbx11k-simplified/images/h4402.png,0,tbx11k,8337
data/raw/tbx11k-simplified/images/h4403.png,0,tbx11k,8338
data/raw/tbx11k-simplified/images/h4404.png,0,tbx11k,8339
data/raw/tbx11k-simplified/images/h4406.png,0,tbx11k,8340
data/raw/tbx11k-simplified/images/h4407.png,0,tbx11k,8341
data/raw/tbx11k-simplified/images/h4410.png,0,tbx11k,8343
data/raw/tbx11k-simplified/images/h4413.png,0,tbx11k,8344
data/raw/tbx11k-simplified/images/h4418.png,0,tbx11k,8347
data/raw/tbx11k-simplified/images/h4419.png,0,tbx11k,8348
data/raw/tbx11k-simplified/images/h4420.png,0,tbx11k,8349
data/raw/tbx11k-simplified/images/h4421.png,0,tbx11k,8350
data/raw/tbx11k-simplified/images/h4422.png,0,tbx11k,8351
data/raw/tbx11k-simplified/images/h4423.png,0,tbx11k,8352
data/raw/tbx11k-simplified/images/h4427.png,0,tbx11k,8354
data/raw/tbx11k-simplified/images/h4428.png,0,tbx11k,8355
data/raw/tbx11k-simplified/images/h4429.png,0,tbx11k,8356
data/raw/tbx11k-simplified/images/h4433.png,0,tbx11k,8359
data/raw/tbx11k-simplified/images/h4434.png,0,tbx11k,8360
data/raw/tbx11k-simplified/images/h4435.png,0,tbx11k,8361
data/raw/tbx11k-simplified/images/h4438.png,0,tbx11k,8364
data/raw/tbx11k-simplified/images/h4439.png,0,tbx11k,8365
data/raw/tbx11k-simplified/images/h4440.png,0,tbx11k,8366
data/raw/tbx11k-simplified/images/h4441.png,0,tbx11k,8367
data/raw/tbx11k-simplified/images/h4443.png,0,tbx11k,8368
data/raw/tbx11k-simplified/images/h4446.png,0,tbx11k,8370
data/raw/tbx11k-simplified/images/h4447.png,0,tbx11k,8371
data/raw/tbx11k-simplified/images/h4449.png,0,tbx11k,8372
data/raw/tbx11k-simplified/images/h4451.png,0,tbx11k,8374
data/raw/tbx11k-simplified/images/h4452.png,0,tbx11k,8375
data/raw/tbx11k-simplified/images/h4454.png,0,tbx11k,8377
data/raw/tbx11k-simplified/images/h4455.png,0,tbx11k,8378
data/raw/tbx11k-simplified/images/h4456.png,0,tbx11k,8379
data/raw/tbx11k-simplified/images/h4457.png,0,tbx11k,8380
data/raw/tbx11k-simplified/images/h4458.png,0,tbx11k,8381
data/raw/tbx11k-simplified/images/h4460.png,0,tbx11k,8383
data/raw/tbx11k-simplified/images/h4461.png,0,tbx11k,8384
data/raw/tbx11k-simplified/images/h4463.png,0,tbx11k,8386
data/raw/tbx11k-simplified/images/h4466.png,0,tbx11k,8387
data/raw/tbx11k-simplified/images/h4467.png,0,tbx11k,8388
data/raw/tbx11k-simplified/images/h4468.png,0,tbx11k,8389
data/raw/tbx11k-simplified/images/h4474.png,0,tbx11k,8392
data/raw/tbx11k-simplified/images/h4479.png,0,tbx11k,8395
data/raw/tbx11k-simplified/images/h4480.png,0,tbx11k,8396
data/raw/tbx11k-simplified/images/h4481.png,0,tbx11k,8397
data/raw/tbx11k-simplified/images/h4483.png,0,tbx11k,8398
data/raw/tbx11k-simplified/images/h4484.png,0,tbx11k,8399
data/raw/tbx11k-simplified/images/h4486.png,0,tbx11k,8401
data/raw/tbx11k-simplified/images/h4487.png,0,tbx11k,8402
data/raw/tbx11k-simplified/images/h4488.png,0,tbx11k,8403
data/raw/tbx11k-simplified/images/h4489.png,0,tbx11k,8404
data/raw/tbx11k-simplified/images/h4490.png,0,tbx11k,8405
data/raw/tbx11k-simplified/images/h4491.png,0,tbx11k,8406
data/raw/tbx11k-simplified/images/h4493.png,0,tbx11k,8407
data/raw/tbx11k-simplified/images/h4496.png,0,tbx11k,8409
data/raw/tbx11k-simplified/images/h4497.png,0,tbx11k,8410
data/raw/tbx11k-simplified/images/h4498.png,0,tbx11k,8411
data/raw/tbx11k-simplified/images/h4499.png,0,tbx11k,8412
data/raw/tbx11k-simplified/images/h4500.png,0,tbx11k,8413
data/raw/tbx11k-simplified/images/h4501.png,0,tbx11k,8414
data/raw/tbx11k-simplified/images/h4502.png,0,tbx11k,8415
data/raw/tbx11k-simplified/images/h4503.png,0,tbx11k,8416
data/raw/tbx11k-simplified/images/h4504.png,0,tbx11k,8417
data/raw/tbx11k-simplified/images/h4505.png,0,tbx11k,8418
data/raw/tbx11k-simplified/images/h4506.png,0,tbx11k,8419
data/raw/tbx11k-simplified/images/h4507.png,0,tbx11k,8420
data/raw/tbx11k-simplified/images/h4508.png,0,tbx11k,8421
data/raw/tbx11k-simplified/images/h4511.png,0,tbx11k,8423
data/raw/tbx11k-simplified/images/h4514.png,0,tbx11k,8424
data/raw/tbx11k-simplified/images/h4515.png,0,tbx11k,8425
data/raw/tbx11k-simplified/images/h4516.png,0,tbx11k,8426
data/raw/tbx11k-simplified/images/h4517.png,0,tbx11k,8427
data/raw/tbx11k-simplified/images/h4518.png,0,tbx11k,8428
data/raw/tbx11k-simplified/images/h4519.png,0,tbx11k,8429
data/raw/tbx11k-simplified/images/h4522.png,0,tbx11k,8431
data/raw/tbx11k-simplified/images/h4524.png,0,tbx11k,8433
data/raw/tbx11k-simplified/images/h4527.png,0,tbx11k,8435
data/raw/tbx11k-simplified/images/h4530.png,0,tbx11k,8436
data/raw/tbx11k-simplified/images/h4531.png,0,tbx11k,8437
data/raw/tbx11k-simplified/images/h4533.png,0,tbx11k,8438
data/raw/tbx11k-simplified/images/h4536.png,0,tbx11k,8441
data/raw/tbx11k-simplified/images/h4538.png,0,tbx11k,8442
data/raw/tbx11k-simplified/images/h4540.png,0,tbx11k,8443
data/raw/tbx11k-simplified/images/h4541.png,0,tbx11k,8444
data/raw/tbx11k-simplified/images/h4542.png,0,tbx11k,8445
data/raw/tbx11k-simplified/images/h4547.png,0,tbx11k,8448
data/raw/tbx11k-simplified/images/h4548.png,0,tbx11k,8449
data/raw/tbx11k-simplified/images/h4549.png,0,tbx11k,8450
data/raw/tbx11k-simplified/images/h4555.png,0,tbx11k,8453
data/raw/tbx11k-simplified/images/h4557.png,0,tbx11k,8454
data/raw/tbx11k-simplified/images/h4558.png,0,tbx11k,8455
data/raw/tbx11k-simplified/images/h4559.png,0,tbx11k,8456
data/raw/tbx11k-simplified/images/h4562.png,0,tbx11k,8458
data/raw/tbx11k-simplified/images/h4564.png,0,tbx11k,8460
data/raw/tbx11k-simplified/images/h4565.png,0,tbx11k,8461
data/raw/tbx11k-simplified/images/h4567.png,0,tbx11k,8463
data/raw/tbx11k-simplified/images/h4568.png,0,tbx11k,8464
data/raw/tbx11k-simplified/images/h4569.png,0,tbx11k,8465
data/raw/tbx11k-simplified/images/h4570.png,0,tbx11k,8466
data/raw/tbx11k-simplified/images/h4572.png,0,tbx11k,8468
data/raw/tbx11k-simplified/images/h4573.png,0,tbx11k,8469
data/raw/tbx11k-simplified/images/h4575.png,0,tbx11k,8471
data/raw/tbx11k-simplified/images/h4576.png,0,tbx11k,8472
data/raw/tbx11k-simplified/images/h4579.png,0,tbx11k,8473
data/raw/tbx11k-simplified/images/h4580.png,0,tbx11k,8474
data/raw/tbx11k-simplified/images/h4582.png,0,tbx11k,8476
data/raw/tbx11k-simplified/images/h4585.png,0,tbx11k,8479
data/raw/tbx11k-simplified/images/h4586.png,0,tbx11k,8480
data/raw/tbx11k-simplified/images/h4588.png,0,tbx11k,8481
data/raw/tbx11k-simplified/images/h4591.png,0,tbx11k,8482
data/raw/tbx11k-simplified/images/h4595.png,0,tbx11k,8486
data/raw/tbx11k-simplified/images/h4596.png,0,tbx11k,8487
data/raw/tbx11k-simplified/images/h4598.png,0,tbx11k,8488
data/raw/tbx11k-simplified/images/h4602.png,0,tbx11k,8491
data/raw/tbx11k-simplified/images/h4605.png,0,tbx11k,8492
data/raw/tbx11k-simplified/images/h4607.png,0,tbx11k,8493
data/raw/tbx11k-simplified/images/h4608.png,0,tbx11k,8494
data/raw/tbx11k-simplified/images/h4609.png,0,tbx11k,8495
data/raw/tbx11k-simplified/images/h4610.png,0,tbx11k,8496
data/raw/tbx11k-simplified/images/h4612.png,0,tbx11k,8498
data/raw/tbx11k-simplified/images/h4614.png,0,tbx11k,8500
data/raw/tbx11k-simplified/images/h4615.png,0,tbx11k,8501
data/raw/tbx11k-simplified/images/h4617.png,0,tbx11k,8503
data/raw/tbx11k-simplified/images/h4618.png,0,tbx11k,8504
data/raw/tbx11k-simplified/images/h4620.png,0,tbx11k,8506
data/raw/tbx11k-simplified/images/h4621.png,0,tbx11k,8507
data/raw/tbx11k-simplified/images/h4622.png,0,tbx11k,8508
data/raw/tbx11k-simplified/images/h4624.png,0,tbx11k,8509
data/raw/tbx11k-simplified/images/h4626.png,0,tbx11k,8511
data/raw/tbx11k-simplified/images/h4627.png,0,tbx11k,8512
data/raw/tbx11k-simplified/images/h4629.png,0,tbx11k,8513
data/raw/tbx11k-simplified/images/h4630.png,0,tbx11k,8514
data/raw/tbx11k-simplified/images/h4631.png,0,tbx11k,8515
data/raw/tbx11k-simplified/images/h4634.png,0,tbx11k,8516
data/raw/tbx11k-simplified/images/h4637.png,0,tbx11k,8518
data/raw/tbx11k-simplified/images/h4638.png,0,tbx11k,8519
data/raw/tbx11k-simplified/images/h4639.png,0,tbx11k,8520
data/raw/tbx11k-simplified/images/h4646.png,0,tbx11k,8522
data/raw/tbx11k-simplified/images/h4648.png,0,tbx11k,8524
data/raw/tbx11k-simplified/images/h4649.png,0,tbx11k,8525
data/raw/tbx11k-simplified/images/h4650.png,0,tbx11k,8526
data/raw/tbx11k-simplified/images/h4651.png,0,tbx11k,8527
data/raw/tbx11k-simplified/images/h4652.png,0,tbx11k,8528
data/raw/tbx11k-simplified/images/h4653.png,0,tbx11k,8529
data/raw/tbx11k-simplified/images/h4655.png,0,tbx11k,8530
data/raw/tbx11k-simplified/images/h4657.png,0,tbx11k,8531
data/raw/tbx11k-simplified/images/h4658.png,0,tbx11k,8532
data/raw/tbx11k-simplified/images/h4659.png,0,tbx11k,8533
data/raw/tbx11k-simplified/images/h4660.png,0,tbx11k,8534
data/raw/tbx11k-simplified/images/h4661.png,0,tbx11k,8535
data/raw/tbx11k-simplified/images/h4663.png,0,tbx11k,8536
data/raw/tbx11k-simplified/images/h4664.png,0,tbx11k,8537
data/raw/tbx11k-simplified/images/h4665.png,0,tbx11k,8538
data/raw/tbx11k-simplified/images/h4666.png,0,tbx11k,8539
data/raw/tbx11k-simplified/images/h4667.png,0,tbx11k,8540
data/raw/tbx11k-simplified/images/h4670.png,0,tbx11k,8542
data/raw/tbx11k-simplified/images/h4671.png,0,tbx11k,8543
data/raw/tbx11k-simplified/images/h4672.png,0,tbx11k,8544
data/raw/tbx11k-simplified/images/h4673.png,0,tbx11k,8545
data/raw/tbx11k-simplified/images/h4674.png,0,tbx11k,8546
data/raw/tbx11k-simplified/images/h4675.png,0,tbx11k,8547
data/raw/tbx11k-simplified/images/h4676.png,0,tbx11k,8548
data/raw/tbx11k-simplified/images/h4677.png,0,tbx11k,8549
data/raw/tbx11k-simplified/images/h4678.png,0,tbx11k,8550
data/raw/tbx11k-simplified/images/h4679.png,0,tbx11k,8551
data/raw/tbx11k-simplified/images/h4680.png,0,tbx11k,8552
data/raw/tbx11k-simplified/images/h4684.png,0,tbx11k,8556
data/raw/tbx11k-simplified/images/h4686.png,0,tbx11k,8557
data/raw/tbx11k-simplified/images/h4687.png,0,tbx11k,8558
data/raw/tbx11k-simplified/images/h4691.png,0,tbx11k,8560
data/raw/tbx11k-simplified/images/h4692.png,0,tbx11k,8561
data/raw/tbx11k-simplified/images/h4693.png,0,tbx11k,8562
data/raw/tbx11k-simplified/images/h4695.png,0,tbx11k,8564
data/raw/tbx11k-simplified/images/h4696.png,0,tbx11k,8565
data/raw/tbx11k-simplified/images/h4697.png,0,tbx11k,8566
data/raw/tbx11k-simplified/images/h4698.png,0,tbx11k,8567
data/raw/tbx11k-simplified/images/h4699.png,0,tbx11k,8568
data/raw/tbx11k-simplified/images/h4702.png,0,tbx11k,8570
data/raw/tbx11k-simplified/images/h4704.png,0,tbx11k,8571
data/raw/tbx11k-simplified/images/h4705.png,0,tbx11k,8572
data/raw/tbx11k-simplified/images/h4707.png,0,tbx11k,8573
data/raw/tbx11k-simplified/images/h4708.png,0,tbx11k,8574
data/raw/tbx11k-simplified/images/h4709.png,0,tbx11k,8575
data/raw/tbx11k-simplified/images/h4711.png,0,tbx11k,8576
data/raw/tbx11k-simplified/images/h4712.png,0,tbx11k,8577
data/raw/tbx11k-simplified/images/h4713.png,0,tbx11k,8578
data/raw/tbx11k-simplified/images/h4714.png,0,tbx11k,8579
data/raw/tbx11k-simplified/images/h4717.png,0,tbx11k,8581
data/raw/tbx11k-simplified/images/h4719.png,0,tbx11k,8582
data/raw/tbx11k-simplified/images/h4720.png,0,tbx11k,8583
data/raw/tbx11k-simplified/images/h4722.png,0,tbx11k,8584
data/raw/tbx11k-simplified/images/h4723.png,0,tbx11k,8585
data/raw/tbx11k-simplified/images/h4724.png,0,tbx11k,8586
data/raw/tbx11k-simplified/images/h4725.png,0,tbx11k,8587
data/raw/tbx11k-simplified/images/h4727.png,0,tbx11k,8588
data/raw/tbx11k-simplified/images/h4728.png,0,tbx11k,8589
data/raw/tbx11k-simplified/images/h4729.png,0,tbx11k,8590
data/raw/tbx11k-simplified/images/h4731.png,0,tbx11k,8591
data/raw/tbx11k-simplified/images/h4734.png,0,tbx11k,8594
data/raw/tbx11k-simplified/images/h4735.png,0,tbx11k,8595
data/raw/tbx11k-simplified/images/h4736.png,0,tbx11k,8596
data/raw/tbx11k-simplified/images/h4738.png,0,tbx11k,8597
data/raw/tbx11k-simplified/images/h4739.png,0,tbx11k,8598
data/raw/tbx11k-simplified/images/h4740.png,0,tbx11k,8599
data/raw/tbx11k-simplified/images/h4741.png,0,tbx11k,8600
data/raw/tbx11k-simplified/images/h4743.png,0,tbx11k,8602
data/raw/tbx11k-simplified/images/h4745.png,0,tbx11k,8604
data/raw/tbx11k-simplified/images/h4746.png,0,tbx11k,8605
data/raw/tbx11k-simplified/images/h4747.png,0,tbx11k,8606
data/raw/tbx11k-simplified/images/h4749.png,0,tbx11k,8607
data/raw/tbx11k-simplified/images/h4751.png,0,tbx11k,8609
data/raw/tbx11k-simplified/images/h4752.png,0,tbx11k,8610
data/raw/tbx11k-simplified/images/h4753.png,0,tbx11k,8611
data/raw/tbx11k-simplified/images/h4755.png,0,tbx11k,8612
data/raw/tbx11k-simplified/images/h4758.png,0,tbx11k,8613
data/raw/tbx11k-simplified/images/h4759.png,0,tbx11k,8614
data/raw/tbx11k-simplified/images/h4761.png,0,tbx11k,8616
data/raw/tbx11k-simplified/images/h4762.png,0,tbx11k,8617
data/raw/tbx11k-simplified/images/h4763.png,0,tbx11k,8618
data/raw/tbx11k-simplified/images/h4764.png,0,tbx11k,8619
data/raw/tbx11k-simplified/images/h4765.png,0,tbx11k,8620
data/raw/tbx11k-simplified/images/h4767.png,0,tbx11k,8622
data/raw/tbx11k-simplified/images/h4768.png,0,tbx11k,8623
data/raw/tbx11k-simplified/images/h4769.png,0,tbx11k,8624
data/raw/tbx11k-simplified/images/h4770.png,0,tbx11k,8625
data/raw/tbx11k-simplified/images/h4771.png,0,tbx11k,8626
data/raw/tbx11k-simplified/images/h4774.png,0,tbx11k,8627
data/raw/tbx11k-simplified/images/h4775.png,0,tbx11k,8628
data/raw/tbx11k-simplified/images/h4777.png,0,tbx11k,8629
data/raw/tbx11k-simplified/images/h4778.png,0,tbx11k,8630
data/raw/tbx11k-simplified/images/h4779.png,0,tbx11k,8631
data/raw/tbx11k-simplified/images/h4780.png,0,tbx11k,8632
data/raw/tbx11k-simplified/images/h4782.png,0,tbx11k,8633
data/raw/tbx11k-simplified/images/h4783.png,0,tbx11k,8634
data/raw/tbx11k-simplified/images/h4784.png,0,tbx11k,8635
data/raw/tbx11k-simplified/images/h4785.png,0,tbx11k,8636
data/raw/tbx11k-simplified/images/h4786.png,0,tbx11k,8637
data/raw/tbx11k-simplified/images/h4789.png,0,tbx11k,8639
data/raw/tbx11k-simplified/images/h4791.png,0,tbx11k,8640
data/raw/tbx11k-simplified/images/h4793.png,0,tbx11k,8642
data/raw/tbx11k-simplified/images/h4794.png,0,tbx11k,8643
data/raw/tbx11k-simplified/images/h4796.png,0,tbx11k,8644
data/raw/tbx11k-simplified/images/h4797.png,0,tbx11k,8645
data/raw/tbx11k-simplified/images/h4799.png,0,tbx11k,8646
data/raw/tbx11k-simplified/images/h4802.png,0,tbx11k,8648
data/raw/tbx11k-simplified/images/h4803.png,0,tbx11k,8649
data/raw/tbx11k-simplified/images/h4806.png,0,tbx11k,8651
data/raw/tbx11k-simplified/images/h4807.png,0,tbx11k,8652
data/raw/tbx11k-simplified/images/h4808.png,0,tbx11k,8653
data/raw/tbx11k-simplified/images/h4810.png,0,tbx11k,8654
data/raw/tbx11k-simplified/images/h4811.png,0,tbx11k,8655
data/raw/tbx11k-simplified/images/h4812.png,0,tbx11k,8656
data/raw/tbx11k-simplified/images/h4813.png,0,tbx11k,8657
data/raw/tbx11k-simplified/images/h4816.png,0,tbx11k,8658
data/raw/tbx11k-simplified/images/h4817.png,0,tbx11k,8659
data/raw/tbx11k-simplified/images/h4818.png,0,tbx11k,8660
data/raw/tbx11k-simplified/images/h4819.png,0,tbx11k,8661
data/raw/tbx11k-simplified/images/h4821.png,0,tbx11k,8663
data/raw/tbx11k-simplified/images/h4824.png,0,tbx11k,8664
data/raw/tbx11k-simplified/images/h4825.png,0,tbx11k,8665
data/raw/tbx11k-simplified/images/h4828.png,0,tbx11k,8666
data/raw/tbx11k-simplified/images/h4829.png,0,tbx11k,8667
data/raw/tbx11k-simplified/images/h4831.png,0,tbx11k,8668
data/raw/tbx11k-simplified/images/h4833.png,0,tbx11k,8669
data/raw/tbx11k-simplified/images/h4834.png,0,tbx11k,8670
data/raw/tbx11k-simplified/images/h4837.png,0,tbx11k,8671
data/raw/tbx11k-simplified/images/h4838.png,0,tbx11k,8672
data/raw/tbx11k-simplified/images/h4840.png,0,tbx11k,8674
data/raw/tbx11k-simplified/images/h4841.png,0,tbx11k,8675
data/raw/tbx11k-simplified/images/h4842.png,0,tbx11k,8676
data/raw/tbx11k-simplified/images/h4844.png,0,tbx11k,8678
data/raw/tbx11k-simplified/images/h4846.png,0,tbx11k,8680
data/raw/tbx11k-simplified/images/h4847.png,0,tbx11k,8681
data/raw/tbx11k-simplified/images/h4852.png,0,tbx11k,8683
data/raw/tbx11k-simplified/images/h4855.png,0,tbx11k,8684
data/raw/tbx11k-simplified/images/h4856.png,0,tbx11k,8685
data/raw/tbx11k-simplified/images/h4857.png,0,tbx11k,8686
data/raw/tbx11k-simplified/images/h4860.png,0,tbx11k,8688
data/raw/tbx11k-simplified/images/h4862.png,0,tbx11k,8690
data/raw/tbx11k-simplified/images/h4864.png,0,tbx11k,8692
data/raw/tbx11k-simplified/images/h4865.png,0,tbx11k,8693
data/raw/tbx11k-simplified/images/h4866.png,0,tbx11k,8694
data/raw/tbx11k-simplified/images/h4867.png,0,tbx11k,8695
data/raw/tbx11k-simplified/images/h4868.png,0,tbx11k,8696
data/raw/tbx11k-simplified/images/h4869.png,0,tbx11k,8697
data/raw/tbx11k-simplified/images/h4870.png,0,tbx11k,8698
data/raw/tbx11k-simplified/images/h4872.png,0,tbx11k,8700
data/raw/tbx11k-simplified/images/h4875.png,0,tbx11k,8702
data/raw/tbx11k-simplified/images/h4876.png,0,tbx11k,8703
data/raw/tbx11k-simplified/images/h4878.png,0,tbx11k,8704
data/raw/tbx11k-simplified/images/h4879.png,0,tbx11k,8705
data/raw/tbx11k-simplified/images/h4881.png,0,tbx11k,8707
data/raw/tbx11k-simplified/images/h4884.png,0,tbx11k,8709
data/raw/tbx11k-simplified/images/h4886.png,0,tbx11k,8710
data/raw/tbx11k-simplified/images/h4887.png,0,tbx11k,8711
data/raw/tbx11k-simplified/images/h4889.png,0,tbx11k,8712
data/raw/tbx11k-simplified/images/h4893.png,0,tbx11k,8713
data/raw/tbx11k-simplified/images/h4895.png,0,tbx11k,8715
data/raw/tbx11k-simplified/images/h4896.png,0,tbx11k,8716
data/raw/tbx11k-simplified/images/h4898.png,0,tbx11k,8717
data/raw/tbx11k-simplified/images/h4899.png,0,tbx11k,8718
data/raw/tbx11k-simplified/images/h4900.png,0,tbx11k,8719
data/raw/tbx11k-simplified/images/h4901.png,0,tbx11k,8720
data/raw/tbx11k-simplified/images/h4902.png,0,tbx11k,8721
data/raw/tbx11k-simplified/images/h4903.png,0,tbx11k,8722
data/raw/tbx11k-simplified/images/h4904.png,0,tbx11k,8723
data/raw/tbx11k-simplified/images/h4905.png,0,tbx11k,8724
data/raw/tbx11k-simplified/images/h4906.png,0,tbx11k,8725
data/raw/tbx11k-simplified/images/h4907.png,0,tbx11k,8726
data/raw/tbx11k-simplified/images/h4908.png,0,tbx11k,8727
data/raw/tbx11k-simplified/images/h4912.png,0,tbx11k,8729
data/raw/tbx11k-simplified/images/h4913.png,0,tbx11k,8730
data/raw/tbx11k-simplified/images/h4914.png,0,tbx11k,8731
data/raw/tbx11k-simplified/images/h4915.png,0,tbx11k,8732
data/raw/tbx11k-simplified/images/h4917.png,0,tbx11k,8733
data/raw/tbx11k-simplified/images/h4919.png,0,tbx11k,8734
data/raw/tbx11k-simplified/images/h4920.png,0,tbx11k,8735
data/raw/tbx11k-simplified/images/h4921.png,0,tbx11k,8736
data/raw/tbx11k-simplified/images/h4922.png,0,tbx11k,8737
data/raw/tbx11k-simplified/images/h4925.png,0,tbx11k,8738
data/raw/tbx11k-simplified/images/h4926.png,0,tbx11k,8739
data/raw/tbx11k-simplified/images/h4928.png,0,tbx11k,8740
data/raw/tbx11k-simplified/images/h4929.png,0,tbx11k,8741
data/raw/tbx11k-simplified/images/h4931.png,0,tbx11k,8743
data/raw/tbx11k-simplified/images/h4933.png,0,tbx11k,8744
data/raw/tbx11k-simplified/images/h4934.png,0,tbx11k,8745
data/raw/tbx11k-simplified/images/h4935.png,0,tbx11k,8746
data/raw/tbx11k-simplified/images/h4937.png,0,tbx11k,8748
data/raw/tbx11k-simplified/images/h4938.png,0,tbx11k,8749
data/raw/tbx11k-simplified/images/h4940.png,0,tbx11k,8751
data/raw/tbx11k-simplified/images/h4942.png,0,tbx11k,8753
data/raw/tbx11k-simplified/images/h4943.png,0,tbx11k,8754
data/raw/tbx11k-simplified/images/h4944.png,0,tbx11k,8755
data/raw/tbx11k-simplified/images/h4945.png,0,tbx11k,8756
data/raw/tbx11k-simplified/images/h4946.png,0,tbx11k,8757
data/raw/tbx11k-simplified/images/h4948.png,0,tbx11k,8758
data/raw/tbx11k-simplified/images/h4949.png,0,tbx11k,8759
data/raw/tbx11k-simplified/images/h4950.png,0,tbx11k,8760
data/raw/tbx11k-simplified/images/h4951.png,0,tbx11k,8761
data/raw/tbx11k-simplified/images/h4952.png,0,tbx11k,8762
data/raw/tbx11k-simplified/images/h4953.png,0,tbx11k,8763
data/raw/tbx11k-simplified/images/h4955.png,0,tbx11k,8765
data/raw/tbx11k-simplified/images/h4956.png,0,tbx11k,8766
data/raw/tbx11k-simplified/images/h4962.png,0,tbx11k,8769
data/raw/tbx11k-simplified/images/h4963.png,0,tbx11k,8770
data/raw/tbx11k-simplified/images/h4967.png,0,tbx11k,8772
data/raw/tbx11k-simplified/images/h4969.png,0,tbx11k,8774
data/raw/tbx11k-simplified/images/h4970.png,0,tbx11k,8775
data/raw/tbx11k-simplified/images/h4973.png,0,tbx11k,8776
data/raw/tbx11k-simplified/images/h4975.png,0,tbx11k,8777
data/raw/tbx11k-simplified/images/h4976.png,0,tbx11k,8778
data/raw/tbx11k-simplified/images/h4977.png,0,tbx11k,8779
data/raw/tbx11k-simplified/images/h4978.png,0,tbx11k,8780
data/raw/tbx11k-simplified/images/h4981.png,0,tbx11k,8782
data/raw/tbx11k-simplified/images/h4982.png,0,tbx11k,8783
data/raw/tbx11k-simplified/images/h4984.png,0,tbx11k,8785
data/raw/tbx11k-simplified/images/h4985.png,0,tbx11k,8786
data/raw/tbx11k-simplified/images/h4986.png,0,tbx11k,8787
data/raw/tbx11k-simplified/images/h4988.png,0,tbx11k,8789
data/raw/tbx11k-simplified/images/h4989.png,0,tbx11k,8790
data/raw/tbx11k-simplified/images/h4990.png,0,tbx11k,8791
data/raw/tbx11k-simplified/images/h4991.png,0,tbx11k,8792
data/raw/tbx11k-simplified/images/h4992.png,0,tbx11k,8793
data/raw/tbx11k-simplified/images/h4994.png,0,tbx11k,8794
data/raw/tbx11k-simplified/images/h4995.png,0,tbx11k,8795
data/raw/tbx11k-simplified/images/h4996.png,0,tbx11k,8796
data/raw/tbx11k-simplified/images/h4998.png,0,tbx11k,8797
data/raw/tbx11k-simplified/images/s0001.png,0,tbx11k,8800
data/raw/tbx11k-simplified/images/s0002.png,0,tbx11k,8801
data/raw/tbx11k-simplified/images/s0003.png,0,tbx11k,8802
data/raw/tbx11k-simplified/images/s0004.png,0,tbx11k,8803
data/raw/tbx11k-simplified/images/s0005.png,0,tbx11k,8804
data/raw/tbx11k-simplified/images/s0006.png,0,tbx11k,8805
data/raw/tbx11k-simplified/images/s0008.png,0,tbx11k,8806
data/raw/tbx11k-simplified/images/s0009.png,0,tbx11k,8807
data/raw/tbx11k-simplified/images/s0011.png,0,tbx11k,8809
data/raw/tbx11k-simplified/images/s0012.png,0,tbx11k,8810
data/raw/tbx11k-simplified/images/s0013.png,0,tbx11k,8811
data/raw/tbx11k-simplified/images/s0015.png,0,tbx11k,8812
data/raw/tbx11k-simplified/images/s0016.png,0,tbx11k,8813
data/raw/tbx11k-simplified/images/s0017.png,0,tbx11k,8814
data/raw/tbx11k-simplified/images/s0019.png,0,tbx11k,8815
data/raw/tbx11k-simplified/images/s0020.png,0,tbx11k,8816
data/raw/tbx11k-simplified/images/s0021.png,0,tbx11k,8817
data/raw/tbx11k-simplified/images/s0023.png,0,tbx11k,8818
data/raw/tbx11k-simplified/images/s0024.png,0,tbx11k,8819
data/raw/tbx11k-simplified/images/s0028.png,0,tbx11k,8820
data/raw/tbx11k-simplified/images/s0029.png,0,tbx11k,8821
data/raw/tbx11k-simplified/images/s0031.png,0,tbx11k,8823
data/raw/tbx11k-simplified/images/s0033.png,0,tbx11k,8824
data/raw/tbx11k-simplified/images/s0034.png,0,tbx11k,8825
data/raw/tbx11k-simplified/images/s0035.png,0,tbx11k,8826
data/raw/tbx11k-simplified/images/s0036.png,0,tbx11k,8827
data/raw/tbx11k-simplified/images/s0041.png,0,tbx11k,8829
data/raw/tbx11k-simplified/images/s0042.png,0,tbx11k,8830
data/raw/tbx11k-simplified/images/s0044.png,0,tbx11k,8831
data/raw/tbx11k-simplified/images/s0045.png,0,tbx11k,8832
data/raw/tbx11k-simplified/images/s0047.png,0,tbx11k,8833
data/raw/tbx11k-simplified/images/s0049.png,0,tbx11k,8834
data/raw/tbx11k-simplified/images/s0050.png,0,tbx11k,8835
data/raw/tbx11k-simplified/images/s0053.png,0,tbx11k,8837
data/raw/tbx11k-simplified/images/s0055.png,0,tbx11k,8839
data/raw/tbx11k-simplified/images/s0057.png,0,tbx11k,8840
data/raw/tbx11k-simplified/images/s0058.png,0,tbx11k,8841
data/raw/tbx11k-simplified/images/s0059.png,0,tbx11k,8842
data/raw/tbx11k-simplified/images/s0060.png,0,tbx11k,8843
data/raw/tbx11k-simplified/images/s0061.png,0,tbx11k,8844
data/raw/tbx11k-simplified/images/s0063.png,0,tbx11k,8846
data/raw/tbx11k-simplified/images/s0064.png,0,tbx11k,8847
data/raw/tbx11k-simplified/images/s0065.png,0,tbx11k,8848
data/raw/tbx11k-simplified/images/s0067.png,0,tbx11k,8850
data/raw/tbx11k-simplified/images/s0068.png,0,tbx11k,8851
data/raw/tbx11k-simplified/images/s0070.png,0,tbx11k,8852
data/raw/tbx11k-simplified/images/s0071.png,0,tbx11k,8853
data/raw/tbx11k-simplified/images/s0073.png,0,tbx11k,8854
data/raw/tbx11k-simplified/images/s0074.png,0,tbx11k,8855
data/raw/tbx11k-simplified/images/s0077.png,0,tbx11k,8856
data/raw/tbx11k-simplified/images/s0078.png,0,tbx11k,8857
data/raw/tbx11k-simplified/images/s0079.png,0,tbx11k,8858
data/raw/tbx11k-simplified/images/s0081.png,0,tbx11k,8859
data/raw/tbx11k-simplified/images/s0082.png,0,tbx11k,8860
data/raw/tbx11k-simplified/images/s0083.png,0,tbx11k,8861
data/raw/tbx11k-simplified/images/s0085.png,0,tbx11k,8862
data/raw/tbx11k-simplified/images/s0086.png,0,tbx11k,8863
data/raw/tbx11k-simplified/images/s0088.png,0,tbx11k,8864
data/raw/tbx11k-simplified/images/s0091.png,0,tbx11k,8867
data/raw/tbx11k-simplified/images/s0092.png,0,tbx11k,8868
data/raw/tbx11k-simplified/images/s0093.png,0,tbx11k,8869
data/raw/tbx11k-simplified/images/s0094.png,0,tbx11k,8870
data/raw/tbx11k-simplified/images/s0095.png,0,tbx11k,8871
data/raw/tbx11k-simplified/images/s0096.png,0,tbx11k,8872
data/raw/tbx11k-simplified/images/s0097.png,0,tbx11k,8873
data/raw/tbx11k-simplified/images/s0098.png,0,tbx11k,8874
data/raw/tbx11k-simplified/images/s0099.png,0,tbx11k,8875
data/raw/tbx11k-simplified/images/s0101.png,0,tbx11k,8877
data/raw/tbx11k-simplified/images/s0102.png,0,tbx11k,8878
data/raw/tbx11k-simplified/images/s0103.png,0,tbx11k,8879
data/raw/tbx11k-simplified/images/s0104.png,0,tbx11k,8880
data/raw/tbx11k-simplified/images/s0105.png,0,tbx11k,8881
data/raw/tbx11k-simplified/images/s0106.png,0,tbx11k,8882
data/raw/tbx11k-simplified/images/s0107.png,0,tbx11k,8883
data/raw/tbx11k-simplified/images/s0108.png,0,tbx11k,8884
data/raw/tbx11k-simplified/images/s0109.png,0,tbx11k,8885
data/raw/tbx11k-simplified/images/s0110.png,0,tbx11k,8886
data/raw/tbx11k-simplified/images/s0111.png,0,tbx11k,8887
data/raw/tbx11k-simplified/images/s0113.png,0,tbx11k,8888
data/raw/tbx11k-simplified/images/s0114.png,0,tbx11k,8889
data/raw/tbx11k-simplified/images/s0115.png,0,tbx11k,8890
data/raw/tbx11k-simplified/images/s0117.png,0,tbx11k,8891
data/raw/tbx11k-simplified/images/s0119.png,0,tbx11k,8892
data/raw/tbx11k-simplified/images/s0120.png,0,tbx11k,8893
data/raw/tbx11k-simplified/images/s0121.png,0,tbx11k,8894
data/raw/tbx11k-simplified/images/s0122.png,0,tbx11k,8895
data/raw/tbx11k-simplified/images/s0123.png,0,tbx11k,8896
data/raw/tbx11k-simplified/images/s0126.png,0,tbx11k,8898
data/raw/tbx11k-simplified/images/s0127.png,0,tbx11k,8899
data/raw/tbx11k-simplified/images/s0128.png,0,tbx11k,8900
data/raw/tbx11k-simplified/images/s0129.png,0,tbx11k,8901
data/raw/tbx11k-simplified/images/s0131.png,0,tbx11k,8902
data/raw/tbx11k-simplified/images/s0132.png,0,tbx11k,8903
data/raw/tbx11k-simplified/images/s0133.png,0,tbx11k,8904
data/raw/tbx11k-simplified/images/s0134.png,0,tbx11k,8905
data/raw/tbx11k-simplified/images/s0135.png,0,tbx11k,8906
data/raw/tbx11k-simplified/images/s0136.png,0,tbx11k,8907
data/raw/tbx11k-simplified/images/s0139.png,0,tbx11k,8910
data/raw/tbx11k-simplified/images/s0140.png,0,tbx11k,8911
data/raw/tbx11k-simplified/images/s0141.png,0,tbx11k,8912
data/raw/tbx11k-simplified/images/s0142.png,0,tbx11k,8913
data/raw/tbx11k-simplified/images/s0143.png,0,tbx11k,8914
data/raw/tbx11k-simplified/images/s0147.png,0,tbx11k,8915
data/raw/tbx11k-simplified/images/s0148.png,0,tbx11k,8916
data/raw/tbx11k-simplified/images/s0149.png,0,tbx11k,8917
data/raw/tbx11k-simplified/images/s0151.png,0,tbx11k,8918
data/raw/tbx11k-simplified/images/s0152.png,0,tbx11k,8919
data/raw/tbx11k-simplified/images/s0153.png,0,tbx11k,8920
data/raw/tbx11k-simplified/images/s0155.png,0,tbx11k,8921
data/raw/tbx11k-simplified/images/s0156.png,0,tbx11k,8922
data/raw/tbx11k-simplified/images/s0159.png,0,tbx11k,8923
data/raw/tbx11k-simplified/images/s0160.png,0,tbx11k,8924
data/raw/tbx11k-simplified/images/s0161.png,0,tbx11k,8925
data/raw/tbx11k-simplified/images/s0162.png,0,tbx11k,8926
data/raw/tbx11k-simplified/images/s0163.png,0,tbx11k,8927
data/raw/tbx11k-simplified/images/s0164.png,0,tbx11k,8928
data/raw/tbx11k-simplified/images/s0165.png,0,tbx11k,8929
data/raw/tbx11k-simplified/images/s0166.png,0,tbx11k,8930
data/raw/tbx11k-simplified/images/s0167.png,0,tbx11k,8931
data/raw/tbx11k-simplified/images/s0168.png,0,tbx11k,8932
data/raw/tbx11k-simplified/images/s0169.png,0,tbx11k,8933
data/raw/tbx11k-simplified/images/s0170.png,0,tbx11k,8934
data/raw/tbx11k-simplified/images/s0172.png,0,tbx11k,8935
data/raw/tbx11k-simplified/images/s0173.png,0,tbx11k,8936
data/raw/tbx11k-simplified/images/s0175.png,0,tbx11k,8937
data/raw/tbx11k-simplified/images/s0177.png,0,tbx11k,8938
data/raw/tbx11k-simplified/images/s0178.png,0,tbx11k,8939
data/raw/tbx11k-simplified/images/s0179.png,0,tbx11k,8940
data/raw/tbx11k-simplified/images/s0182.png,0,tbx11k,8942
data/raw/tbx11k-simplified/images/s0183.png,0,tbx11k,8943
data/raw/tbx11k-simplified/images/s0184.png,0,tbx11k,8944
data/raw/tbx11k-simplified/images/s0185.png,0,tbx11k,8945
data/raw/tbx11k-simplified/images/s0187.png,0,tbx11k,8946
data/raw/tbx11k-simplified/images/s0189.png,0,tbx11k,8947
data/raw/tbx11k-simplified/images/s0190.png,0,tbx11k,8948
data/raw/tbx11k-simplified/images/s0192.png,0,tbx11k,8950
data/raw/tbx11k-simplified/images/s0193.png,0,tbx11k,8951
data/raw/tbx11k-simplified/images/s0195.png,0,tbx11k,8953
data/raw/tbx11k-simplified/images/s0196.png,0,tbx11k,8954
data/raw/tbx11k-simplified/images/s0197.png,0,tbx11k,8955
data/raw/tbx11k-simplified/images/s0200.png,0,tbx11k,8958
data/raw/tbx11k-simplified/images/s0201.png,0,tbx11k,8959
data/raw/tbx11k-simplified/images/s0202.png,0,tbx11k,8960
data/raw/tbx11k-simplified/images/s0203.png,0,tbx11k,8961
data/raw/tbx11k-simplified/images/s0204.png,0,tbx11k,8962
data/raw/tbx11k-simplified/images/s0208.png,0,tbx11k,8964
data/raw/tbx11k-simplified/images/s0209.png,0,tbx11k,8965
data/raw/tbx11k-simplified/images/s0212.png,0,tbx11k,8967
data/raw/tbx11k-simplified/images/s0213.png,0,tbx11k,8968
data/raw/tbx11k-simplified/images/s0214.png,0,tbx11k,8969
data/raw/tbx11k-simplified/images/s0216.png,0,tbx11k,8971
data/raw/tbx11k-simplified/images/s0217.png,0,tbx11k,8972
data/raw/tbx11k-simplified/images/s0218.png,0,tbx11k,8973
data/raw/tbx11k-simplified/images/s0219.png,0,tbx11k,8974
data/raw/tbx11k-simplified/images/s0220.png,0,tbx11k,8975
data/raw/tbx11k-simplified/images/s0221.png,0,tbx11k,8976
data/raw/tbx11k-simplified/images/s0222.png,0,tbx11k,8977
data/raw/tbx11k-simplified/images/s0223.png,0,tbx11k,8978
data/raw/tbx11k-simplified/images/s0224.png,0,tbx11k,8979
data/raw/tbx11k-simplified/images/s0226.png,0,tbx11k,8980
data/raw/tbx11k-simplified/images/s0227.png,0,tbx11k,8981
data/raw/tbx11k-simplified/images/s0230.png,0,tbx11k,8983
data/raw/tbx11k-simplified/images/s0232.png,0,tbx11k,8984
data/raw/tbx11k-simplified/images/s0233.png,0,tbx11k,8985
data/raw/tbx11k-simplified/images/s0236.png,0,tbx11k,8986
data/raw/tbx11k-simplified/images/s0238.png,0,tbx11k,8987
data/raw/tbx11k-simplified/images/s0239.png,0,tbx11k,8988
data/raw/tbx11k-simplified/images/s0240.png,0,tbx11k,8989
data/raw/tbx11k-simplified/images/s0241.png,0,tbx11k,8990
data/raw/tbx11k-simplified/images/s0242.png,0,tbx11k,8991
data/raw/tbx11k-simplified/images/s0243.png,0,tbx11k,8992
data/raw/tbx11k-simplified/images/s0245.png,0,tbx11k,8993
data/raw/tbx11k-simplified/images/s0247.png,0,tbx11k,8994
data/raw/tbx11k-simplified/images/s0248.png,0,tbx11k,8995
data/raw/tbx11k-simplified/images/s0249.png,0,tbx11k,8996
data/raw/tbx11k-simplified/images/s0251.png,0,tbx11k,8997
data/raw/tbx11k-simplified/images/s0253.png,0,tbx11k,8998
data/raw/tbx11k-simplified/images/s0255.png,0,tbx11k,8999
data/raw/tbx11k-simplified/images/s0257.png,0,tbx11k,9001
data/raw/tbx11k-simplified/images/s0258.png,0,tbx11k,9002
data/raw/tbx11k-simplified/images/s0265.png,0,tbx11k,9005
data/raw/tbx11k-simplified/images/s0266.png,0,tbx11k,9006
data/raw/tbx11k-simplified/images/s0267.png,0,tbx11k,9007
data/raw/tbx11k-simplified/images/s0269.png,0,tbx11k,9009
data/raw/tbx11k-simplified/images/s0270.png,0,tbx11k,9010
data/raw/tbx11k-simplified/images/s0271.png,0,tbx11k,9011
data/raw/tbx11k-simplified/images/s0276.png,0,tbx11k,9013
data/raw/tbx11k-simplified/images/s0280.png,0,tbx11k,9015
data/raw/tbx11k-simplified/images/s0282.png,0,tbx11k,9017
data/raw/tbx11k-simplified/images/s0284.png,0,tbx11k,9019
data/raw/tbx11k-simplified/images/s0285.png,0,tbx11k,9020
data/raw/tbx11k-simplified/images/s0286.png,0,tbx11k,9021
data/raw/tbx11k-simplified/images/s0287.png,0,tbx11k,9022
data/raw/tbx11k-simplified/images/s0288.png,0,tbx11k,9023
data/raw/tbx11k-simplified/images/s0289.png,0,tbx11k,9024
data/raw/tbx11k-simplified/images/s0290.png,0,tbx11k,9025
data/raw/tbx11k-simplified/images/s0291.png,0,tbx11k,9026
data/raw/tbx11k-simplified/images/s0292.png,0,tbx11k,9027
data/raw/tbx11k-simplified/images/s0293.png,0,tbx11k,9028
data/raw/tbx11k-simplified/images/s0294.png,0,tbx11k,9029
data/raw/tbx11k-simplified/images/s0296.png,0,tbx11k,9030
data/raw/tbx11k-simplified/images/s0297.png,0,tbx11k,9031
data/raw/tbx11k-simplified/images/s0298.png,0,tbx11k,9032
data/raw/tbx11k-simplified/images/s0299.png,0,tbx11k,9033
data/raw/tbx11k-simplified/images/s0301.png,0,tbx11k,9034
data/raw/tbx11k-simplified/images/s0302.png,0,tbx11k,9035
data/raw/tbx11k-simplified/images/s0305.png,0,tbx11k,9036
data/raw/tbx11k-simplified/images/s0306.png,0,tbx11k,9037
data/raw/tbx11k-simplified/images/s0307.png,0,tbx11k,9038
data/raw/tbx11k-simplified/images/s0309.png,0,tbx11k,9039
data/raw/tbx11k-simplified/images/s0311.png,0,tbx11k,9040
data/raw/tbx11k-simplified/images/s0312.png,0,tbx11k,9041
data/raw/tbx11k-simplified/images/s0313.png,0,tbx11k,9042
data/raw/tbx11k-simplified/images/s0314.png,0,tbx11k,9043
data/raw/tbx11k-simplified/images/s0315.png,0,tbx11k,9044
data/raw/tbx11k-simplified/images/s0317.png,0,tbx11k,9046
data/raw/tbx11k-simplified/images/s0318.png,0,tbx11k,9047
data/raw/tbx11k-simplified/images/s0320.png,0,tbx11k,9048
data/raw/tbx11k-simplified/images/s0321.png,0,tbx11k,9049
data/raw/tbx11k-simplified/images/s0323.png,0,tbx11k,9050
data/raw/tbx11k-simplified/images/s0324.png,0,tbx11k,9051
data/raw/tbx11k-simplified/images/s0325.png,0,tbx11k,9052
data/raw/tbx11k-simplified/images/s0326.png,0,tbx11k,9053
data/raw/tbx11k-simplified/images/s0328.png,0,tbx11k,9054
data/raw/tbx11k-simplified/images/s0329.png,0,tbx11k,9055
data/raw/tbx11k-simplified/images/s0330.png,0,tbx11k,9056
data/raw/tbx11k-simplified/images/s0331.png,0,tbx11k,9057
data/raw/tbx11k-simplified/images/s0332.png,0,tbx11k,9058
data/raw/tbx11k-simplified/images/s0333.png,0,tbx11k,9059
data/raw/tbx11k-simplified/images/s0334.png,0,tbx11k,9060
data/raw/tbx11k-simplified/images/s0336.png,0,tbx11k,9062
data/raw/tbx11k-simplified/images/s0337.png,0,tbx11k,9063
data/raw/tbx11k-simplified/images/s0338.png,0,tbx11k,9064
data/raw/tbx11k-simplified/images/s0339.png,0,tbx11k,9065
data/raw/tbx11k-simplified/images/s0345.png,0,tbx11k,9066
data/raw/tbx11k-simplified/images/s0346.png,0,tbx11k,9067
data/raw/tbx11k-simplified/images/s0347.png,0,tbx11k,9068
data/raw/tbx11k-simplified/images/s0350.png,0,tbx11k,9069
data/raw/tbx11k-simplified/images/s0352.png,0,tbx11k,9070
data/raw/tbx11k-simplified/images/s0355.png,0,tbx11k,9072
data/raw/tbx11k-simplified/images/s0358.png,0,tbx11k,9073
data/raw/tbx11k-simplified/images/s0359.png,0,tbx11k,9074
data/raw/tbx11k-simplified/images/s0360.png,0,tbx11k,9075
data/raw/tbx11k-simplified/images/s0361.png,0,tbx11k,9076
data/raw/tbx11k-simplified/images/s0362.png,0,tbx11k,9077
data/raw/tbx11k-simplified/images/s0363.png,0,tbx11k,9078
data/raw/tbx11k-simplified/images/s0364.png,0,tbx11k,9079
data/raw/tbx11k-simplified/images/s0367.png,0,tbx11k,9080
data/raw/tbx11k-simplified/images/s0368.png,0,tbx11k,9081
data/raw/tbx11k-simplified/images/s0369.png,0,tbx11k,9082
data/raw/tbx11k-simplified/images/s0372.png,0,tbx11k,9084
data/raw/tbx11k-simplified/images/s0373.png,0,tbx11k,9085
data/raw/tbx11k-simplified/images/s0375.png,0,tbx11k,9086
data/raw/tbx11k-simplified/images/s0376.png,0,tbx11k,9087
data/raw/tbx11k-simplified/images/s0378.png,0,tbx11k,9088
data/raw/tbx11k-simplified/images/s0382.png,0,tbx11k,9091
data/raw/tbx11k-simplified/images/s0383.png,0,tbx11k,9092
data/raw/tbx11k-simplified/images/s0384.png,0,tbx11k,9093
data/raw/tbx11k-simplified/images/s0385.png,0,tbx11k,9094
data/raw/tbx11k-simplified/images/s0387.png,0,tbx11k,9095
data/raw/tbx11k-simplified/images/s0391.png,0,tbx11k,9097
data/raw/tbx11k-simplified/images/s0392.png,0,tbx11k,9098
data/raw/tbx11k-simplified/images/s0393.png,0,tbx11k,9099
data/raw/tbx11k-simplified/images/s0394.png,0,tbx11k,9100
data/raw/tbx11k-simplified/images/s0395.png,0,tbx11k,9101
data/raw/tbx11k-simplified/images/s0396.png,0,tbx11k,9102
data/raw/tbx11k-simplified/images/s0403.png,0,tbx11k,9106
data/raw/tbx11k-simplified/images/s0404.png,0,tbx11k,9107
data/raw/tbx11k-simplified/images/s0405.png,0,tbx11k,9108
data/raw/tbx11k-simplified/images/s0406.png,0,tbx11k,9109
data/raw/tbx11k-simplified/images/s0407.png,0,tbx11k,9110
data/raw/tbx11k-simplified/images/s0408.png,0,tbx11k,9111
data/raw/tbx11k-simplified/images/s0410.png,0,tbx11k,9112
data/raw/tbx11k-simplified/images/s0411.png,0,tbx11k,9113
data/raw/tbx11k-simplified/images/s0412.png,0,tbx11k,9114
data/raw/tbx11k-simplified/images/s0413.png,0,tbx11k,9115
data/raw/tbx11k-simplified/images/s0415.png,0,tbx11k,9116
data/raw/tbx11k-simplified/images/s0416.png,0,tbx11k,9117
data/raw/tbx11k-simplified/images/s0417.png,0,tbx11k,9118
data/raw/tbx11k-simplified/images/s0418.png,0,tbx11k,9119
data/raw/tbx11k-simplified/images/s0420.png,0,tbx11k,9120
data/raw/tbx11k-simplified/images/s0421.png,0,tbx11k,9121
data/raw/tbx11k-simplified/images/s0425.png,0,tbx11k,9122
data/raw/tbx11k-simplified/images/s0426.png,0,tbx11k,9123
data/raw/tbx11k-simplified/images/s0427.png,0,tbx11k,9124
data/raw/tbx11k-simplified/images/s0431.png,0,tbx11k,9128
data/raw/tbx11k-simplified/images/s0433.png,0,tbx11k,9129
data/raw/tbx11k-simplified/images/s0434.png,0,tbx11k,9130
data/raw/tbx11k-simplified/images/s0435.png,0,tbx11k,9131
data/raw/tbx11k-simplified/images/s0437.png,0,tbx11k,9132
data/raw/tbx11k-simplified/images/s0438.png,0,tbx11k,9133
data/raw/tbx11k-simplified/images/s0439.png,0,tbx11k,9134
data/raw/tbx11k-simplified/images/s0444.png,0,tbx11k,9135
data/raw/tbx11k-simplified/images/s0445.png,0,tbx11k,9136
data/raw/tbx11k-simplified/images/s0446.png,0,tbx11k,9137
data/raw/tbx11k-simplified/images/s0447.png,0,tbx11k,9138
data/raw/tbx11k-simplified/images/s0448.png,0,tbx11k,9139
data/raw/tbx11k-simplified/images/s0449.png,0,tbx11k,9140
data/raw/tbx11k-simplified/images/s0450.png,0,tbx11k,9141
data/raw/tbx11k-simplified/images/s0451.png,0,tbx11k,9142
data/raw/tbx11k-simplified/images/s0452.png,0,tbx11k,9143
data/raw/tbx11k-simplified/images/s0453.png,0,tbx11k,9144
data/raw/tbx11k-simplified/images/s0455.png,0,tbx11k,9145
data/raw/tbx11k-simplified/images/s0456.png,0,tbx11k,9146
data/raw/tbx11k-simplified/images/s0457.png,0,tbx11k,9147
data/raw/tbx11k-simplified/images/s0461.png,0,tbx11k,9148
data/raw/tbx11k-simplified/images/s0464.png,0,tbx11k,9149
data/raw/tbx11k-simplified/images/s0465.png,0,tbx11k,9150
data/raw/tbx11k-simplified/images/s0466.png,0,tbx11k,9151
data/raw/tbx11k-simplified/images/s0467.png,0,tbx11k,9152
data/raw/tbx11k-simplified/images/s0469.png,0,tbx11k,9154
data/raw/tbx11k-simplified/images/s0470.png,0,tbx11k,9155
data/raw/tbx11k-simplified/images/s0476.png,0,tbx11k,9161
data/raw/tbx11k-simplified/images/s0477.png,0,tbx11k,9162
data/raw/tbx11k-simplified/images/s0478.png,0,tbx11k,9163
data/raw/tbx11k-simplified/images/s0479.png,0,tbx11k,9164
data/raw/tbx11k-simplified/images/s0481.png,0,tbx11k,9166
data/raw/tbx11k-simplified/images/s0482.png,0,tbx11k,9167
data/raw/tbx11k-simplified/images/s0484.png,0,tbx11k,9168
data/raw/tbx11k-simplified/images/s0485.png,0,tbx11k,9169
data/raw/tbx11k-simplified/images/s0486.png,0,tbx11k,9170
data/raw/tbx11k-simplified/images/s0487.png,0,tbx11k,9171
data/raw/tbx11k-simplified/images/s0489.png,0,tbx11k,9173
data/raw/tbx11k-simplified/images/s0490.png,0,tbx11k,9174
data/raw/tbx11k-simplified/images/s0491.png,0,tbx11k,9175
data/raw/tbx11k-simplified/images/s0493.png,0,tbx11k,9176
data/raw/tbx11k-simplified/images/s0494.png,0,tbx11k,9177
data/raw/tbx11k-simplified/images/s0496.png,0,tbx11k,9179
data/raw/tbx11k-simplified/images/s0497.png,0,tbx11k,9180
data/raw/tbx11k-simplified/images/s0498.png,0,tbx11k,9181
data/raw/tbx11k-simplified/images/s0500.png,0,tbx11k,9182
data/raw/tbx11k-simplified/images/s0503.png,0,tbx11k,9184
data/raw/tbx11k-simplified/images/s0504.png,0,tbx11k,9185
data/raw/tbx11k-simplified/images/s0507.png,0,tbx11k,9186
data/raw/tbx11k-simplified/images/s0509.png,0,tbx11k,9187
data/raw/tbx11k-simplified/images/s0510.png,0,tbx11k,9188
data/raw/tbx11k-simplified/images/s0515.png,0,tbx11k,9190
data/raw/tbx11k-simplified/images/s0516.png,0,tbx11k,9191
data/raw/tbx11k-simplified/images/s0517.png,0,tbx11k,9192
data/raw/tbx11k-simplified/images/s0518.png,0,tbx11k,9193
data/raw/tbx11k-simplified/images/s0519.png,0,tbx11k,9194
data/raw/tbx11k-simplified/images/s0521.png,0,tbx11k,9195
data/raw/tbx11k-simplified/images/s0523.png,0,tbx11k,9196
data/raw/tbx11k-simplified/images/s0526.png,0,tbx11k,9198
data/raw/tbx11k-simplified/images/s0527.png,0,tbx11k,9199
data/raw/tbx11k-simplified/images/s0529.png,0,tbx11k,9200
data/raw/tbx11k-simplified/images/s0530.png,0,tbx11k,9201
data/raw/tbx11k-simplified/images/s0531.png,0,tbx11k,9202
data/raw/tbx11k-simplified/images/s0532.png,0,tbx11k,9203
data/raw/tbx11k-simplified/images/s0533.png,0,tbx11k,9204
data/raw/tbx11k-simplified/images/s0534.png,0,tbx11k,9205
data/raw/tbx11k-simplified/images/s0535.png,0,tbx11k,9206
data/raw/tbx11k-simplified/images/s0537.png,0,tbx11k,9207
data/raw/tbx11k-simplified/images/s0538.png,0,tbx11k,9208
data/raw/tbx11k-simplified/images/s0539.png,0,tbx11k,9209
data/raw/tbx11k-simplified/images/s0542.png,0,tbx11k,9211
data/raw/tbx11k-simplified/images/s0543.png,0,tbx11k,9212
data/raw/tbx11k-simplified/images/s0544.png,0,tbx11k,9213
data/raw/tbx11k-simplified/images/s0548.png,0,tbx11k,9215
data/raw/tbx11k-simplified/images/s0552.png,0,tbx11k,9217
data/raw/tbx11k-simplified/images/s0553.png,0,tbx11k,9218
data/raw/tbx11k-simplified/images/s0554.png,0,tbx11k,9219
data/raw/tbx11k-simplified/images/s0555.png,0,tbx11k,9220
data/raw/tbx11k-simplified/images/s0556.png,0,tbx11k,9221
data/raw/tbx11k-simplified/images/s0557.png,0,tbx11k,9222
data/raw/tbx11k-simplified/images/s0561.png,0,tbx11k,9225
data/raw/tbx11k-simplified/images/s0563.png,0,tbx11k,9226
data/raw/tbx11k-simplified/images/s0564.png,0,tbx11k,9227
data/raw/tbx11k-simplified/images/s0567.png,0,tbx11k,9230
data/raw/tbx11k-simplified/images/s0568.png,0,tbx11k,9231
data/raw/tbx11k-simplified/images/s0570.png,0,tbx11k,9232
data/raw/tbx11k-simplified/images/s0572.png,0,tbx11k,9233
data/raw/tbx11k-simplified/images/s0573.png,0,tbx11k,9234
data/raw/tbx11k-simplified/images/s0574.png,0,tbx11k,9235
data/raw/tbx11k-simplified/images/s0577.png,0,tbx11k,9236
data/raw/tbx11k-simplified/images/s0578.png,0,tbx11k,9237
data/raw/tbx11k-simplified/images/s0579.png,0,tbx11k,9238
data/raw/tbx11k-simplified/images/s0580.png,0,tbx11k,9239
data/raw/tbx11k-simplified/images/s0581.png,0,tbx11k,9240
data/raw/tbx11k-simplified/images/s0582.png,0,tbx11k,9241
data/raw/tbx11k-simplified/images/s0583.png,0,tbx11k,9242
data/raw/tbx11k-simplified/images/s0585.png,0,tbx11k,9244
data/raw/tbx11k-simplified/images/s0586.png,0,tbx11k,9245
data/raw/tbx11k-simplified/images/s0587.png,0,tbx11k,9246
data/raw/tbx11k-simplified/images/s0589.png,0,tbx11k,9247
data/raw/tbx11k-simplified/images/s0590.png,0,tbx11k,9248
data/raw/tbx11k-simplified/images/s0591.png,0,tbx11k,9249
data/raw/tbx11k-simplified/images/s0592.png,0,tbx11k,9250
data/raw/tbx11k-simplified/images/s0593.png,0,tbx11k,9251
data/raw/tbx11k-simplified/images/s0595.png,0,tbx11k,9252
data/raw/tbx11k-simplified/images/s0598.png,0,tbx11k,9253
data/raw/tbx11k-simplified/images/s0599.png,0,tbx11k,9254
data/raw/tbx11k-simplified/images/s0600.png,0,tbx11k,9255
data/raw/tbx11k-simplified/images/s0602.png,0,tbx11k,9256
data/raw/tbx11k-simplified/images/s0603.png,0,tbx11k,9257
data/raw/tbx11k-simplified/images/s0604.png,0,tbx11k,9258
data/raw/tbx11k-simplified/images/s0605.png,0,tbx11k,9259
data/raw/tbx11k-simplified/images/s0606.png,0,tbx11k,9260
data/raw/tbx11k-simplified/images/s0608.png,0,tbx11k,9261
data/raw/tbx11k-simplified/images/s0609.png,0,tbx11k,9262
data/raw/tbx11k-simplified/images/s0611.png,0,tbx11k,9263
data/raw/tbx11k-simplified/images/s0612.png,0,tbx11k,9264
data/raw/tbx11k-simplified/images/s0614.png,0,tbx11k,9265
data/raw/tbx11k-simplified/images/s0616.png,0,tbx11k,9266
data/raw/tbx11k-simplified/images/s0617.png,0,tbx11k,9267
data/raw/tbx11k-simplified/images/s0619.png,0,tbx11k,9269
data/raw/tbx11k-simplified/images/s0620.png,0,tbx11k,9270
data/raw/tbx11k-simplified/images/s0622.png,0,tbx11k,9271
data/raw/tbx11k-simplified/images/s0625.png,0,tbx11k,9273
data/raw/tbx11k-simplified/images/s0628.png,0,tbx11k,9274
data/raw/tbx11k-simplified/images/s0629.png,0,tbx11k,9275
data/raw/tbx11k-simplified/images/s0630.png,0,tbx11k,9276
data/raw/tbx11k-simplified/images/s0633.png,0,tbx11k,9278
data/raw/tbx11k-simplified/images/s0634.png,0,tbx11k,9279
data/raw/tbx11k-simplified/images/s0635.png,0,tbx11k,9280
data/raw/tbx11k-simplified/images/s0636.png,0,tbx11k,9281
data/raw/tbx11k-simplified/images/s0639.png,0,tbx11k,9282
data/raw/tbx11k-simplified/images/s0640.png,0,tbx11k,9283
data/raw/tbx11k-simplified/images/s0641.png,0,tbx11k,9284
data/raw/tbx11k-simplified/images/s0642.png,0,tbx11k,9285
data/raw/tbx11k-simplified/images/s0643.png,0,tbx11k,9286
data/raw/tbx11k-simplified/images/s0644.png,0,tbx11k,9287
data/raw/tbx11k-simplified/images/s0647.png,0,tbx11k,9289
data/raw/tbx11k-simplified/images/s0649.png,0,tbx11k,9291
data/raw/tbx11k-simplified/images/s0650.png,0,tbx11k,9292
data/raw/tbx11k-simplified/images/s0651.png,0,tbx11k,9293
data/raw/tbx11k-simplified/images/s0652.png,0,tbx11k,9294
data/raw/tbx11k-simplified/images/s0654.png,0,tbx11k,9295
data/raw/tbx11k-simplified/images/s0655.png,0,tbx11k,9296
data/raw/tbx11k-simplified/images/s0656.png,0,tbx11k,9297
data/raw/tbx11k-simplified/images/s0658.png,0,tbx11k,9298
data/raw/tbx11k-simplified/images/s0659.png,0,tbx11k,9299
data/raw/tbx11k-simplified/images/s0661.png,0,tbx11k,9300
data/raw/tbx11k-simplified/images/s0662.png,0,tbx11k,9301
data/raw/tbx11k-simplified/images/s0663.png,0,tbx11k,9302
data/raw/tbx11k-simplified/images/s0665.png,0,tbx11k,9304
data/raw/tbx11k-simplified/images/s0667.png,0,tbx11k,9305
data/raw/tbx11k-simplified/images/s0668.png,0,tbx11k,9306
data/raw/tbx11k-simplified/images/s0669.png,0,tbx11k,9307
data/raw/tbx11k-simplified/images/s0673.png,0,tbx11k,9309
data/raw/tbx11k-simplified/images/s0674.png,0,tbx11k,9310
data/raw/tbx11k-simplified/images/s0676.png,0,tbx11k,9312
data/raw/tbx11k-simplified/images/s0680.png,0,tbx11k,9314
data/raw/tbx11k-simplified/images/s0681.png,0,tbx11k,9315
data/raw/tbx11k-simplified/images/s0682.png,0,tbx11k,9316
data/raw/tbx11k-simplified/images/s0683.png,0,tbx11k,9317
data/raw/tbx11k-simplified/images/s0685.png,0,tbx11k,9319
data/raw/tbx11k-simplified/images/s0686.png,0,tbx11k,9320
data/raw/tbx11k-simplified/images/s0687.png,0,tbx11k,9321
data/raw/tbx11k-simplified/images/s0688.png,0,tbx11k,9322
data/raw/tbx11k-simplified/images/s0689.png,0,tbx11k,9323
data/raw/tbx11k-simplified/images/s0690.png,0,tbx11k,9324
data/raw/tbx11k-simplified/images/s0692.png,0,tbx11k,9326
data/raw/tbx11k-simplified/images/s0693.png,0,tbx11k,9327
data/raw/tbx11k-simplified/images/s0694.png,0,tbx11k,9328
data/raw/tbx11k-simplified/images/s0695.png,0,tbx11k,9329
data/raw/tbx11k-simplified/images/s0698.png,0,tbx11k,9767
data/raw/tbx11k-simplified/images/s0700.png,0,tbx11k,9332
data/raw/tbx11k-simplified/images/s0701.png,0,tbx11k,9333
data/raw/tbx11k-simplified/images/s0703.png,0,tbx11k,9334
data/raw/tbx11k-simplified/images/s0704.png,0,tbx11k,9335
data/raw/tbx11k-simplified/images/s0705.png,0,tbx11k,9336
data/raw/tbx11k-simplified/images/s0708.png,0,tbx11k,9338
data/raw/tbx11k-simplified/images/s0709.png,0,tbx11k,9339
data/raw/tbx11k-simplified/images/s0710.png,0,tbx11k,9340
data/raw/tbx11k-simplified/images/s0712.png,0,tbx11k,9341
data/raw/tbx11k-simplified/images/s0714.png,0,tbx11k,9342
data/raw/tbx11k-simplified/images/s0716.png,0,tbx11k,9344
data/raw/tbx11k-simplified/images/s0717.png,0,tbx11k,9345
data/raw/tbx11k-simplified/images/s0718.png,0,tbx11k,9346
data/raw/tbx11k-simplified/images/s0719.png,0,tbx11k,9347
data/raw/tbx11k-simplified/images/s0720.png,0,tbx11k,9348
data/raw/tbx11k-simplified/images/s0722.png,0,tbx11k,9350
data/raw/tbx11k-simplified/images/s0725.png,0,tbx11k,9351
data/raw/tbx11k-simplified/images/s0726.png,0,tbx11k,9352
data/raw/tbx11k-simplified/images/s0727.png,0,tbx11k,9353
data/raw/tbx11k-simplified/images/s0728.png,0,tbx11k,9354
data/raw/tbx11k-simplified/images/s0729.png,0,tbx11k,9355
data/raw/tbx11k-simplified/images/s0731.png,0,tbx11k,9356
data/raw/tbx11k-simplified/images/s0733.png,0,tbx11k,9358
data/raw/tbx11k-simplified/images/s0736.png,0,tbx11k,9359
data/raw/tbx11k-simplified/images/s0738.png,0,tbx11k,9360
data/raw/tbx11k-simplified/images/s0739.png,0,tbx11k,9361
data/raw/tbx11k-simplified/images/s0742.png,0,tbx11k,9363
data/raw/tbx11k-simplified/images/s0743.png,0,tbx11k,9364
data/raw/tbx11k-simplified/images/s0746.png,0,tbx11k,9365
data/raw/tbx11k-simplified/images/s0747.png,0,tbx11k,9366
data/raw/tbx11k-simplified/images/s0749.png,0,tbx11k,9367
data/raw/tbx11k-simplified/images/s0750.png,0,tbx11k,9368
data/raw/tbx11k-simplified/images/s0754.png,0,tbx11k,9371
data/raw/tbx11k-simplified/images/s0755.png,0,tbx11k,9372
data/raw/tbx11k-simplified/images/s0756.png,0,tbx11k,9373
data/raw/tbx11k-simplified/images/s0757.png,0,tbx11k,9374
data/raw/tbx11k-simplified/images/s0761.png,0,tbx11k,9377
data/raw/tbx11k-simplified/images/s0763.png,0,tbx11k,9379
data/raw/tbx11k-simplified/images/s0764.png,0,tbx11k,9380
data/raw/tbx11k-simplified/images/s0766.png,0,tbx11k,9382
data/raw/tbx11k-simplified/images/s0768.png,0,tbx11k,9384
data/raw/tbx11k-simplified/images/s0769.png,0,tbx11k,9385
data/raw/tbx11k-simplified/images/s0771.png,0,tbx11k,9387
data/raw/tbx11k-simplified/images/s0772.png,0,tbx11k,9388
data/raw/tbx11k-simplified/images/s0773.png,0,tbx11k,9389
data/raw/tbx11k-simplified/images/s0774.png,0,tbx11k,9390
data/raw/tbx11k-simplified/images/s0775.png,0,tbx11k,9391
data/raw/tbx11k-simplified/images/s0778.png,0,tbx11k,9392
data/raw/tbx11k-simplified/images/s0779.png,0,tbx11k,9393
data/raw/tbx11k-simplified/images/s0780.png,0,tbx11k,9394
data/raw/tbx11k-simplified/images/s0781.png,0,tbx11k,9395
data/raw/tbx11k-simplified/images/s0782.png,0,tbx11k,9396
data/raw/tbx11k-simplified/images/s0784.png,0,tbx11k,9397
data/raw/tbx11k-simplified/images/s0785.png,0,tbx11k,9398
data/raw/tbx11k-simplified/images/s0786.png,0,tbx11k,9399
data/raw/tbx11k-simplified/images/s0789.png,0,tbx11k,9401
data/raw/tbx11k-simplified/images/s0791.png,0,tbx11k,9402
data/raw/tbx11k-simplified/images/s0792.png,0,tbx11k,9403
data/raw/tbx11k-simplified/images/s0793.png,0,tbx11k,9404
data/raw/tbx11k-simplified/images/s0795.png,0,tbx11k,9405
data/raw/tbx11k-simplified/images/s0796.png,0,tbx11k,9406
data/raw/tbx11k-simplified/images/s0798.png,0,tbx11k,9407
data/raw/tbx11k-simplified/images/s0799.png,0,tbx11k,9408
data/raw/tbx11k-simplified/images/s0800.png,0,tbx11k,9409
data/raw/tbx11k-simplified/images/s0801.png,0,tbx11k,9410
data/raw/tbx11k-simplified/images/s0802.png,0,tbx11k,9411
data/raw/tbx11k-simplified/images/s0803.png,0,tbx11k,9412
data/raw/tbx11k-simplified/images/s0806.png,0,tbx11k,9414
data/raw/tbx11k-simplified/images/s0807.png,0,tbx11k,9415
data/raw/tbx11k-simplified/images/s0808.png,0,tbx11k,9416
data/raw/tbx11k-simplified/images/s0809.png,0,tbx11k,9417
data/raw/tbx11k-simplified/images/s0810.png,0,tbx11k,9418
data/raw/tbx11k-simplified/images/s0811.png,0,tbx11k,9419
data/raw/tbx11k-simplified/images/s0813.png,0,tbx11k,9420
data/raw/tbx11k-simplified/images/s0814.png,0,tbx11k,9421
data/raw/tbx11k-simplified/images/s0815.png,0,tbx11k,9422
data/raw/tbx11k-simplified/images/s0816.png,0,tbx11k,9423
data/raw/tbx11k-simplified/images/s0818.png,0,tbx11k,9425
data/raw/tbx11k-simplified/images/s0819.png,0,tbx11k,9426
data/raw/tbx11k-simplified/images/s0820.png,0,tbx11k,9427
data/raw/tbx11k-simplified/images/s0824.png,0,tbx11k,9430
data/raw/tbx11k-simplified/images/s0826.png,0,tbx11k,9432
data/raw/tbx11k-simplified/images/s0827.png,0,tbx11k,9433
data/raw/tbx11k-simplified/images/s0828.png,0,tbx11k,9434
data/raw/tbx11k-simplified/images/s0830.png,0,tbx11k,9435
data/raw/tbx11k-simplified/images/s0831.png,0,tbx11k,9436
data/raw/tbx11k-simplified/images/s0832.png,0,tbx11k,9437
data/raw/tbx11k-simplified/images/s0835.png,0,tbx11k,9439
data/raw/tbx11k-simplified/images/s0836.png,0,tbx11k,9440
data/raw/tbx11k-simplified/images/s0839.png,0,tbx11k,9442
data/raw/tbx11k-simplified/images/s0840.png,0,tbx11k,9443
data/raw/tbx11k-simplified/images/s0842.png,0,tbx11k,9444
data/raw/tbx11k-simplified/images/s0844.png,0,tbx11k,9445
data/raw/tbx11k-simplified/images/s0846.png,0,tbx11k,9446
data/raw/tbx11k-simplified/images/s0848.png,0,tbx11k,9447
data/raw/tbx11k-simplified/images/s0849.png,0,tbx11k,9448
data/raw/tbx11k-simplified/images/s0851.png,0,tbx11k,9449
data/raw/tbx11k-simplified/images/s0852.png,0,tbx11k,9450
data/raw/tbx11k-simplified/images/s0853.png,0,tbx11k,9451
data/raw/tbx11k-simplified/images/s0854.png,0,tbx11k,9452
data/raw/tbx11k-simplified/images/s0855.png,0,tbx11k,9453
data/raw/tbx11k-simplified/images/s0857.png,0,tbx11k,9454
data/raw/tbx11k-simplified/images/s0858.png,0,tbx11k,9455
data/raw/tbx11k-simplified/images/s0859.png,0,tbx11k,9456
data/raw/tbx11k-simplified/images/s0862.png,0,tbx11k,9457
data/raw/tbx11k-simplified/images/s0863.png,0,tbx11k,9458
data/raw/tbx11k-simplified/images/s0864.png,0,tbx11k,9459
data/raw/tbx11k-simplified/images/s0865.png,0,tbx11k,9460
data/raw/tbx11k-simplified/images/s0866.png,0,tbx11k,9461
data/raw/tbx11k-simplified/images/s0867.png,0,tbx11k,9462
data/raw/tbx11k-simplified/images/s0868.png,0,tbx11k,9463
data/raw/tbx11k-simplified/images/s0869.png,0,tbx11k,9464
data/raw/tbx11k-simplified/images/s0870.png,0,tbx11k,9465
data/raw/tbx11k-simplified/images/s0871.png,0,tbx11k,9466
data/raw/tbx11k-simplified/images/s0872.png,0,tbx11k,9467
data/raw/tbx11k-simplified/images/s0876.png,0,tbx11k,9470
data/raw/tbx11k-simplified/images/s0878.png,0,tbx11k,9471
data/raw/tbx11k-simplified/images/s0882.png,0,tbx11k,9473
data/raw/tbx11k-simplified/images/s0883.png,0,tbx11k,9474
data/raw/tbx11k-simplified/images/s0884.png,0,tbx11k,9475
data/raw/tbx11k-simplified/images/s0885.png,0,tbx11k,9476
data/raw/tbx11k-simplified/images/s0888.png,0,tbx11k,9477
data/raw/tbx11k-simplified/images/s0889.png,0,tbx11k,9478
data/raw/tbx11k-simplified/images/s0891.png,0,tbx11k,9479
data/raw/tbx11k-simplified/images/s0893.png,0,tbx11k,9480
data/raw/tbx11k-simplified/images/s0894.png,0,tbx11k,9481
data/raw/tbx11k-simplified/images/s0898.png,0,tbx11k,9483
data/raw/tbx11k-simplified/images/s0899.png,0,tbx11k,9484
data/raw/tbx11k-simplified/images/s0900.png,0,tbx11k,9485
data/raw/tbx11k-simplified/images/s0902.png,0,tbx11k,9486
data/raw/tbx11k-simplified/images/s0903.png,0,tbx11k,9487
data/raw/tbx11k-simplified/images/s0906.png,0,tbx11k,9489
data/raw/tbx11k-simplified/images/s0908.png,0,tbx11k,9490
data/raw/tbx11k-simplified/images/s0909.png,0,tbx11k,9491
data/raw/tbx11k-simplified/images/s0912.png,0,tbx11k,9492
data/raw/tbx11k-simplified/images/s0913.png,0,tbx11k,9493
data/raw/tbx11k-simplified/images/s0914.png,0,tbx11k,9494
data/raw/tbx11k-simplified/images/s0915.png,0,tbx11k,9495
data/raw/tbx11k-simplified/images/s0916.png,0,tbx11k,9496
data/raw/tbx11k-simplified/images/s0920.png,0,tbx11k,9498
data/raw/tbx11k-simplified/images/s0922.png,0,tbx11k,9499
data/raw/tbx11k-simplified/images/s0923.png,0,tbx11k,9500
data/raw/tbx11k-simplified/images/s0924.png,0,tbx11k,9501
data/raw/tbx11k-simplified/images/s0927.png,0,tbx11k,9504
data/raw/tbx11k-simplified/images/s0929.png,0,tbx11k,9505
data/raw/tbx11k-simplified/images/s0930.png,0,tbx11k,9506
data/raw/tbx11k-simplified/images/s0932.png,0,tbx11k,9507
data/raw/tbx11k-simplified/images/s0934.png,0,tbx11k,9508
data/raw/tbx11k-simplified/images/s0936.png,0,tbx11k,9510
data/raw/tbx11k-simplified/images/s0938.png,0,tbx11k,9512
data/raw/tbx11k-simplified/images/s0939.png,0,tbx11k,9513
data/raw/tbx11k-simplified/images/s0940.png,0,tbx11k,9514
data/raw/tbx11k-simplified/images/s0942.png,0,tbx11k,9515
data/raw/tbx11k-simplified/images/s0943.png,0,tbx11k,9516
data/raw/tbx11k-simplified/images/s0948.png,0,tbx11k,9518
data/raw/tbx11k-simplified/images/s0949.png,0,tbx11k,9519
data/raw/tbx11k-simplified/images/s0950.png,0,tbx11k,9520
data/raw/tbx11k-simplified/images/s0952.png,0,tbx11k,9522
data/raw/tbx11k-simplified/images/s0953.png,0,tbx11k,9523
data/raw/tbx11k-simplified/images/s0957.png,0,tbx11k,9524
data/raw/tbx11k-simplified/images/s0958.png,0,tbx11k,9525
data/raw/tbx11k-simplified/images/s0961.png,0,tbx11k,9526
data/raw/tbx11k-simplified/images/s0963.png,0,tbx11k,9528
data/raw/tbx11k-simplified/images/s0964.png,0,tbx11k,9529
data/raw/tbx11k-simplified/images/s0965.png,0,tbx11k,9530
data/raw/tbx11k-simplified/images/s0966.png,0,tbx11k,9531
data/raw/tbx11k-simplified/images/s0967.png,0,tbx11k,9532
data/raw/tbx11k-simplified/images/s0968.png,0,tbx11k,9533
data/raw/tbx11k-simplified/images/s0969.png,0,tbx11k,9534
data/raw/tbx11k-simplified/images/s0972.png,0,tbx11k,9536
data/raw/tbx11k-simplified/images/s0973.png,0,tbx11k,9537
data/raw/tbx11k-simplified/images/s0974.png,0,tbx11k,9538
data/raw/tbx11k-simplified/images/s0975.png,0,tbx11k,9539
data/raw/tbx11k-simplified/images/s0978.png,0,tbx11k,9540
data/raw/tbx11k-simplified/images/s0979.png,0,tbx11k,9541
data/raw/tbx11k-simplified/images/s0981.png,0,tbx11k,9542
data/raw/tbx11k-simplified/images/s0982.png,0,tbx11k,9543
data/raw/tbx11k-simplified/images/s0983.png,0,tbx11k,9544
data/raw/tbx11k-simplified/images/s0985.png,0,tbx11k,9545
data/raw/tbx11k-simplified/images/s0986.png,0,tbx11k,9546
data/raw/tbx11k-simplified/images/s0987.png,0,tbx11k,9547
data/raw/tbx11k-simplified/images/s0989.png,0,tbx11k,9548
data/raw/tbx11k-simplified/images/s0991.png,0,tbx11k,9550
data/raw/tbx11k-simplified/images/s0995.png,0,tbx11k,9551
data/raw/tbx11k-simplified/images/s0996.png,0,tbx11k,9552
data/raw/tbx11k-simplified/images/s1001.png,0,tbx11k,9553
data/raw/tbx11k-simplified/images/s1003.png,0,tbx11k,9554
data/raw/tbx11k-simplified/images/s1004.png,0,tbx11k,9555
data/raw/tbx11k-simplified/images/s1006.png,0,tbx11k,9556
data/raw/tbx11k-simplified/images/s1007.png,0,tbx11k,9557
data/raw/tbx11k-simplified/images/s1009.png,0,tbx11k,9558
data/raw/tbx11k-simplified/images/s1010.png,0,tbx11k,9559
data/raw/tbx11k-simplified/images/s1011.png,0,tbx11k,9560
data/raw/tbx11k-simplified/images/s1012.png,0,tbx11k,9561
data/raw/tbx11k-simplified/images/s1014.png,0,tbx11k,9562
data/raw/tbx11k-simplified/images/s1015.png,0,tbx11k,9563
data/raw/tbx11k-simplified/images/s1017.png,0,tbx11k,9565
data/raw/tbx11k-simplified/images/s1018.png,0,tbx11k,9566
data/raw/tbx11k-simplified/images/s1019.png,0,tbx11k,9567
data/raw/tbx11k-simplified/images/s1021.png,0,tbx11k,9568
data/raw/tbx11k-simplified/images/s1024.png,0,tbx11k,9571
data/raw/tbx11k-simplified/images/s1026.png,0,tbx11k,9572
data/raw/tbx11k-simplified/images/s1027.png,0,tbx11k,9573
data/raw/tbx11k-simplified/images/s1030.png,0,tbx11k,9574
data/raw/tbx11k-simplified/images/s1031.png,0,tbx11k,9575
data/raw/tbx11k-simplified/images/s1032.png,0,tbx11k,9576
data/raw/tbx11k-simplified/images/s1034.png,0,tbx11k,9577
data/raw/tbx11k-simplified/images/s1035.png,0,tbx11k,9578
data/raw/tbx11k-simplified/images/s1037.png,0,tbx11k,9579
data/raw/tbx11k-simplified/images/s1038.png,0,tbx11k,9580
data/raw/tbx11k-simplified/images/s1039.png,0,tbx11k,9581
data/raw/tbx11k-simplified/images/s1040.png,0,tbx11k,9582
data/raw/tbx11k-simplified/images/s1045.png,0,tbx11k,9585
data/raw/tbx11k-simplified/images/s1046.png,0,tbx11k,9586
data/raw/tbx11k-simplified/images/s1048.png,0,tbx11k,9587
data/raw/tbx11k-simplified/images/s1049.png,0,tbx11k,9588
data/raw/tbx11k-simplified/images/s1051.png,0,tbx11k,9589
data/raw/tbx11k-simplified/images/s1052.png,0,tbx11k,9590
data/raw/tbx11k-simplified/images/s1053.png,0,tbx11k,9591
data/raw/tbx11k-simplified/images/s1056.png,0,tbx11k,9593
data/raw/tbx11k-simplified/images/s1057.png,0,tbx11k,9594
data/raw/tbx11k-simplified/images/s1058.png,0,tbx11k,9595
data/raw/tbx11k-simplified/images/s1060.png,0,tbx11k,9596
data/raw/tbx11k-simplified/images/s1061.png,0,tbx11k,9597
data/raw/tbx11k-simplified/images/s1063.png,0,tbx11k,9598
data/raw/tbx11k-simplified/images/s1067.png,0,tbx11k,9600
data/raw/tbx11k-simplified/images/s1069.png,0,tbx11k,9602
data/raw/tbx11k-simplified/images/s1070.png,0,tbx11k,9603
data/raw/tbx11k-simplified/images/s1071.png,0,tbx11k,9604
data/raw/tbx11k-simplified/images/s1072.png,0,tbx11k,9605
data/raw/tbx11k-simplified/images/s1073.png,0,tbx11k,9606
data/raw/tbx11k-simplified/images/s1075.png,0,tbx11k,9607
data/raw/tbx11k-simplified/images/s1076.png,0,tbx11k,9608
data/raw/tbx11k-simplified/images/s1077.png,0,tbx11k,9609
data/raw/tbx11k-simplified/images/s1078.png,0,tbx11k,9610
data/raw/tbx11k-simplified/images/s1083.png,0,tbx11k,9614
data/raw/tbx11k-simplified/images/s1084.png,0,tbx11k,9615
data/raw/tbx11k-simplified/images/s1085.png,0,tbx11k,9616
data/raw/tbx11k-simplified/images/s1087.png,0,tbx11k,9617
data/raw/tbx11k-simplified/images/s1090.png,0,tbx11k,9620
data/raw/tbx11k-simplified/images/s1092.png,0,tbx11k,9622
data/raw/tbx11k-simplified/images/s1095.png,0,tbx11k,9623
data/raw/tbx11k-simplified/images/s1096.png,0,tbx11k,9624
data/raw/tbx11k-simplified/images/s1097.png,0,tbx11k,9625
data/raw/tbx11k-simplified/images/s1098.png,0,tbx11k,9626
data/raw/tbx11k-simplified/images/s1099.png,0,tbx11k,9627
data/raw/tbx11k-simplified/images/s1100.png,0,tbx11k,9628
data/raw/tbx11k-simplified/images/s1101.png,0,tbx11k,9629
data/raw/tbx11k-simplified/images/s1104.png,0,tbx11k,9631
data/raw/tbx11k-simplified/images/s1105.png,0,tbx11k,9632
data/raw/tbx11k-simplified/images/s1107.png,0,tbx11k,9634
data/raw/tbx11k-simplified/images/s1109.png,0,tbx11k,9636
data/raw/tbx11k-simplified/images/s1111.png,0,tbx11k,9637
data/raw/tbx11k-simplified/images/s1112.png,0,tbx11k,9638
data/raw/tbx11k-simplified/images/s1114.png,0,tbx11k,9639
data/raw/tbx11k-simplified/images/s1115.png,0,tbx11k,9640
data/raw/tbx11k-simplified/images/s1116.png,0,tbx11k,9641
data/raw/tbx11k-simplified/images/s1117.png,0,tbx11k,9642
data/raw/tbx11k-simplified/images/s1118.png,0,tbx11k,9643
data/raw/tbx11k-simplified/images/s1120.png,0,tbx11k,9645
data/raw/tbx11k-simplified/images/s1121.png,0,tbx11k,9646
data/raw/tbx11k-simplified/images/s1122.png,0,tbx11k,9647
data/raw/tbx11k-simplified/images/s1124.png,0,tbx11k,9648
data/raw/tbx11k-simplified/images/s1125.png,0,tbx11k,9649
data/raw/tbx11k-simplified/images/s1126.png,0,tbx11k,9650
data/raw/tbx11k-simplified/images/s1129.png,0,tbx11k,9651
data/raw/tbx11k-simplified/images/s1132.png,0,tbx11k,9652
data/raw/tbx11k-simplified/images/s1133.png,0,tbx11k,9653
data/raw/tbx11k-simplified/images/s1135.png,0,tbx11k,9655
data/raw/tbx11k-simplified/images/s1138.png,0,tbx11k,9656
data/raw/tbx11k-simplified/images/s1139.png,0,tbx11k,9657
data/raw/tbx11k-simplified/images/s1140.png,0,tbx11k,9658
data/raw/tbx11k-simplified/images/s1141.png,0,tbx11k,9659
data/raw/tbx11k-simplified/images/s1143.png,0,tbx11k,9660
data/raw/tbx11k-simplified/images/s1144.png,0,tbx11k,9661
data/raw/tbx11k-simplified/images/s1146.png,0,tbx11k,9662
data/raw/tbx11k-simplified/images/s1151.png,0,tbx11k,9665
data/raw/tbx11k-simplified/images/s1153.png,0,tbx11k,9666
data/raw/tbx11k-simplified/images/s1154.png,0,tbx11k,9667
data/raw/tbx11k-simplified/images/s1155.png,0,tbx11k,9668
data/raw/tbx11k-simplified/images/s1157.png,0,tbx11k,9669
data/raw/tbx11k-simplified/images/s1158.png,0,tbx11k,9670
data/raw/tbx11k-simplified/images/s1159.png,0,tbx11k,9671
data/raw/tbx11k-simplified/images/s1160.png,0,tbx11k,9672
data/raw/tbx11k-simplified/images/s1161.png,0,tbx11k,9673
data/raw/tbx11k-simplified/images/s1166.png,0,tbx11k,9676
data/raw/tbx11k-simplified/images/s1167.png,0,tbx11k,9677
data/raw/tbx11k-simplified/images/s1168.png,0,tbx11k,9678
data/raw/tbx11k-simplified/images/s1169.png,0,tbx11k,9679
data/raw/tbx11k-simplified/images/s1170.png,0,tbx11k,9680
data/raw/tbx11k-simplified/images/s1172.png,0,tbx11k,9681
data/raw/tbx11k-simplified/images/s1174.png,0,tbx11k,9682
data/raw/tbx11k-simplified/images/s1175.png,0,tbx11k,9683
data/raw/tbx11k-simplified/images/s1176.png,0,tbx11k,9684
data/raw/tbx11k-simplified/images/s1178.png,0,tbx11k,9686
data/raw/tbx11k-simplified/images/s1180.png,0,tbx11k,9688
data/raw/tbx11k-simplified/images/s1181.png,0,tbx11k,9689
data/raw/tbx11k-simplified/images/s1182.png,0,tbx11k,9690
data/raw/tbx11k-simplified/images/s1184.png,0,tbx11k,9691
data/raw/tbx11k-simplified/images/s1185.png,0,tbx11k,9692
data/raw/tbx11k-simplified/images/s1188.png,0,tbx11k,9694
data/raw/tbx11k-simplified/images/s1191.png,0,tbx11k,9696
data/raw/tbx11k-simplified/images/s1193.png,0,tbx11k,9698
data/raw/tbx11k-simplified/images/s1194.png,0,tbx11k,9699
data/raw/tbx11k-simplified/images/s1195.png,0,tbx11k,9700
data/raw/tbx11k-simplified/images/s1196.png,0,tbx11k,9701
data/raw/tbx11k-simplified/images/s1200.png,0,tbx11k,9703
data/raw/tbx11k-simplified/images/s1201.png,0,tbx11k,9704
data/raw/tbx11k-simplified/images/s1202.png,0,tbx11k,9705
data/raw/tbx11k-simplified/images/s1204.png,0,tbx11k,9706
data/raw/tbx11k-simplified/images/s1205.png,0,tbx11k,9707
data/raw/tbx11k-simplified/images/s1206.png,0,tbx11k,9708
data/raw/tbx11k-simplified/images/s1209.png,0,tbx11k,9709
data/raw/tbx11k-simplified/images/s1211.png,0,tbx11k,9711
data/raw/tbx11k-simplified/images/s1214.png,0,tbx11k,9712
data/raw/tbx11k-simplified/images/s1215.png,0,tbx11k,9713
data/raw/tbx11k-simplified/images/s1216.png,0,tbx11k,9714
data/raw/tbx11k-simplified/images/s1217.png,0,tbx11k,9715
data/raw/tbx11k-simplified/images/s1218.png,0,tbx11k,9716
data/raw/tbx11k-simplified/images/s1219.png,0,tbx11k,9717
data/raw/tbx11k-simplified/images/s1222.png,0,tbx11k,9719
data/raw/tbx11k-simplified/images/s1223.png,0,tbx11k,9720
data/raw/tbx11k-simplified/images/s1224.png,0,tbx11k,9721
data/raw/tbx11k-simplified/images/s1225.png,0,tbx11k,9722
data/raw/tbx11k-simplified/images/s1226.png,0,tbx11k,9723
data/raw/tbx11k-simplified/images/s1227.png,0,tbx11k,9724
data/raw/tbx11k-simplified/images/s1228.png,0,tbx11k,9725
data/raw/tbx11k-simplified/images/s1229.png,0,tbx11k,9726
data/raw/tbx11k-simplified/images/s1231.png,0,tbx11k,9727
data/raw/tbx11k-simplified/images/s1232.png,0,tbx11k,9728
data/raw/tbx11k-simplified/images/s1233.png,0,tbx11k,9729
data/raw/tbx11k-simplified/images/s1235.png,0,tbx11k,9731
data/raw/tbx11k-simplified/images/s1238.png,0,tbx11k,9732
data/raw/tbx11k-simplified/images/s1239.png,0,tbx11k,9733
data/raw/tbx11k-simplified/images/s1241.png,0,tbx11k,9734
data/raw/tbx11k-simplified/images/s1242.png,0,tbx11k,9735
data/raw/tbx11k-simplified/images/s1243.png,0,tbx11k,9736
data/raw/tbx11k-simplified/images/s1245.png,0,tbx11k,9738
data/raw/tbx11k-simplified/images/s1247.png,0,tbx11k,9740
data/raw/tbx11k-simplified/images/s1248.png,0,tbx11k,9741
data/raw/tbx11k-simplified/images/s1249.png,0,tbx11k,9742
data/raw/tbx11k-simplified/images/s1250.png,0,tbx11k,9743
data/raw/tbx11k-simplified/images/s1251.png,0,tbx11k,9744
data/raw/tbx11k-simplified/images/s1252.png,0,tbx11k,9745
data/raw/tbx11k-simplified/images/s1253.png,0,tbx11k,9746
data/raw/tbx11k-simplified/images/s1254.png,0,tbx11k,9747
data/raw/tbx11k-simplified/images/s1257.png,0,tbx11k,9749
data/raw/tbx11k-simplified/images/s1258.png,0,tbx11k,9750
data/raw/tbx11k-simplified/images/s1259.png,0,tbx11k,9751
data/raw/tbx11k-simplified/images/s1260.png,0,tbx11k,9752
data/raw/tbx11k-simplified/images/s1265.png,0,tbx11k,9755
data/raw/tbx11k-simplified/images/s1266.png,0,tbx11k,9756
data/raw/tbx11k-simplified/images/s1268.png,0,tbx11k,9758
data/raw/tbx11k-simplified/images/s1270.png,0,tbx11k,9759
data/raw/tbx11k-simplified/images/s1271.png,0,tbx11k,9760
data/raw/tbx11k-simplified/images/s1273.png,0,tbx11k,9761
data/raw/tbx11k-simplified/images/s1274.png,0,tbx11k,9762
data/raw/tbx11k-simplified/images/s1275.png,0,tbx11k,9763
data/raw/tbx11k-simplified/images/s1276.png,0,tbx11k,9764
data/raw/tbx11k-simplified/images/s1278.png,0,tbx11k,9765
data/raw/tbx11k-simplified/images/s1285.png,0,tbx11k,9769
data/raw/tbx11k-simplified/images/s1286.png,0,tbx11k,9770
data/raw/tbx11k-simplified/images/s1289.png,0,tbx11k,9773
data/raw/tbx11k-simplified/images/s1290.png,0,tbx11k,9774
data/raw/tbx11k-simplified/images/s1291.png,0,tbx11k,9775
data/raw/tbx11k-simplified/images/s1293.png,0,tbx11k,9776
data/raw/tbx11k-simplified/images/s1295.png,0,tbx11k,9778
data/raw/tbx11k-simplified/images/s1297.png,0,tbx11k,9780
data/raw/tbx11k-simplified/images/s1298.png,0,tbx11k,9781
data/raw/tbx11k-simplified/images/s1300.png,0,tbx11k,9782
data/raw/tbx11k-simplified/images/s1301.png,0,tbx11k,9783
data/raw/tbx11k-simplified/images/s1302.png,0,tbx11k,9784
data/raw/tbx11k-simplified/images/s1303.png,0,tbx11k,9785
data/raw/tbx11k-simplified/images/s1304.png,0,tbx11k,9786
data/raw/tbx11k-simplified/images/s1305.png,0,tbx11k,9787
data/raw/tbx11k-simplified/images/s1306.png,0,tbx11k,9788
data/raw/tbx11k-simplified/images/s1307.png,0,tbx11k,9789
data/raw/tbx11k-simplified/images/s1309.png,0,tbx11k,9790
data/raw/tbx11k-simplified/images/s1310.png,0,tbx11k,9791
data/raw/tbx11k-simplified/images/s1312.png,0,tbx11k,9792
data/raw/tbx11k-simplified/images/s1313.png,0,tbx11k,9793
data/raw/tbx11k-simplified/images/s1314.png,0,tbx11k,9794
data/raw/tbx11k-simplified/images/s1317.png,0,tbx11k,9795
data/raw/tbx11k-simplified/images/s1318.png,0,tbx11k,9796
data/raw/tbx11k-simplified/images/s1320.png,0,tbx11k,9797
data/raw/tbx11k-simplified/images/s1322.png,0,tbx11k,9798
data/raw/tbx11k-simplified/images/s1326.png,0,tbx11k,9800
data/raw/tbx11k-simplified/images/s1327.png,0,tbx11k,9801
data/raw/tbx11k-simplified/images/s1328.png,0,tbx11k,9802
data/raw/tbx11k-simplified/images/s1329.png,0,tbx11k,9803
data/raw/tbx11k-simplified/images/s1330.png,0,tbx11k,9804
data/raw/tbx11k-simplified/images/s1332.png,0,tbx11k,9805
data/raw/tbx11k-simplified/images/s1335.png,0,tbx11k,9806
data/raw/tbx11k-simplified/images/s1336.png,0,tbx11k,9807
data/raw/tbx11k-simplified/images/s1338.png,0,tbx11k,9809
data/raw/tbx11k-simplified/images/s1340.png,0,tbx11k,9810
data/raw/tbx11k-simplified/images/s1341.png,0,tbx11k,9811
data/raw/tbx11k-simplified/images/s1343.png,0,tbx11k,9812
data/raw/tbx11k-simplified/images/s1346.png,0,tbx11k,9814
data/raw/tbx11k-simplified/images/s1349.png,0,tbx11k,9816
data/raw/tbx11k-simplified/images/s1351.png,0,tbx11k,9818
data/raw/tbx11k-simplified/images/s1353.png,0,tbx11k,9819
data/raw/tbx11k-simplified/images/s1354.png,0,tbx11k,9820
data/raw/tbx11k-simplified/images/s1355.png,0,tbx11k,9821
data/raw/tbx11k-simplified/images/s1358.png,0,tbx11k,9823
data/raw/tbx11k-simplified/images/s1359.png,0,tbx11k,9824
data/raw/tbx11k-simplified/images/s1362.png,0,tbx11k,9825
data/raw/tbx11k-simplified/images/s1363.png,0,tbx11k,9826
data/raw/tbx11k-simplified/images/s1366.png,0,tbx11k,9828
data/raw/tbx11k-simplified/images/s1368.png,0,tbx11k,9830
data/raw/tbx11k-simplified/images/s1369.png,0,tbx11k,9831
data/raw/tbx11k-simplified/images/s1370.png,0,tbx11k,9832
data/raw/tbx11k-simplified/images/s1371.png,0,tbx11k,9833
data/raw/tbx11k-simplified/images/s1372.png,0,tbx11k,9834
data/raw/tbx11k-simplified/images/s1373.png,0,tbx11k,9835
data/raw/tbx11k-simplified/images/s1374.png,0,tbx11k,9836
data/raw/tbx11k-simplified/images/s1375.png,0,tbx11k,9837
data/raw/tbx11k-simplified/images/s1377.png,0,tbx11k,9838
data/raw/tbx11k-simplified/images/s1379.png,0,tbx11k,9840
data/raw/tbx11k-simplified/images/s1380.png,0,tbx11k,9841
data/raw/tbx11k-simplified/images/s1383.png,0,tbx11k,9844
data/raw/tbx11k-simplified/images/s1388.png,0,tbx11k,9847
data/raw/tbx11k-simplified/images/s1389.png,0,tbx11k,9848
data/raw/tbx11k-simplified/images/s1390.png,0,tbx11k,9849
data/raw/tbx11k-simplified/images/s1392.png,0,tbx11k,9850
data/raw/tbx11k-simplified/images/s1394.png,0,tbx11k,9851
data/raw/tbx11k-simplified/images/s1395.png,0,tbx11k,9852
data/raw/tbx11k-simplified/images/s1396.png,0,tbx11k,9853
data/raw/tbx11k-simplified/images/s1401.png,0,tbx11k,9855
data/raw/tbx11k-simplified/images/s1402.png,0,tbx11k,9856
data/raw/tbx11k-simplified/images/s1407.png,0,tbx11k,9859
data/raw/tbx11k-simplified/images/s1408.png,0,tbx11k,9860
data/raw/tbx11k-simplified/images/s1409.png,0,tbx11k,9861
data/raw/tbx11k-simplified/images/s1412.png,0,tbx11k,9862
data/raw/tbx11k-simplified/images/s1413.png,0,tbx11k,9863
data/raw/tbx11k-simplified/images/s1414.png,0,tbx11k,9864
data/raw/tbx11k-simplified/images/s1422.png,0,tbx11k,9866
data/raw/tbx11k-simplified/images/s1423.png,0,tbx11k,9867
data/raw/tbx11k-simplified/images/s1425.png,0,tbx11k,9869
data/raw/tbx11k-simplified/images/s1426.png,0,tbx11k,9870
data/raw/tbx11k-simplified/images/s1427.png,0,tbx11k,9871
data/raw/tbx11k-simplified/images/s1428.png,0,tbx11k,9872
data/raw/tbx11k-simplified/images/s1430.png,0,tbx11k,9873
data/raw/tbx11k-simplified/images/s1431.png,0,tbx11k,9874
data/raw/tbx11k-simplified/images/s1432.png,0,tbx11k,9875
data/raw/tbx11k-simplified/images/s1435.png,0,tbx11k,9877
data/raw/tbx11k-simplified/images/s1436.png,0,tbx11k,9878
data/raw/tbx11k-simplified/images/s1438.png,0,tbx11k,9879
data/raw/tbx11k-simplified/images/s1439.png,0,tbx11k,9880
data/raw/tbx11k-simplified/images/s1442.png,0,tbx11k,9883
data/raw/tbx11k-simplified/images/s1443.png,0,tbx11k,9884
data/raw/tbx11k-simplified/images/s1444.png,0,tbx11k,9885
data/raw/tbx11k-simplified/images/s1445.png,0,tbx11k,9886
data/raw/tbx11k-simplified/images/s1446.png,0,tbx11k,9887
data/raw/tbx11k-simplified/images/s1447.png,0,tbx11k,9888
data/raw/tbx11k-simplified/images/s1448.png,0,tbx11k,9889
data/raw/tbx11k-simplified/images/s1449.png,0,tbx11k,9890
data/raw/tbx11k-simplified/images/s1451.png,0,tbx11k,9892
data/raw/tbx11k-simplified/images/s1452.png,0,tbx11k,9893
data/raw/tbx11k-simplified/images/s1453.png,0,tbx11k,9894
data/raw/tbx11k-simplified/images/s1456.png,0,tbx11k,9896
data/raw/tbx11k-simplified/images/s1457.png,0,tbx11k,9897
data/raw/tbx11k-simplified/images/s1458.png,0,tbx11k,9898
data/raw/tbx11k-simplified/images/s1459.png,0,tbx11k,9899
data/raw/tbx11k-simplified/images/s1462.png,0,tbx11k,9900
data/raw/tbx11k-simplified/images/s1463.png,0,tbx11k,9901
data/raw/tbx11k-simplified/images/s1466.png,0,tbx11k,9902
data/raw/tbx11k-simplified/images/s1467.png,0,tbx11k,9903
data/raw/tbx11k-simplified/images/s1469.png,0,tbx11k,9904
data/raw/tbx11k-simplified/images/s1470.png,0,tbx11k,9905
data/raw/tbx11k-simplified/images/s1471.png,0,tbx11k,9906
data/raw/tbx11k-simplified/images/s1472.png,0,tbx11k,9907
data/raw/tbx11k-simplified/images/s1474.png,0,tbx11k,9908
data/raw/tbx11k-simplified/images/s1475.png,0,tbx11k,9909
data/raw/tbx11k-simplified/images/s1476.png,0,tbx11k,9910
data/raw/tbx11k-simplified/images/s1477.png,0,tbx11k,9911
data/raw/tbx11k-simplified/images/s1478.png,0,tbx11k,9912
data/raw/tbx11k-simplified/images/s1481.png,0,tbx11k,9913
data/raw/tbx11k-simplified/images/s1482.png,0,tbx11k,9914
data/raw/tbx11k-simplified/images/s1483.png,0,tbx11k,9915
data/raw/tbx11k-simplified/images/s1484.png,0,tbx11k,9916
data/raw/tbx11k-simplified/images/s1485.png,0,tbx11k,9917
data/raw/tbx11k-simplified/images/s1486.png,0,tbx11k,9918
data/raw/tbx11k-simplified/images/s1488.png,0,tbx11k,9919
data/raw/tbx11k-simplified/images/s1489.png,0,tbx11k,9920
data/raw/tbx11k-simplified/images/s1491.png,0,tbx11k,9922
data/raw/tbx11k-simplified/images/s1492.png,0,tbx11k,9923
data/raw/tbx11k-simplified/images/s1494.png,0,tbx11k,9924
data/raw/tbx11k-simplified/images/s1495.png,0,tbx11k,9925
data/raw/tbx11k-simplified/images/s1496.png,0,tbx11k,9926
data/raw/tbx11k-simplified/images/s1501.png,0,tbx11k,9929
data/raw/tbx11k-simplified/images/s1502.png,0,tbx11k,9930
data/raw/tbx11k-simplified/images/s1504.png,0,tbx11k,9932
data/raw/tbx11k-simplified/images/s1505.png,0,tbx11k,9933
data/raw/tbx11k-simplified/images/s1507.png,0,tbx11k,9935
data/raw/tbx11k-simplified/images/s1508.png,0,tbx11k,9936
data/raw/tbx11k-simplified/images/s1509.png,0,tbx11k,9937
data/raw/tbx11k-simplified/images/s1513.png,0,tbx11k,9939
data/raw/tbx11k-simplified/images/s1515.png,0,tbx11k,9941
data/raw/tbx11k-simplified/images/s1516.png,0,tbx11k,9942
data/raw/tbx11k-simplified/images/s1523.png,0,tbx11k,9945
data/raw/tbx11k-simplified/images/s1524.png,0,tbx11k,9946
data/raw/tbx11k-simplified/images/s1525.png,0,tbx11k,9947
data/raw/tbx11k-simplified/images/s1526.png,0,tbx11k,9948
data/raw/tbx11k-simplified/images/s1527.png,0,tbx11k,9949
data/raw/tbx11k-simplified/images/s1528.png,0,tbx11k,9950
data/raw/tbx11k-simplified/images/s1529.png,0,tbx11k,9951
data/raw/tbx11k-simplified/images/s1531.png,0,tbx11k,9952
data/raw/tbx11k-simplified/images/s1532.png,0,tbx11k,9953
data/raw/tbx11k-simplified/images/s1533.png,0,tbx11k,9954
data/raw/tbx11k-simplified/images/s1534.png,0,tbx11k,9955
data/raw/tbx11k-simplified/images/s1536.png,0,tbx11k,9956
data/raw/tbx11k-simplified/images/s1538.png,0,tbx11k,9958
data/raw/tbx11k-simplified/images/s1541.png,0,tbx11k,9959
data/raw/tbx11k-simplified/images/s1543.png,0,tbx11k,9961
data/raw/tbx11k-simplified/images/s1546.png,0,tbx11k,9962
data/raw/tbx11k-simplified/images/s1547.png,0,tbx11k,9963
data/raw/tbx11k-simplified/images/s1548.png,0,tbx11k,9964
data/raw/tbx11k-simplified/images/s1549.png,0,tbx11k,9965
data/raw/tbx11k-simplified/images/s1550.png,0,tbx11k,9966
data/raw/tbx11k-simplified/images/s1552.png,0,tbx11k,9967
data/raw/tbx11k-simplified/images/s1553.png,0,tbx11k,9968
data/raw/tbx11k-simplified/images/s1555.png,0,tbx11k,9969
data/raw/tbx11k-simplified/images/s1556.png,0,tbx11k,9970
data/raw/tbx11k-simplified/images/s1559.png,0,tbx11k,9972
data/raw/tbx11k-simplified/images/s1560.png,0,tbx11k,9973
data/raw/tbx11k-simplified/images/s1561.png,0,tbx11k,9974
data/raw/tbx11k-simplified/images/s1562.png,0,tbx11k,9975
data/raw/tbx11k-simplified/images/s1566.png,0,tbx11k,9976
data/raw/tbx11k-simplified/images/s1567.png,0,tbx11k,9977
data/raw/tbx11k-simplified/images/s1569.png,0,tbx11k,9978
data/raw/tbx11k-simplified/images/s1570.png,0,tbx11k,9979
data/raw/tbx11k-simplified/images/s1571.png,0,tbx11k,9980
data/raw/tbx11k-simplified/images/s1572.png,0,tbx11k,9981
data/raw/tbx11k-simplified/images/s1575.png,0,tbx11k,9983
data/raw/tbx11k-simplified/images/s1576.png,0,tbx11k,9984
data/raw/tbx11k-simplified/images/s1578.png,0,tbx11k,9985
data/raw/tbx11k-simplified/images/s1581.png,0,tbx11k,9986
data/raw/tbx11k-simplified/images/s1582.png,0,tbx11k,9987
data/raw/tbx11k-simplified/images/s1583.png,0,tbx11k,9988
data/raw/tbx11k-simplified/images/s1584.png,0,tbx11k,9989
data/raw/tbx11k-simplified/images/s1585.png,0,tbx11k,9990
data/raw/tbx11k-simplified/images/s1586.png,0,tbx11k,9991
data/raw/tbx11k-simplified/images/s1587.png,0,tbx11k,9992
data/raw/tbx11k-simplified/images/s1588.png,0,tbx11k,9993
data/raw/tbx11k-simplified/images/s1589.png,0,tbx11k,9994
data/raw/tbx11k-simplified/images/s1590.png,0,tbx11k,9995
data/raw/tbx11k-simplified/images/s1592.png,0,tbx11k,9996
data/raw/tbx11k-simplified/images/s1594.png,0,tbx11k,9997
data/raw/tbx11k-simplified/images/s1597.png,0,tbx11k,9999
data/raw/tbx11k-simplified/images/s1598.png,0,tbx11k,10000
data/raw/tbx11k-simplified/images/s1599.png,0,tbx11k,10001
data/raw/tbx11k-simplified/images/s1600.png,0,tbx11k,10002
data/raw/tbx11k-simplified/images/s1604.png,0,tbx11k,10006
data/raw/tbx11k-simplified/images/s1605.png,0,tbx11k,10007
data/raw/tbx11k-simplified/images/s1606.png,0,tbx11k,10008
data/raw/tbx11k-simplified/images/s1607.png,0,tbx11k,10009
data/raw/tbx11k-simplified/images/s1608.png,0,tbx11k,10010
data/raw/tbx11k-simplified/images/s1610.png,0,tbx11k,10011
data/raw/tbx11k-simplified/images/s1612.png,0,tbx11k,10013
data/raw/tbx11k-simplified/images/s1613.png,0,tbx11k,10014
data/raw/tbx11k-simplified/images/s1614.png,0,tbx11k,10015
data/raw/tbx11k-simplified/images/s1616.png,0,tbx11k,10016
data/raw/tbx11k-simplified/images/s1618.png,0,tbx11k,10017
data/raw/tbx11k-simplified/images/s1619.png,0,tbx11k,10018
data/raw/tbx11k-simplified/images/s1620.png,0,tbx11k,10019
data/raw/tbx11k-simplified/images/s1621.png,0,tbx11k,10020
data/raw/tbx11k-simplified/images/s1624.png,0,tbx11k,10023
data/raw/tbx11k-simplified/images/s1625.png,0,tbx11k,10024
data/raw/tbx11k-simplified/images/s1627.png,0,tbx11k,10026
data/raw/tbx11k-simplified/images/s1629.png,0,tbx11k,10028
data/raw/tbx11k-simplified/images/s1630.png,0,tbx11k,10029
data/raw/tbx11k-simplified/images/s1631.png,0,tbx11k,10030
data/raw/tbx11k-simplified/images/s1633.png,0,tbx11k,10031
data/raw/tbx11k-simplified/images/s1636.png,0,tbx11k,10032
data/raw/tbx11k-simplified/images/s1637.png,0,tbx11k,10033
data/raw/tbx11k-simplified/images/s1638.png,0,tbx11k,10034
data/raw/tbx11k-simplified/images/s1639.png,0,tbx11k,10035
data/raw/tbx11k-simplified/images/s1640.png,0,tbx11k,10036
data/raw/tbx11k-simplified/images/s1641.png,0,tbx11k,10037
data/raw/tbx11k-simplified/images/s1642.png,0,tbx11k,10038
data/raw/tbx11k-simplified/images/s1643.png,0,tbx11k,10039
data/raw/tbx11k-simplified/images/s1645.png,0,tbx11k,10040
data/raw/tbx11k-simplified/images/s1646.png,0,tbx11k,10041
data/raw/tbx11k-simplified/images/s1647.png,0,tbx11k,10042
data/raw/tbx11k-simplified/images/s1648.png,0,tbx11k,10043
data/raw/tbx11k-simplified/images/s1649.png,0,tbx11k,10044
data/raw/tbx11k-simplified/images/s1650.png,0,tbx11k,10045
data/raw/tbx11k-simplified/images/s1653.png,0,tbx11k,10047
data/raw/tbx11k-simplified/images/s1654.png,0,tbx11k,10048
data/raw/tbx11k-simplified/images/s1656.png,0,tbx11k,10049
data/raw/tbx11k-simplified/images/s1658.png,0,tbx11k,10051
data/raw/tbx11k-simplified/images/s1661.png,0,tbx11k,10053
data/raw/tbx11k-simplified/images/s1663.png,0,tbx11k,10055
data/raw/tbx11k-simplified/images/s1664.png,0,tbx11k,10056
data/raw/tbx11k-simplified/images/s1665.png,0,tbx11k,10057
data/raw/tbx11k-simplified/images/s1666.png,0,tbx11k,10058
data/raw/tbx11k-simplified/images/s1668.png,0,tbx11k,10059
data/raw/tbx11k-simplified/images/s1670.png,0,tbx11k,10060
data/raw/tbx11k-simplified/images/s1671.png,0,tbx11k,10061
data/raw/tbx11k-simplified/images/s1673.png,0,tbx11k,10062
data/raw/tbx11k-simplified/images/s1678.png,0,tbx11k,10064
data/raw/tbx11k-simplified/images/s1679.png,0,tbx11k,10065
data/raw/tbx11k-simplified/images/s1680.png,0,tbx11k,10066
data/raw/tbx11k-simplified/images/s1681.png,0,tbx11k,10067
data/raw/tbx11k-simplified/images/s1682.png,0,tbx11k,10068
data/raw/tbx11k-simplified/images/s1683.png,0,tbx11k,10069
data/raw/tbx11k-simplified/images/s1688.png,0,tbx11k,10071
data/raw/tbx11k-simplified/images/s1691.png,0,tbx11k,10073
data/raw/tbx11k-simplified/images/s1693.png,0,tbx11k,10075
data/raw/tbx11k-simplified/images/s1694.png,0,tbx11k,10076
data/raw/tbx11k-simplified/images/s1696.png,0,tbx11k,10078
data/raw/tbx11k-simplified/images/s1697.png,0,tbx11k,10079
data/raw/tbx11k-simplified/images/s1698.png,0,tbx11k,10080
data/raw/tbx11k-simplified/images/s1702.png,0,tbx11k,10082
data/raw/tbx11k-simplified/images/s1703.png,0,tbx11k,10083
data/raw/tbx11k-simplified/images/s1704.png,0,tbx11k,10084
data/raw/tbx11k-simplified/images/s1705.png,0,tbx11k,10085
data/raw/tbx11k-simplified/images/s1706.png,0,tbx11k,10086
data/raw/tbx11k-simplified/images/s1708.png,0,tbx11k,10088
data/raw/tbx11k-simplified/images/s1709.png,0,tbx11k,10089
data/raw/tbx11k-simplified/images/s1710.png,0,tbx11k,10090
data/raw/tbx11k-simplified/images/s1711.png,0,tbx11k,10091
data/raw/tbx11k-simplified/images/s1712.png,0,tbx11k,10092
data/raw/tbx11k-simplified/images/s1714.png,0,tbx11k,10094
data/raw/tbx11k-simplified/images/s1715.png,0,tbx11k,10095
data/raw/tbx11k-simplified/images/s1717.png,0,tbx11k,10096
data/raw/tbx11k-simplified/images/s1720.png,0,tbx11k,10098
data/raw/tbx11k-simplified/images/s1721.png,0,tbx11k,10099
data/raw/tbx11k-simplified/images/s1722.png,0,tbx11k,10100
data/raw/tbx11k-simplified/images/s1723.png,0,tbx11k,10101
data/raw/tbx11k-simplified/images/s1724.png,0,tbx11k,10102
data/raw/tbx11k-simplified/images/s1725.png,0,tbx11k,10103
data/raw/tbx11k-simplified/images/s1726.png,0,tbx11k,10104
data/raw/tbx11k-simplified/images/s1727.png,0,tbx11k,10105
data/raw/tbx11k-simplified/images/s1728.png,0,tbx11k,10106
data/raw/tbx11k-simplified/images/s1730.png,0,tbx11k,10108
data/raw/tbx11k-simplified/images/s1731.png,0,tbx11k,10109
data/raw/tbx11k-simplified/images/s1732.png,0,tbx11k,10110
data/raw/tbx11k-simplified/images/s1735.png,0,tbx11k,10111
data/raw/tbx11k-simplified/images/s1736.png,0,tbx11k,10112
data/raw/tbx11k-simplified/images/s1737.png,0,tbx11k,10113
data/raw/tbx11k-simplified/images/s1738.png,0,tbx11k,10114
data/raw/tbx11k-simplified/images/s1739.png,0,tbx11k,10115
data/raw/tbx11k-simplified/images/s1741.png,0,tbx11k,10116
data/raw/tbx11k-simplified/images/s1742.png,0,tbx11k,10117
data/raw/tbx11k-simplified/images/s1744.png,0,tbx11k,10119
data/raw/tbx11k-simplified/images/s1746.png,0,tbx11k,10121
data/raw/tbx11k-simplified/images/s1747.png,0,tbx11k,10122
data/raw/tbx11k-simplified/images/s1748.png,0,tbx11k,10123
data/raw/tbx11k-simplified/images/s1749.png,0,tbx11k,10124
data/raw/tbx11k-simplified/images/s1750.png,0,tbx11k,10125
data/raw/tbx11k-simplified/images/s1751.png,0,tbx11k,10126
data/raw/tbx11k-simplified/images/s1752.png,0,tbx11k,10127
data/raw/tbx11k-simplified/images/s1753.png,0,tbx11k,10128
data/raw/tbx11k-simplified/images/s1757.png,0,tbx11k,10131
data/raw/tbx11k-simplified/images/s1761.png,0,tbx11k,10134
data/raw/tbx11k-simplified/images/s1762.png,0,tbx11k,10135
data/raw/tbx11k-simplified/images/s1763.png,0,tbx11k,10136
data/raw/tbx11k-simplified/images/s1764.png,0,tbx11k,10137
data/raw/tbx11k-simplified/images/s1766.png,0,tbx11k,10139
data/raw/tbx11k-simplified/images/s1768.png,0,tbx11k,10140
data/raw/tbx11k-simplified/images/s1772.png,0,tbx11k,10144
data/raw/tbx11k-simplified/images/s1773.png,0,tbx11k,10145
data/raw/tbx11k-simplified/images/s1774.png,0,tbx11k,10146
data/raw/tbx11k-simplified/images/s1777.png,0,tbx11k,10148
data/raw/tbx11k-simplified/images/s1781.png,0,tbx11k,10151
data/raw/tbx11k-simplified/images/s1782.png,0,tbx11k,10152
data/raw/tbx11k-simplified/images/s1783.png,0,tbx11k,10153
data/raw/tbx11k-simplified/images/s1785.png,0,tbx11k,10154
data/raw/tbx11k-simplified/images/s1786.png,0,tbx11k,10155
data/raw/tbx11k-simplified/images/s1787.png,0,tbx11k,10156
data/raw/tbx11k-simplified/images/s1789.png,0,tbx11k,10158
data/raw/tbx11k-simplified/images/s1790.png,0,tbx11k,10159
data/raw/tbx11k-simplified/images/s1791.png,0,tbx11k,10160
data/raw/tbx11k-simplified/images/s1792.png,0,tbx11k,10161
data/raw/tbx11k-simplified/images/s1794.png,0,tbx11k,10162
data/raw/tbx11k-simplified/images/s1795.png,0,tbx11k,10163
data/raw/tbx11k-simplified/images/s1797.png,0,tbx11k,10165
data/raw/tbx11k-simplified/images/s1798.png,0,tbx11k,10166
data/raw/tbx11k-simplified/images/s1799.png,0,tbx11k,10167
data/raw/tbx11k-simplified/images/s1800.png,0,tbx11k,10168
data/raw/tbx11k-simplified/images/s1802.png,0,tbx11k,10169
data/raw/tbx11k-simplified/images/s1803.png,0,tbx11k,10170
data/raw/tbx11k-simplified/images/s1804.png,0,tbx11k,10171
data/raw/tbx11k-simplified/images/s1805.png,0,tbx11k,10172
data/raw/tbx11k-simplified/images/s1806.png,0,tbx11k,10173
data/raw/tbx11k-simplified/images/s1807.png,0,tbx11k,10174
data/raw/tbx11k-simplified/images/s1815.png,0,tbx11k,10179
data/raw/tbx11k-simplified/images/s1817.png,0,tbx11k,10180
data/raw/tbx11k-simplified/images/s1818.png,0,tbx11k,10181
data/raw/tbx11k-simplified/images/s1822.png,0,tbx11k,10184
data/raw/tbx11k-simplified/images/s1823.png,0,tbx11k,10185
data/raw/tbx11k-simplified/images/s1825.png,0,tbx11k,10186
data/raw/tbx11k-simplified/images/s1826.png,0,tbx11k,10187
data/raw/tbx11k-simplified/images/s1827.png,0,tbx11k,10188
data/raw/tbx11k-simplified/images/s1828.png,0,tbx11k,10189
data/raw/tbx11k-simplified/images/s1829.png,0,tbx11k,10190
data/raw/tbx11k-simplified/images/s1831.png,0,tbx11k,10191
data/raw/tbx11k-simplified/images/s1833.png,0,tbx11k,10192
data/raw/tbx11k-simplified/images/s1835.png,0,tbx11k,10193
data/raw/tbx11k-simplified/images/s1836.png,0,tbx11k,10194
data/raw/tbx11k-simplified/images/s1839.png,0,tbx11k,10197
data/raw/tbx11k-simplified/images/s1840.png,0,tbx11k,10198
data/raw/tbx11k-simplified/images/s1841.png,0,tbx11k,10199
data/raw/tbx11k-simplified/images/s1843.png,0,tbx11k,10200
data/raw/tbx11k-simplified/images/s1844.png,0,tbx11k,10201
data/raw/tbx11k-simplified/images/s1845.png,0,tbx11k,10202
data/raw/tbx11k-simplified/images/s1846.png,0,tbx11k,10203
data/raw/tbx11k-simplified/images/s1847.png,0,tbx11k,10204
data/raw/tbx11k-simplified/images/s1848.png,0,tbx11k,10205
data/raw/tbx11k-simplified/images/s1849.png,0,tbx11k,10206
data/raw/tbx11k-simplified/images/s1851.png,0,tbx11k,10207
data/raw/tbx11k-simplified/images/s1852.png,0,tbx11k,10208
data/raw/tbx11k-simplified/images/s1853.png,0,tbx11k,10209
data/raw/tbx11k-simplified/images/s1855.png,0,tbx11k,10210
data/raw/tbx11k-simplified/images/s1856.png,0,tbx11k,10211
data/raw/tbx11k-simplified/images/s1857.png,0,tbx11k,10212
data/raw/tbx11k-simplified/images/s1858.png,0,tbx11k,10213
data/raw/tbx11k-simplified/images/s1859.png,0,tbx11k,10214
data/raw/tbx11k-simplified/images/s1861.png,0,tbx11k,10215
data/raw/tbx11k-simplified/images/s1862.png,0,tbx11k,10216
data/raw/tbx11k-simplified/images/s1863.png,0,tbx11k,10217
data/raw/tbx11k-simplified/images/s1864.png,0,tbx11k,10218
data/raw/tbx11k-simplified/images/s1865.png,0,tbx11k,10219
data/raw/tbx11k-simplified/images/s1866.png,0,tbx11k,10220
data/raw/tbx11k-simplified/images/s1868.png,0,tbx11k,10222
data/raw/tbx11k-simplified/images/s1869.png,0,tbx11k,10223
data/raw/tbx11k-simplified/images/s1872.png,0,tbx11k,10225
data/raw/tbx11k-simplified/images/s1873.png,0,tbx11k,10226
data/raw/tbx11k-simplified/images/s1874.png,0,tbx11k,10227
data/raw/tbx11k-simplified/images/s1875.png,0,tbx11k,10228
data/raw/tbx11k-simplified/images/s1877.png,0,tbx11k,10229
data/raw/tbx11k-simplified/images/s1878.png,0,tbx11k,10230
data/raw/tbx11k-simplified/images/s1880.png,0,tbx11k,10232
data/raw/tbx11k-simplified/images/s1883.png,0,tbx11k,10234
data/raw/tbx11k-simplified/images/s1884.png,0,tbx11k,10235
data/raw/tbx11k-simplified/images/s1885.png,0,tbx11k,10236
data/raw/tbx11k-simplified/images/s1886.png,0,tbx11k,10237
data/raw/tbx11k-simplified/images/s1890.png,0,tbx11k,10239
data/raw/tbx11k-simplified/images/s1894.png,0,tbx11k,10241
data/raw/tbx11k-simplified/images/s1895.png,0,tbx11k,10242
data/raw/tbx11k-simplified/images/s1898.png,0,tbx11k,10243
data/raw/tbx11k-simplified/images/s1899.png,0,tbx11k,10244
data/raw/tbx11k-simplified/images/s1900.png,0,tbx11k,10245
data/raw/tbx11k-simplified/images/s1903.png,0,tbx11k,10247
data/raw/tbx11k-simplified/images/s1909.png,0,tbx11k,10249
data/raw/tbx11k-simplified/images/s1910.png,0,tbx11k,10250
data/raw/tbx11k-simplified/images/s1911.png,0,tbx11k,10251
data/raw/tbx11k-simplified/images/s1912.png,0,tbx11k,10252
data/raw/tbx11k-simplified/images/s1913.png,0,tbx11k,10253
data/raw/tbx11k-simplified/images/s1915.png,0,tbx11k,10254
data/raw/tbx11k-simplified/images/s1916.png,0,tbx11k,10255
data/raw/tbx11k-simplified/images/s1917.png,0,tbx11k,10256
data/raw/tbx11k-simplified/images/s1918.png,0,tbx11k,10257
data/raw/tbx11k-simplified/images/s1920.png,0,tbx11k,10259
data/raw/tbx11k-simplified/images/s1921.png,0,tbx11k,10260
data/raw/tbx11k-simplified/images/s1922.png,0,tbx11k,10261
data/raw/tbx11k-simplified/images/s1923.png,0,tbx11k,10262
data/raw/tbx11k-simplified/images/s1925.png,0,tbx11k,10263
data/raw/tbx11k-simplified/images/s1926.png,0,tbx11k,10264
data/raw/tbx11k-simplified/images/s1928.png,0,tbx11k,10265
data/raw/tbx11k-simplified/images/s1929.png,0,tbx11k,10266
data/raw/tbx11k-simplified/images/s1931.png,0,tbx11k,10267
data/raw/tbx11k-simplified/images/s1933.png,0,tbx11k,10268
data/raw/tbx11k-simplified/images/s1937.png,0,tbx11k,10271
data/raw/tbx11k-simplified/images/s1938.png,0,tbx11k,10272
data/raw/tbx11k-simplified/images/s1940.png,0,tbx11k,10274
data/raw/tbx11k-simplified/images/s1945.png,0,tbx11k,10277
data/raw/tbx11k-simplified/images/s1947.png,0,tbx11k,10279
data/raw/tbx11k-simplified/images/s1948.png,0,tbx11k,10280
data/raw/tbx11k-simplified/images/s1950.png,0,tbx11k,10281
data/raw/tbx11k-simplified/images/s1951.png,0,tbx11k,10282
data/raw/tbx11k-simplified/images/s1952.png,0,tbx11k,10283
data/raw/tbx11k-simplified/images/s1953.png,0,tbx11k,10284
data/raw/tbx11k-simplified/images/s1954.png,0,tbx11k,10285
data/raw/tbx11k-simplified/images/s1955.png,0,tbx11k,10286
data/raw/tbx11k-simplified/images/s1957.png,0,tbx11k,10287
data/raw/tbx11k-simplified/images/s1958.png,0,tbx11k,10288
data/raw/tbx11k-simplified/images/s1959.png,0,tbx11k,10289
data/raw/tbx11k-simplified/images/s1960.png,0,tbx11k,10290
data/raw/tbx11k-simplified/images/s1961.png,0,tbx11k,10291
data/raw/tbx11k-simplified/images/s1962.png,0,tbx11k,10292
data/raw/tbx11k-simplified/images/s1963.png,0,tbx11k,10293
data/raw/tbx11k-simplified/images/s1965.png,0,tbx11k,10295
data/raw/tbx11k-simplified/images/s1966.png,0,tbx11k,10296
data/raw/tbx11k-simplified/images/s1968.png,0,tbx11k,10298
data/raw/tbx11k-simplified/images/s1970.png,0,tbx11k,10300
data/raw/tbx11k-simplified/images/s1971.png,0,tbx11k,10301
data/raw/tbx11k-simplified/images/s1973.png,0,tbx11k,10303
data/raw/tbx11k-simplified/images/s1976.png,0,tbx11k,10305
data/raw/tbx11k-simplified/images/s1977.png,0,tbx11k,10306
data/raw/tbx11k-simplified/images/s1979.png,0,tbx11k,10307
data/raw/tbx11k-simplified/images/s1980.png,0,tbx11k,10308
data/raw/tbx11k-simplified/images/s1981.png,0,tbx11k,10309
data/raw/tbx11k-simplified/images/s1982.png,0,tbx11k,10310
data/raw/tbx11k-simplified/images/s1984.png,0,tbx11k,10312
data/raw/tbx11k-simplified/images/s1985.png,0,tbx11k,10313
data/raw/tbx11k-simplified/images/s1986.png,0,tbx11k,10314
data/raw/tbx11k-simplified/images/s1989.png,0,tbx11k,10317
data/raw/tbx11k-simplified/images/s1990.png,0,tbx11k,10318
data/raw/tbx11k-simplified/images/s1991.png,0,tbx11k,10319
data/raw/tbx11k-simplified/images/s1993.png,0,tbx11k,10320
data/raw/tbx11k-simplified/images/s1994.png,0,tbx11k,10321
data/raw/tbx11k-simplified/images/s1998.png,0,tbx11k,10323
data/raw/tbx11k-simplified/images/s1999.png,0,tbx11k,10324
data/raw/tbx11k-simplified/images/s2000.png,0,tbx11k,10325
data/raw/tbx11k-simplified/images/s2001.png,0,tbx11k,10326
data/raw/tbx11k-simplified/images/s2002.png,0,tbx11k,10327
data/raw/tbx11k-simplified/images/s2004.png,0,tbx11k,10328
data/raw/tbx11k-simplified/images/s2006.png,0,tbx11k,10330
data/raw/tbx11k-simplified/images/s2008.png,0,tbx11k,10332
data/raw/tbx11k-simplified/images/s2009.png,0,tbx11k,10333
data/raw/tbx11k-simplified/images/s2011.png,0,tbx11k,10334
data/raw/tbx11k-simplified/images/s2012.png,0,tbx11k,10335
data/raw/tbx11k-simplified/images/s2013.png,0,tbx11k,10336
data/raw/tbx11k-simplified/images/s2016.png,0,tbx11k,10338
data/raw/tbx11k-simplified/images/s2017.png,0,tbx11k,10339
data/raw/tbx11k-simplified/images/s2020.png,0,tbx11k,10340
data/raw/tbx11k-simplified/images/s2021.png,0,tbx11k,10341
data/raw/tbx11k-simplified/images/s2022.png,0,tbx11k,10342
data/raw/tbx11k-simplified/images/s2023.png,0,tbx11k,10343
data/raw/tbx11k-simplified/images/s2024.png,0,tbx11k,10344
data/raw/tbx11k-simplified/images/s2025.png,0,tbx11k,10345
data/raw/tbx11k-simplified/images/s2029.png,0,tbx11k,10347
data/raw/tbx11k-simplified/images/s2030.png,0,tbx11k,10348
data/raw/tbx11k-simplified/images/s2032.png,0,tbx11k,10350
data/raw/tbx11k-simplified/images/s2033.png,0,tbx11k,10351
data/raw/tbx11k-simplified/images/s2034.png,0,tbx11k,10352
data/raw/tbx11k-simplified/images/s2035.png,0,tbx11k,10353
data/raw/tbx11k-simplified/images/s2036.png,0,tbx11k,10354
data/raw/tbx11k-simplified/images/s2037.png,0,tbx11k,10355
data/raw/tbx11k-simplified/images/s2038.png,0,tbx11k,10356
data/raw/tbx11k-simplified/images/s2039.png,0,tbx11k,10357
data/raw/tbx11k-simplified/images/s2040.png,0,tbx11k,10358
data/raw/tbx11k-simplified/images/s2041.png,0,tbx11k,10359
data/raw/tbx11k-simplified/images/s2042.png,0,tbx11k,10360
data/raw/tbx11k-simplified/images/s2043.png,0,tbx11k,10361
data/raw/tbx11k-simplified/images/s2044.png,0,tbx11k,10362
data/raw/tbx11k-simplified/images/s2047.png,0,tbx11k,10363
data/raw/tbx11k-simplified/images/s2050.png,0,tbx11k,10364
data/raw/tbx11k-simplified/images/s2051.png,0,tbx11k,10365
data/raw/tbx11k-simplified/images/s2052.png,0,tbx11k,10366
data/raw/tbx11k-simplified/images/s2054.png,0,tbx11k,10368
data/raw/tbx11k-simplified/images/s2055.png,0,tbx11k,10369
data/raw/tbx11k-simplified/images/s2056.png,0,tbx11k,10370
data/raw/tbx11k-simplified/images/s2057.png,0,tbx11k,10371
data/raw/tbx11k-simplified/images/s2058.png,0,tbx11k,10372
data/raw/tbx11k-simplified/images/s2059.png,0,tbx11k,10373
data/raw/tbx11k-simplified/images/s2060.png,0,tbx11k,10374
data/raw/tbx11k-simplified/images/s2061.png,0,tbx11k,10375
data/raw/tbx11k-simplified/images/s2063.png,0,tbx11k,10376
data/raw/tbx11k-simplified/images/s2066.png,0,tbx11k,10378
data/raw/tbx11k-simplified/images/s2067.png,0,tbx11k,10379
data/raw/tbx11k-simplified/images/s2069.png,0,tbx11k,10381
data/raw/tbx11k-simplified/images/s2070.png,0,tbx11k,10382
data/raw/tbx11k-simplified/images/s2072.png,0,tbx11k,10383
data/raw/tbx11k-simplified/images/s2073.png,0,tbx11k,10384
data/raw/tbx11k-simplified/images/s2075.png,0,tbx11k,10385
data/raw/tbx11k-simplified/images/s2077.png,0,tbx11k,10387
data/raw/tbx11k-simplified/images/s2078.png,0,tbx11k,10388
data/raw/tbx11k-simplified/images/s2079.png,0,tbx11k,10389
data/raw/tbx11k-simplified/images/s2080.png,0,tbx11k,10390
data/raw/tbx11k-simplified/images/s2082.png,0,tbx11k,10391
data/raw/tbx11k-simplified/images/s2084.png,0,tbx11k,10392
data/raw/tbx11k-simplified/images/s2085.png,0,tbx11k,10393
data/raw/tbx11k-simplified/images/s2086.png,0,tbx11k,10394
data/raw/tbx11k-simplified/images/s2087.png,0,tbx11k,10395
data/raw/tbx11k-simplified/images/s2088.png,0,tbx11k,10396
data/raw/tbx11k-simplified/images/s2090.png,0,tbx11k,10398
data/raw/tbx11k-simplified/images/s2091.png,0,tbx11k,10399
data/raw/tbx11k-simplified/images/s2092.png,0,tbx11k,10400
data/raw/tbx11k-simplified/images/s2093.png,0,tbx11k,10401
data/raw/tbx11k-simplified/images/s2094.png,0,tbx11k,10402
data/raw/tbx11k-simplified/images/s2095.png,0,tbx11k,10403
data/raw/tbx11k-simplified/images/s2096.png,0,tbx11k,10404
data/raw/tbx11k-simplified/images/s2097.png,0,tbx11k,10405
data/raw/tbx11k-simplified/images/s2099.png,0,tbx11k,10407
data/raw/tbx11k-simplified/images/s2102.png,0,tbx11k,10409
data/raw/tbx11k-simplified/images/s2104.png,0,tbx11k,10410
data/raw/tbx11k-simplified/images/s2106.png,0,tbx11k,10411
data/raw/tbx11k-simplified/images/s2108.png,0,tbx11k,10412
data/raw/tbx11k-simplified/images/s2110.png,0,tbx11k,10414
data/raw/tbx11k-simplified/images/s2111.png,0,tbx11k,10415
data/raw/tbx11k-simplified/images/s2112.png,0,tbx11k,10416
data/raw/tbx11k-simplified/images/s2116.png,0,tbx11k,10418
data/raw/tbx11k-simplified/images/s2120.png,0,tbx11k,10420
data/raw/tbx11k-simplified/images/s2122.png,0,tbx11k,10421
data/raw/tbx11k-simplified/images/s2123.png,0,tbx11k,10422
data/raw/tbx11k-simplified/images/s2124.png,0,tbx11k,10423
data/raw/tbx11k-simplified/images/s2125.png,0,tbx11k,10424
data/raw/tbx11k-simplified/images/s2127.png,0,tbx11k,10425
data/raw/tbx11k-simplified/images/s2129.png,0,tbx11k,10427
data/raw/tbx11k-simplified/images/s2130.png,0,tbx11k,10428
data/raw/tbx11k-simplified/images/s2132.png,0,tbx11k,10429
data/raw/tbx11k-simplified/images/s2133.png,0,tbx11k,10430
data/raw/tbx11k-simplified/images/s2135.png,0,tbx11k,10432
data/raw/tbx11k-simplified/images/s2136.png,0,tbx11k,10433
data/raw/tbx11k-simplified/images/s2137.png,0,tbx11k,10434
data/raw/tbx11k-simplified/images/s2138.png,0,tbx11k,10435
data/raw/tbx11k-simplified/images/s2140.png,0,tbx11k,10437
data/raw/tbx11k-simplified/images/s2142.png,0,tbx11k,10438
data/raw/tbx11k-simplified/images/s2143.png,0,tbx11k,10439
data/raw/tbx11k-simplified/images/s2144.png,0,tbx11k,10440
data/raw/tbx11k-simplified/images/s2146.png,0,tbx11k,10441
data/raw/tbx11k-simplified/images/s2147.png,0,tbx11k,10442
data/raw/tbx11k-simplified/images/s2149.png,0,tbx11k,10443
data/raw/tbx11k-simplified/images/s2154.png,0,tbx11k,10446
data/raw/tbx11k-simplified/images/s2155.png,0,tbx11k,10447
data/raw/tbx11k-simplified/images/s2157.png,0,tbx11k,10448
data/raw/tbx11k-simplified/images/s2161.png,0,tbx11k,10451
data/raw/tbx11k-simplified/images/s2163.png,0,tbx11k,10452
data/raw/tbx11k-simplified/images/s2168.png,0,tbx11k,10456
data/raw/tbx11k-simplified/images/s2169.png,0,tbx11k,10457
data/raw/tbx11k-simplified/images/s2170.png,0,tbx11k,10458
data/raw/tbx11k-simplified/images/s2171.png,0,tbx11k,10459
data/raw/tbx11k-simplified/images/s2173.png,0,tbx11k,10460
data/raw/tbx11k-simplified/images/s2177.png,0,tbx11k,10462
data/raw/tbx11k-simplified/images/s2178.png,0,tbx11k,10463
data/raw/tbx11k-simplified/images/s2179.png,0,tbx11k,10464
data/raw/tbx11k-simplified/images/s2180.png,0,tbx11k,10465
data/raw/tbx11k-simplified/images/s2183.png,0,tbx11k,10466
data/raw/tbx11k-simplified/images/s2184.png,0,tbx11k,10467
data/raw/tbx11k-simplified/images/s2185.png,0,tbx11k,10468
data/raw/tbx11k-simplified/images/s2187.png,0,tbx11k,10469
data/raw/tbx11k-simplified/images/s2189.png,0,tbx11k,10471
data/raw/tbx11k-simplified/images/s2190.png,0,tbx11k,10472
data/raw/tbx11k-simplified/images/s2191.png,0,tbx11k,10473
data/raw/tbx11k-simplified/images/s2195.png,0,tbx11k,10477
data/raw/tbx11k-simplified/images/s2197.png,0,tbx11k,10478
data/raw/tbx11k-simplified/images/s2198.png,0,tbx11k,10479
data/raw/tbx11k-simplified/images/s2202.png,0,tbx11k,10481
data/raw/tbx11k-simplified/images/s2204.png,0,tbx11k,10482
data/raw/tbx11k-simplified/images/s2205.png,0,tbx11k,10483
data/raw/tbx11k-simplified/images/s2207.png,0,tbx11k,10485
data/raw/tbx11k-simplified/images/s2211.png,0,tbx11k,10487
data/raw/tbx11k-simplified/images/s2213.png,0,tbx11k,10489
data/raw/tbx11k-simplified/images/s2214.png,0,tbx11k,10490
data/raw/tbx11k-simplified/images/s2218.png,0,tbx11k,10493
data/raw/tbx11k-simplified/images/s2220.png,0,tbx11k,10494
data/raw/tbx11k-simplified/images/s2221.png,0,tbx11k,10495
data/raw/tbx11k-simplified/images/s2222.png,0,tbx11k,10496
data/raw/tbx11k-simplified/images/s2223.png,0,tbx11k,10497
data/raw/tbx11k-simplified/images/s2224.png,0,tbx11k,10498
data/raw/tbx11k-simplified/images/s2228.png,0,tbx11k,10499
data/raw/tbx11k-simplified/images/s2229.png,0,tbx11k,10500
data/raw/tbx11k-simplified/images/s2230.png,0,tbx11k,10501
data/raw/tbx11k-simplified/images/s2231.png,0,tbx11k,10502
data/raw/tbx11k-simplified/images/s2232.png,0,tbx11k,10503
data/raw/tbx11k-simplified/images/s2233.png,0,tbx11k,10504
data/raw/tbx11k-simplified/images/s2234.png,0,tbx11k,10505
data/raw/tbx11k-simplified/images/s2235.png,0,tbx11k,10506
data/raw/tbx11k-simplified/images/s2236.png,0,tbx11k,10507
data/raw/tbx11k-simplified/images/s2239.png,0,tbx11k,10509
data/raw/tbx11k-simplified/images/s2240.png,0,tbx11k,10510
data/raw/tbx11k-simplified/images/s2242.png,0,tbx11k,10512
data/raw/tbx11k-simplified/images/s2243.png,0,tbx11k,10513
data/raw/tbx11k-simplified/images/s2244.png,0,tbx11k,10514
data/raw/tbx11k-simplified/images/s2251.png,0,tbx11k,10516
data/raw/tbx11k-simplified/images/s2252.png,0,tbx11k,10517
data/raw/tbx11k-simplified/images/s2253.png,0,tbx11k,10518
data/raw/tbx11k-simplified/images/s2255.png,0,tbx11k,10520
data/raw/tbx11k-simplified/images/s2256.png,0,tbx11k,10521
data/raw/tbx11k-simplified/images/s2258.png,0,tbx11k,10522
data/raw/tbx11k-simplified/images/s2260.png,0,tbx11k,10523
data/raw/tbx11k-simplified/images/s2263.png,0,tbx11k,10524
data/raw/tbx11k-simplified/images/s2264.png,0,tbx11k,10525
data/raw/tbx11k-simplified/images/s2265.png,0,tbx11k,10526
data/raw/tbx11k-simplified/images/s2266.png,0,tbx11k,10527
data/raw/tbx11k-simplified/images/s2267.png,0,tbx11k,10528
data/raw/tbx11k-simplified/images/s2268.png,0,tbx11k,10529
data/raw/tbx11k-simplified/images/s2269.png,0,tbx11k,10530
data/raw/tbx11k-simplified/images/s2270.png,0,tbx11k,10531
data/raw/tbx11k-simplified/images/s2279.png,0,tbx11k,10536
data/raw/tbx11k-simplified/images/s2280.png,0,tbx11k,10537
data/raw/tbx11k-simplified/images/s2281.png,0,tbx11k,10538
data/raw/tbx11k-simplified/images/s2283.png,0,tbx11k,10540
data/raw/tbx11k-simplified/images/s2284.png,0,tbx11k,10541
data/raw/tbx11k-simplified/images/s2286.png,0,tbx11k,10542
data/raw/tbx11k-simplified/images/s2288.png,0,tbx11k,10544
data/raw/tbx11k-simplified/images/s2289.png,0,tbx11k,10545
data/raw/tbx11k-simplified/images/s2291.png,0,tbx11k,10546
data/raw/tbx11k-simplified/images/s2292.png,0,tbx11k,10547
data/raw/tbx11k-simplified/images/s2294.png,0,tbx11k,10549
data/raw/tbx11k-simplified/images/s2296.png,0,tbx11k,10551
data/raw/tbx11k-simplified/images/s2297.png,0,tbx11k,10552
data/raw/tbx11k-simplified/images/s2298.png,0,tbx11k,10553
data/raw/tbx11k-simplified/images/s2299.png,0,tbx11k,10554
data/raw/tbx11k-simplified/images/s2300.png,0,tbx11k,10555
data/raw/tbx11k-simplified/images/s2303.png,0,tbx11k,10556
data/raw/tbx11k-simplified/images/s2304.png,0,tbx11k,10557
data/raw/tbx11k-simplified/images/s2305.png,0,tbx11k,10558
data/raw/tbx11k-simplified/images/s2306.png,0,tbx11k,10559
data/raw/tbx11k-simplified/images/s2307.png,0,tbx11k,10560
data/raw/tbx11k-simplified/images/s2309.png,0,tbx11k,10561
data/raw/tbx11k-simplified/images/s2310.png,0,tbx11k,10562
data/raw/tbx11k-simplified/images/s2311.png,0,tbx11k,10563
data/raw/tbx11k-simplified/images/s2314.png,0,tbx11k,10565
data/raw/tbx11k-simplified/images/s2315.png,0,tbx11k,10566
data/raw/tbx11k-simplified/images/s2317.png,0,tbx11k,10568
data/raw/tbx11k-simplified/images/s2318.png,0,tbx11k,10569
data/raw/tbx11k-simplified/images/s2319.png,0,tbx11k,10570
data/raw/tbx11k-simplified/images/s2322.png,0,tbx11k,10571
data/raw/tbx11k-simplified/images/s2323.png,0,tbx11k,10572
data/raw/tbx11k-simplified/images/s2324.png,0,tbx11k,10573
data/raw/tbx11k-simplified/images/s2327.png,0,tbx11k,10575
data/raw/tbx11k-simplified/images/s2328.png,0,tbx11k,10576
data/raw/tbx11k-simplified/images/s2329.png,0,tbx11k,10577
data/raw/tbx11k-simplified/images/s2330.png,0,tbx11k,10578
data/raw/tbx11k-simplified/images/s2331.png,0,tbx11k,10579
data/raw/tbx11k-simplified/images/s2332.png,0,tbx11k,10580
data/raw/tbx11k-simplified/images/s2333.png,0,tbx11k,10581
data/raw/tbx11k-simplified/images/s2335.png,0,tbx11k,10583
data/raw/tbx11k-simplified/images/s2337.png,0,tbx11k,10584
data/raw/tbx11k-simplified/images/s2339.png,0,tbx11k,10586
data/raw/tbx11k-simplified/images/s2341.png,0,tbx11k,10587
data/raw/tbx11k-simplified/images/s2342.png,0,tbx11k,10588
data/raw/tbx11k-simplified/images/s2344.png,0,tbx11k,10590
data/raw/tbx11k-simplified/images/s2346.png,0,tbx11k,10592
data/raw/tbx11k-simplified/images/s2347.png,0,tbx11k,10593
data/raw/tbx11k-simplified/images/s2348.png,0,tbx11k,10594
data/raw/tbx11k-simplified/images/s2352.png,0,tbx11k,10597
data/raw/tbx11k-simplified/images/s2353.png,0,tbx11k,10598
data/raw/tbx11k-simplified/images/s2355.png,0,tbx11k,10599
data/raw/tbx11k-simplified/images/s2356.png,0,tbx11k,10600
data/raw/tbx11k-simplified/images/s2357.png,0,tbx11k,10601
data/raw/tbx11k-simplified/images/s2359.png,0,tbx11k,10603
data/raw/tbx11k-simplified/images/s2360.png,0,tbx11k,10604
data/raw/tbx11k-simplified/images/s2362.png,0,tbx11k,10605
data/raw/tbx11k-simplified/images/s2363.png,0,tbx11k,10606
data/raw/tbx11k-simplified/images/s2364.png,0,tbx11k,10607
data/raw/tbx11k-simplified/images/s2367.png,0,tbx11k,10608
data/raw/tbx11k-simplified/images/s2369.png,0,tbx11k,10610
data/raw/tbx11k-simplified/images/s2370.png,0,tbx11k,10611
data/raw/tbx11k-simplified/images/s2372.png,0,tbx11k,10613
data/raw/tbx11k-simplified/images/s2373.png,0,tbx11k,10614
data/raw/tbx11k-simplified/images/s2374.png,0,tbx11k,10615
data/raw/tbx11k-simplified/images/s2375.png,0,tbx11k,10616
data/raw/tbx11k-simplified/images/s2378.png,0,tbx11k,10618
data/raw/tbx11k-simplified/images/s2379.png,0,tbx11k,10619
data/raw/tbx11k-simplified/images/s2381.png,0,tbx11k,10621
data/raw/tbx11k-simplified/images/s2384.png,0,tbx11k,10622
data/raw/tbx11k-simplified/images/s2385.png,0,tbx11k,10623
data/raw/tbx11k-simplified/images/s2386.png,0,tbx11k,10624
data/raw/tbx11k-simplified/images/s2387.png,0,tbx11k,10625
data/raw/tbx11k-simplified/images/s2389.png,0,tbx11k,10626
data/raw/tbx11k-simplified/images/s2395.png,0,tbx11k,10628
data/raw/tbx11k-simplified/images/s2396.png,0,tbx11k,10629
data/raw/tbx11k-simplified/images/s2397.png,0,tbx11k,10630
data/raw/tbx11k-simplified/images/s2399.png,0,tbx11k,10632
data/raw/tbx11k-simplified/images/s2400.png,0,tbx11k,10633
data/raw/tbx11k-simplified/images/s2401.png,0,tbx11k,10634
data/raw/tbx11k-simplified/images/s2402.png,0,tbx11k,10635
data/raw/tbx11k-simplified/images/s2404.png,0,tbx11k,10637
data/raw/tbx11k-simplified/images/s2405.png,0,tbx11k,10638
data/raw/tbx11k-simplified/images/s2407.png,0,tbx11k,10639
data/raw/tbx11k-simplified/images/s2408.png,0,tbx11k,10640
data/raw/tbx11k-simplified/images/s2410.png,0,tbx11k,10641
data/raw/tbx11k-simplified/images/s2412.png,0,tbx11k,10643
data/raw/tbx11k-simplified/images/s2416.png,0,tbx11k,10646
data/raw/tbx11k-simplified/images/s2420.png,0,tbx11k,10649
data/raw/tbx11k-simplified/images/s2421.png,0,tbx11k,10650
data/raw/tbx11k-simplified/images/s2422.png,0,tbx11k,10651
data/raw/tbx11k-simplified/images/s2424.png,0,tbx11k,10652
data/raw/tbx11k-simplified/images/s2426.png,0,tbx11k,10654
data/raw/tbx11k-simplified/images/s2427.png,0,tbx11k,10655
data/raw/tbx11k-simplified/images/s2428.png,0,tbx11k,10656
data/raw/tbx11k-simplified/images/s2430.png,0,tbx11k,10657
data/raw/tbx11k-simplified/images/s2432.png,0,tbx11k,10658
data/raw/tbx11k-simplified/images/s2435.png,0,tbx11k,10659
data/raw/tbx11k-simplified/images/s2437.png,0,tbx11k,10660
data/raw/tbx11k-simplified/images/s2439.png,0,tbx11k,10661
data/raw/tbx11k-simplified/images/s2444.png,0,tbx11k,10665
data/raw/tbx11k-simplified/images/s2445.png,0,tbx11k,10666
data/raw/tbx11k-simplified/images/s2446.png,0,tbx11k,10667
data/raw/tbx11k-simplified/images/s2447.png,0,tbx11k,10668
data/raw/tbx11k-simplified/images/s2448.png,0,tbx11k,10669
data/raw/tbx11k-simplified/images/s2450.png,0,tbx11k,10671
data/raw/tbx11k-simplified/images/s2451.png,0,tbx11k,10672
data/raw/tbx11k-simplified/images/s2452.png,0,tbx11k,10673
data/raw/tbx11k-simplified/images/s2453.png,0,tbx11k,10674
data/raw/tbx11k-simplified/images/s2454.png,0,tbx11k,10675
data/raw/tbx11k-simplified/images/s2456.png,0,tbx11k,10676
data/raw/tbx11k-simplified/images/s2459.png,0,tbx11k,10678
data/raw/tbx11k-simplified/images/s2462.png,0,tbx11k,10680
data/raw/tbx11k-simplified/images/s2463.png,0,tbx11k,10681
data/raw/tbx11k-simplified/images/s2464.png,0,tbx11k,10682
data/raw/tbx11k-simplified/images/s2465.png,0,tbx11k,10683
data/raw/tbx11k-simplified/images/s2466.png,0,tbx11k,10684
data/raw/tbx11k-simplified/images/s2467.png,0,tbx11k,10685
data/raw/tbx11k-simplified/images/s2468.png,0,tbx11k,10686
data/raw/tbx11k-simplified/images/s2469.png,0,tbx11k,10687
data/raw/tbx11k-simplified/images/s2470.png,0,tbx11k,10688
data/raw/tbx11k-simplified/images/s2471.png,0,tbx11k,10689
data/raw/tbx11k-simplified/images/s2472.png,0,tbx11k,10690
data/raw/tbx11k-simplified/images/s2475.png,0,tbx11k,10692
data/raw/tbx11k-simplified/images/s2476.png,0,tbx11k,10693
data/raw/tbx11k-simplified/images/s2477.png,0,tbx11k,10694
data/raw/tbx11k-simplified/images/s2478.png,0,tbx11k,10695
data/raw/tbx11k-simplified/images/s2479.png,0,tbx11k,10696
data/raw/tbx11k-simplified/images/s2481.png,0,tbx11k,10698
data/raw/tbx11k-simplified/images/s2482.png,0,tbx11k,10699
data/raw/tbx11k-simplified/images/s2484.png,0,tbx11k,10700
data/raw/tbx11k-simplified/images/s2485.png,0,tbx11k,10701
data/raw/tbx11k-simplified/images/s2486.png,0,tbx11k,10702
data/raw/tbx11k-simplified/images/s2488.png,0,tbx11k,10703
data/raw/tbx11k-simplified/images/s2489.png,0,tbx11k,10704
data/raw/tbx11k-simplified/images/s2490.png,0,tbx11k,10705
data/raw/tbx11k-simplified/images/s2491.png,0,tbx11k,10706
data/raw/tbx11k-simplified/images/s2492.png,0,tbx11k,10707
data/raw/tbx11k-simplified/images/s2493.png,0,tbx11k,10708
data/raw/tbx11k-simplified/images/s2497.png,0,tbx11k,10709
data/raw/tbx11k-simplified/images/s2499.png,0,tbx11k,10710
data/raw/tbx11k-simplified/images/s2501.png,0,tbx11k,10712
data/raw/tbx11k-simplified/images/s2502.png,0,tbx11k,10713
data/raw/tbx11k-simplified/images/s2505.png,0,tbx11k,10714
data/raw/tbx11k-simplified/images/s2506.png,0,tbx11k,10715
data/raw/tbx11k-simplified/images/s2509.png,0,tbx11k,10718
data/raw/tbx11k-simplified/images/s2511.png,0,tbx11k,10720
data/raw/tbx11k-simplified/images/s2513.png,0,tbx11k,10721
data/raw/tbx11k-simplified/images/s2515.png,0,tbx11k,10722
data/raw/tbx11k-simplified/images/s2516.png,0,tbx11k,10723
data/raw/tbx11k-simplified/images/s2517.png,0,tbx11k,10724
data/raw/tbx11k-simplified/images/s2520.png,0,tbx11k,10726
data/raw/tbx11k-simplified/images/s2521.png,0,tbx11k,10727
data/raw/tbx11k-simplified/images/s2522.png,0,tbx11k,10728
data/raw/tbx11k-simplified/images/s2523.png,0,tbx11k,10729
data/raw/tbx11k-simplified/images/s2524.png,0,tbx11k,10730
data/raw/tbx11k-simplified/images/s2528.png,0,tbx11k,10731
data/raw/tbx11k-simplified/images/s2529.png,0,tbx11k,10732
data/raw/tbx11k-simplified/images/s2531.png,0,tbx11k,10733
data/raw/tbx11k-simplified/images/s2534.png,0,tbx11k,10734
data/raw/tbx11k-simplified/images/s2535.png,0,tbx11k,10735
data/raw/tbx11k-simplified/images/s2537.png,0,tbx11k,10737
data/raw/tbx11k-simplified/images/s2538.png,0,tbx11k,10738
data/raw/tbx11k-simplified/images/s2540.png,0,tbx11k,10739
data/raw/tbx11k-simplified/images/s2543.png,0,tbx11k,10742
data/raw/tbx11k-simplified/images/s2544.png,0,tbx11k,10743
data/raw/tbx11k-simplified/images/s2545.png,0,tbx11k,10744
data/raw/tbx11k-simplified/images/s2546.png,0,tbx11k,10745
data/raw/tbx11k-simplified/images/s2547.png,0,tbx11k,10746
data/raw/tbx11k-simplified/images/s2548.png,0,tbx11k,10747
data/raw/tbx11k-simplified/images/s2550.png,0,tbx11k,10748
data/raw/tbx11k-simplified/images/s2551.png,0,tbx11k,10749
data/raw/tbx11k-simplified/images/s2553.png,0,tbx11k,10750
data/raw/tbx11k-simplified/images/s2554.png,0,tbx11k,10751
data/raw/tbx11k-simplified/images/s2555.png,0,tbx11k,10752
data/raw/tbx11k-simplified/images/s2556.png,0,tbx11k,10753
data/raw/tbx11k-simplified/images/s2557.png,0,tbx11k,10754
data/raw/tbx11k-simplified/images/s2560.png,0,tbx11k,10756
data/raw/tbx11k-simplified/images/s2561.png,0,tbx11k,10757
data/raw/tbx11k-simplified/images/s2562.png,0,tbx11k,10758
data/raw/tbx11k-simplified/images/s2564.png,0,tbx11k,10760
data/raw/tbx11k-simplified/images/s2566.png,0,tbx11k,10761
data/raw/tbx11k-simplified/images/s2567.png,0,tbx11k,10762
data/raw/tbx11k-simplified/images/s2572.png,0,tbx11k,10765
data/raw/tbx11k-simplified/images/s2573.png,0,tbx11k,10766
data/raw/tbx11k-simplified/images/s2576.png,0,tbx11k,10768
data/raw/tbx11k-simplified/images/s2577.png,0,tbx11k,10769
data/raw/tbx11k-simplified/images/s2578.png,0,tbx11k,10770
data/raw/tbx11k-simplified/images/s2580.png,0,tbx11k,10771
data/raw/tbx11k-simplified/images/s2582.png,0,tbx11k,10773
data/raw/tbx11k-simplified/images/s2584.png,0,tbx11k,10775
data/raw/tbx11k-simplified/images/s2585.png,0,tbx11k,10776
data/raw/tbx11k-simplified/images/s2587.png,0,tbx11k,10777
data/raw/tbx11k-simplified/images/s2588.png,0,tbx11k,10778
data/raw/tbx11k-simplified/images/s2590.png,0,tbx11k,10780
data/raw/tbx11k-simplified/images/s2592.png,0,tbx11k,10781
data/raw/tbx11k-simplified/images/s2593.png,0,tbx11k,10782
data/raw/tbx11k-simplified/images/s2594.png,0,tbx11k,10783
data/raw/tbx11k-simplified/images/s2596.png,0,tbx11k,10785
data/raw/tbx11k-simplified/images/s2597.png,0,tbx11k,10786
data/raw/tbx11k-simplified/images/s2600.png,0,tbx11k,10787
data/raw/tbx11k-simplified/images/s2601.png,0,tbx11k,10788
data/raw/tbx11k-simplified/images/s2602.png,0,tbx11k,10789
data/raw/tbx11k-simplified/images/s2603.png,0,tbx11k,10790
data/raw/tbx11k-simplified/images/s2605.png,0,tbx11k,10791
data/raw/tbx11k-simplified/images/s2611.png,0,tbx11k,10795
data/raw/tbx11k-simplified/images/s2612.png,0,tbx11k,10796
data/raw/tbx11k-simplified/images/s2613.png,0,tbx11k,10797
data/raw/tbx11k-simplified/images/s2616.png,0,tbx11k,10798
data/raw/tbx11k-simplified/images/s2617.png,0,tbx11k,10799
data/raw/tbx11k-simplified/images/s2618.png,0,tbx11k,10800
data/raw/tbx11k-simplified/images/s2619.png,0,tbx11k,10801
data/raw/tbx11k-simplified/images/s2620.png,0,tbx11k,10802
data/raw/tbx11k-simplified/images/s2622.png,0,tbx11k,10803
data/raw/tbx11k-simplified/images/s2624.png,0,tbx11k,10804
data/raw/tbx11k-simplified/images/s2625.png,0,tbx11k,10805
data/raw/tbx11k-simplified/images/s2627.png,0,tbx11k,10806
data/raw/tbx11k-simplified/images/s2628.png,0,tbx11k,10807
data/raw/tbx11k-simplified/images/s2632.png,0,tbx11k,10809
data/raw/tbx11k-simplified/images/s2634.png,0,tbx11k,10810
data/raw/tbx11k-simplified/images/s2635.png,0,tbx11k,10811
data/raw/tbx11k-simplified/images/s2636.png,0,tbx11k,10812
data/raw/tbx11k-simplified/images/s2637.png,0,tbx11k,10813
data/raw/tbx11k-simplified/images/s2638.png,0,tbx11k,10814
data/raw/tbx11k-simplified/images/s2639.png,0,tbx11k,10815
data/raw/tbx11k-simplified/images/s2640.png,0,tbx11k,10816
data/raw/tbx11k-simplified/images/s2642.png,0,tbx11k,10817
data/raw/tbx11k-simplified/images/s2643.png,0,tbx11k,10818
data/raw/tbx11k-simplified/images/s2644.png,0,tbx11k,10819
data/raw/tbx11k-simplified/images/s2645.png,0,tbx11k,10820
data/raw/tbx11k-simplified/images/s2646.png,0,tbx11k,10821
data/raw/tbx11k-simplified/images/s2647.png,0,tbx11k,10822
data/raw/tbx11k-simplified/images/s2648.png,0,tbx11k,10823
data/raw/tbx11k-simplified/images/s2649.png,0,tbx11k,10824
data/raw/tbx11k-simplified/images/s2650.png,0,tbx11k,10825
data/raw/tbx11k-simplified/images/s2652.png,0,tbx11k,10826
data/raw/tbx11k-simplified/images/s2655.png,0,tbx11k,10828
data/raw/tbx11k-simplified/images/s2657.png,0,tbx11k,10830
data/raw/tbx11k-simplified/images/s2659.png,0,tbx11k,10831
data/raw/tbx11k-simplified/images/s2660.png,0,tbx11k,10832
data/raw/tbx11k-simplified/images/s2661.png,0,tbx11k,10833
data/raw/tbx11k-simplified/images/s2662.png,0,tbx11k,10834
data/raw/tbx11k-simplified/images/s2663.png,0,tbx11k,10835
data/raw/tbx11k-simplified/images/s2666.png,0,tbx11k,10837
data/raw/tbx11k-simplified/images/s2668.png,0,tbx11k,10838
data/raw/tbx11k-simplified/images/s2669.png,0,tbx11k,10839
data/raw/tbx11k-simplified/images/s2670.png,0,tbx11k,10840
data/raw/tbx11k-simplified/images/s2671.png,0,tbx11k,10841
data/raw/tbx11k-simplified/images/s2672.png,0,tbx11k,10842
data/raw/tbx11k-simplified/images/s2673.png,0,tbx11k,10843
data/raw/tbx11k-simplified/images/s2674.png,0,tbx11k,10844
data/raw/tbx11k-simplified/images/s2675.png,0,tbx11k,10845
data/raw/tbx11k-simplified/images/s2678.png,0,tbx11k,10846
data/raw/tbx11k-simplified/images/s2679.png,0,tbx11k,10847
data/raw/tbx11k-simplified/images/s2680.png,0,tbx11k,10848
data/raw/tbx11k-simplified/images/s2681.png,0,tbx11k,10849
data/raw/tbx11k-simplified/images/s2683.png,0,tbx11k,10850
data/raw/tbx11k-simplified/images/s2685.png,0,tbx11k,10851
data/raw/tbx11k-simplified/images/s2687.png,0,tbx11k,10853
data/raw/tbx11k-simplified/images/s2690.png,0,tbx11k,10854
data/raw/tbx11k-simplified/images/s2691.png,0,tbx11k,10855
data/raw/tbx11k-simplified/images/s2692.png,0,tbx11k,10856
data/raw/tbx11k-simplified/images/s2693.png,0,tbx11k,10857
data/raw/tbx11k-simplified/images/s2694.png,0,tbx11k,10858
data/raw/tbx11k-simplified/images/s2696.png,0,tbx11k,10859
data/raw/tbx11k-simplified/images/s2698.png,0,tbx11k,10860
data/raw/tbx11k-simplified/images/s2701.png,0,tbx11k,10861
data/raw/tbx11k-simplified/images/s2704.png,0,tbx11k,10863
data/raw/tbx11k-simplified/images/s2705.png,0,tbx11k,10864
data/raw/tbx11k-simplified/images/s2706.png,0,tbx11k,10865
data/raw/tbx11k-simplified/images/s2709.png,0,tbx11k,10867
data/raw/tbx11k-simplified/images/s2713.png,0,tbx11k,10869
data/raw/tbx11k-simplified/images/s2715.png,0,tbx11k,10870
data/raw/tbx11k-simplified/images/s2716.png,0,tbx11k,10871
data/raw/tbx11k-simplified/images/s2717.png,0,tbx11k,10872
data/raw/tbx11k-simplified/images/s2719.png,0,tbx11k,10874
data/raw/tbx11k-simplified/images/s2720.png,0,tbx11k,10875
data/raw/tbx11k-simplified/images/s2725.png,0,tbx11k,10879
data/raw/tbx11k-simplified/images/s2727.png,0,tbx11k,10880
data/raw/tbx11k-simplified/images/s2731.png,0,tbx11k,10882
data/raw/tbx11k-simplified/images/s2733.png,0,tbx11k,10884
data/raw/tbx11k-simplified/images/s2734.png,0,tbx11k,10885
data/raw/tbx11k-simplified/images/s2735.png,0,tbx11k,10886
data/raw/tbx11k-simplified/images/s2737.png,0,tbx11k,10887
data/raw/tbx11k-simplified/images/s2738.png,0,tbx11k,10888
data/raw/tbx11k-simplified/images/s2739.png,0,tbx11k,10889
data/raw/tbx11k-simplified/images/s2741.png,0,tbx11k,10890
data/raw/tbx11k-simplified/images/s2742.png,0,tbx11k,10891
data/raw/tbx11k-simplified/images/s2743.png,0,tbx11k,10892
data/raw/tbx11k-simplified/images/s2745.png,0,tbx11k,10894
data/raw/tbx11k-simplified/images/s2747.png,0,tbx11k,10895
data/raw/tbx11k-simplified/images/s2749.png,0,tbx11k,10896
data/raw/tbx11k-simplified/images/s2750.png,0,tbx11k,10897
data/raw/tbx11k-simplified/images/s2751.png,0,tbx11k,10898
data/raw/tbx11k-simplified/images/s2753.png,0,tbx11k,10900
data/raw/tbx11k-simplified/images/s2757.png,0,tbx11k,10901
data/raw/tbx11k-simplified/images/s2758.png,0,tbx11k,10902
data/raw/tbx11k-simplified/images/s2761.png,0,tbx11k,10905
data/raw/tbx11k-simplified/images/s2762.png,0,tbx11k,10906
data/raw/tbx11k-simplified/images/s2765.png,0,tbx11k,10907
data/raw/tbx11k-simplified/images/s2766.png,0,tbx11k,10908
data/raw/tbx11k-simplified/images/s2767.png,0,tbx11k,10909
data/raw/tbx11k-simplified/images/s2768.png,0,tbx11k,10910
data/raw/tbx11k-simplified/images/s2770.png,0,tbx11k,10911
data/raw/tbx11k-simplified/images/s2771.png,0,tbx11k,10912
data/raw/tbx11k-simplified/images/s2773.png,0,tbx11k,10914
data/raw/tbx11k-simplified/images/s2775.png,0,tbx11k,10916
data/raw/tbx11k-simplified/images/s2776.png,0,tbx11k,10917
data/raw/tbx11k-simplified/images/s2777.png,0,tbx11k,10918
data/raw/tbx11k-simplified/images/s2778.png,0,tbx11k,10919
data/raw/tbx11k-simplified/images/s2779.png,0,tbx11k,10920
data/raw/tbx11k-simplified/images/s2781.png,0,tbx11k,10921
data/raw/tbx11k-simplified/images/s2783.png,0,tbx11k,10922
data/raw/tbx11k-simplified/images/s2785.png,0,tbx11k,10923
data/raw/tbx11k-simplified/images/s2786.png,0,tbx11k,10924
data/raw/tbx11k-simplified/images/s2787.png,0,tbx11k,10925
data/raw/tbx11k-simplified/images/s2788.png,0,tbx11k,10926
data/raw/tbx11k-simplified/images/s2790.png,0,tbx11k,10927
data/raw/tbx11k-simplified/images/s2791.png,0,tbx11k,10928
data/raw/tbx11k-simplified/images/s2793.png,0,tbx11k,10929
data/raw/tbx11k-simplified/images/s2794.png,0,tbx11k,10930
data/raw/tbx11k-simplified/images/s2795.png,0,tbx11k,10931
data/raw/tbx11k-simplified/images/s2797.png,0,tbx11k,10932
data/raw/tbx11k-simplified/images/s2798.png,0,tbx11k,10933
data/raw/tbx11k-simplified/images/s2800.png,0,tbx11k,10934
data/raw/tbx11k-simplified/images/s2805.png,0,tbx11k,10936
data/raw/tbx11k-simplified/images/s2806.png,0,tbx11k,10937
data/raw/tbx11k-simplified/images/s2807.png,0,tbx11k,10938
data/raw/tbx11k-simplified/images/s2808.png,0,tbx11k,10939
data/raw/tbx11k-simplified/images/s2809.png,0,tbx11k,10940
data/raw/tbx11k-simplified/images/s2810.png,0,tbx11k,10941
data/raw/tbx11k-simplified/images/s2811.png,0,tbx11k,10942
data/raw/tbx11k-simplified/images/s2812.png,0,tbx11k,10943
data/raw/tbx11k-simplified/images/s2813.png,0,tbx11k,10944
data/raw/tbx11k-simplified/images/s2814.png,0,tbx11k,10945
data/raw/tbx11k-simplified/images/s2815.png,0,tbx11k,10946
data/raw/tbx11k-simplified/images/s2817.png,0,tbx11k,10947
data/raw/tbx11k-simplified/images/s2818.png,0,tbx11k,10948
data/raw/tbx11k-simplified/images/s2819.png,0,tbx11k,10949
data/raw/tbx11k-simplified/images/s2820.png,0,tbx11k,10950
data/raw/tbx11k-simplified/images/s2825.png,0,tbx11k,10951
data/raw/tbx11k-simplified/images/s2826.png,0,tbx11k,10952
data/raw/tbx11k-simplified/images/s2827.png,0,tbx11k,10953
data/raw/tbx11k-simplified/images/s2829.png,0,tbx11k,10954
data/raw/tbx11k-simplified/images/s2830.png,0,tbx11k,10955
data/raw/tbx11k-simplified/images/s2831.png,0,tbx11k,10956
data/raw/tbx11k-simplified/images/s2832.png,0,tbx11k,10957
data/raw/tbx11k-simplified/images/s2833.png,0,tbx11k,10958
data/raw/tbx11k-simplified/images/s2834.png,0,tbx11k,10959
data/raw/tbx11k-simplified/images/s2838.png,0,tbx11k,10960
data/raw/tbx11k-simplified/images/s2839.png,0,tbx11k,10961
data/raw/tbx11k-simplified/images/s2840.png,0,tbx11k,10962
data/raw/tbx11k-simplified/images/s2841.png,0,tbx11k,10963
data/raw/tbx11k-simplified/images/s2843.png,0,tbx11k,10965
data/raw/tbx11k-simplified/images/s2844.png,0,tbx11k,10966
data/raw/tbx11k-simplified/images/s2845.png,0,tbx11k,10967
data/raw/tbx11k-simplified/images/s2846.png,0,tbx11k,10968
data/raw/tbx11k-simplified/images/s2847.png,0,tbx11k,10969
data/raw/tbx11k-simplified/images/s2848.png,0,tbx11k,10970
data/raw/tbx11k-simplified/images/s2853.png,0,tbx11k,10971
data/raw/tbx11k-simplified/images/s2854.png,0,tbx11k,10972
data/raw/tbx11k-simplified/images/s2859.png,0,tbx11k,10977
data/raw/tbx11k-simplified/images/s2861.png,0,tbx11k,10978
data/raw/tbx11k-simplified/images/s2863.png,0,tbx11k,10979
data/raw/tbx11k-simplified/images/s2866.png,0,tbx11k,10981
data/raw/tbx11k-simplified/images/s2869.png,0,tbx11k,10983
data/raw/tbx11k-simplified/images/s2872.png,0,tbx11k,10985
data/raw/tbx11k-simplified/images/s2873.png,0,tbx11k,10986
data/raw/tbx11k-simplified/images/s2874.png,0,tbx11k,10987
data/raw/tbx11k-simplified/images/s2875.png,0,tbx11k,10988
data/raw/tbx11k-simplified/images/s2876.png,0,tbx11k,10989
data/raw/tbx11k-simplified/images/s2878.png,0,tbx11k,10990
data/raw/tbx11k-simplified/images/s2879.png,0,tbx11k,10991
data/raw/tbx11k-simplified/images/s2880.png,0,tbx11k,10992
data/raw/tbx11k-simplified/images/s2884.png,0,tbx11k,10995
data/raw/tbx11k-simplified/images/s2885.png,0,tbx11k,10996
data/raw/tbx11k-simplified/images/s2886.png,0,tbx11k,10997
data/raw/tbx11k-simplified/images/s2887.png,0,tbx11k,10998
data/raw/tbx11k-simplified/images/s2888.png,0,tbx11k,10999
data/raw/tbx11k-simplified/images/s2891.png,0,tbx11k,11002
data/raw/tbx11k-simplified/images/s2895.png,0,tbx11k,11004
data/raw/tbx11k-simplified/images/s2897.png,0,tbx11k,11006
data/raw/tbx11k-simplified/images/s2898.png,0,tbx11k,11007
data/raw/tbx11k-simplified/images/s2905.png,0,tbx11k,11010
data/raw/tbx11k-simplified/images/s2906.png,0,tbx11k,11011
data/raw/tbx11k-simplified/images/s2909.png,0,tbx11k,11013
data/raw/tbx11k-simplified/images/s2910.png,0,tbx11k,11014
data/raw/tbx11k-simplified/images/s2911.png,0,tbx11k,11015
data/raw/tbx11k-simplified/images/s2912.png,0,tbx11k,11016
data/raw/tbx11k-simplified/images/s2913.png,0,tbx11k,11017
data/raw/tbx11k-simplified/images/s2914.png,0,tbx11k,11018
data/raw/tbx11k-simplified/images/s2915.png,0,tbx11k,11019
data/raw/tbx11k-simplified/images/s2917.png,0,tbx11k,11020
data/raw/tbx11k-simplified/images/s2918.png,0,tbx11k,11021
data/raw/tbx11k-simplified/images/s2919.png,0,tbx11k,11022
data/raw/tbx11k-simplified/images/s2921.png,0,tbx11k,11024
data/raw/tbx11k-simplified/images/s2922.png,0,tbx11k,11025
data/raw/tbx11k-simplified/images/s2923.png,0,tbx11k,11026
data/raw/tbx11k-simplified/images/s2924.png,0,tbx11k,11027
data/raw/tbx11k-simplified/images/s2926.png,0,tbx11k,11028
data/raw/tbx11k-simplified/images/s2927.png,0,tbx11k,11029
data/raw/tbx11k-simplified/images/s2928.png,0,tbx11k,11030
data/raw/tbx11k-simplified/images/s2929.png,0,tbx11k,11031
data/raw/tbx11k-simplified/images/s2930.png,0,tbx11k,11032
data/raw/tbx11k-simplified/images/s2931.png,0,tbx11k,11033
data/raw/tbx11k-simplified/images/s2933.png,0,tbx11k,11035
data/raw/tbx11k-simplified/images/s2934.png,0,tbx11k,11036
data/raw/tbx11k-simplified/images/s2935.png,0,tbx11k,11037
data/raw/tbx11k-simplified/images/s2936.png,0,tbx11k,11038
data/raw/tbx11k-simplified/images/s2938.png,0,tbx11k,11039
data/raw/tbx11k-simplified/images/s2940.png,0,tbx11k,11040
data/raw/tbx11k-simplified/images/s2941.png,0,tbx11k,11041
data/raw/tbx11k-simplified/images/s2942.png,0,tbx11k,11042
data/raw/tbx11k-simplified/images/s2946.png,0,tbx11k,11044
data/raw/tbx11k-simplified/images/s2947.png,0,tbx11k,11045
data/raw/tbx11k-simplified/images/s2948.png,0,tbx11k,11046
data/raw/tbx11k-simplified/images/s2950.png,0,tbx11k,11047
data/raw/tbx11k-simplified/images/s2952.png,0,tbx11k,11049
data/raw/tbx11k-simplified/images/s2954.png,0,tbx11k,11051
data/raw/tbx11k-simplified/images/s2956.png,0,tbx11k,11052
data/raw/tbx11k-simplified/images/s2958.png,0,tbx11k,11053
data/raw/tbx11k-simplified/images/s2961.png,0,tbx11k,11054
data/raw/tbx11k-simplified/images/s2964.png,0,tbx11k,11055
data/raw/tbx11k-simplified/images/s2965.png,0,tbx11k,11056
data/raw/tbx11k-simplified/images/s2967.png,0,tbx11k,11057
data/raw/tbx11k-simplified/images/s2970.png,0,tbx11k,11058
data/raw/tbx11k-simplified/images/s2971.png,0,tbx11k,11059
data/raw/tbx11k-simplified/images/s2972.png,0,tbx11k,11060
data/raw/tbx11k-simplified/images/s2973.png,0,tbx11k,11061
data/raw/tbx11k-simplified/images/s2974.png,0,tbx11k,11062
data/raw/tbx11k-simplified/images/s2975.png,0,tbx11k,11063
data/raw/tbx11k-simplified/images/s2976.png,0,tbx11k,11064
data/raw/tbx11k-simplified/images/s2979.png,0,tbx11k,11067
data/raw/tbx11k-simplified/images/s2980.png,0,tbx11k,11068
data/raw/tbx11k-simplified/images/s2981.png,0,tbx11k,11069
data/raw/tbx11k-simplified/images/s2983.png,0,tbx11k,11070
data/raw/tbx11k-simplified/images/s2987.png,0,tbx11k,11071
data/raw/tbx11k-simplified/images/s2988.png,0,tbx11k,11072
data/raw/tbx11k-simplified/images/s2991.png,0,tbx11k,11074
data/raw/tbx11k-simplified/images/s2992.png,0,tbx11k,11075
data/raw/tbx11k-simplified/images/s2994.png,0,tbx11k,11077
data/raw/tbx11k-simplified/images/s2996.png,0,tbx11k,11078
data/raw/tbx11k-simplified/images/s2999.png,0,tbx11k,11080
data/raw/tbx11k-simplified/images/s3000.png,0,tbx11k,11081
data/raw/tbx11k-simplified/images/s3002.png,0,tbx11k,11082
data/raw/tbx11k-simplified/images/s3003.png,0,tbx11k,11083
data/raw/tbx11k-simplified/images/s3008.png,0,tbx11k,11085
data/raw/tbx11k-simplified/images/s3011.png,0,tbx11k,11086
data/raw/tbx11k-simplified/images/s3014.png,0,tbx11k,11088
data/raw/tbx11k-simplified/images/s3015.png,0,tbx11k,11089
data/raw/tbx11k-simplified/images/s3017.png,0,tbx11k,11090
data/raw/tbx11k-simplified/images/s3018.png,0,tbx11k,11091
data/raw/tbx11k-simplified/images/s3019.png,0,tbx11k,11092
data/raw/tbx11k-simplified/images/s3020.png,0,tbx11k,11093
data/raw/tbx11k-simplified/images/s3022.png,0,tbx11k,11095
data/raw/tbx11k-simplified/images/s3023.png,0,tbx11k,11096
data/raw/tbx11k-simplified/images/s3024.png,0,tbx11k,11097
data/raw/tbx11k-simplified/images/s3025.png,0,tbx11k,11098
data/raw/tbx11k-simplified/images/s3026.png,0,tbx11k,11099
data/raw/tbx11k-simplified/images/s3027.png,0,tbx11k,11100
data/raw/tbx11k-simplified/images/s3028.png,0,tbx11k,11101
data/raw/tbx11k-simplified/images/s3029.png,0,tbx11k,11102
data/raw/tbx11k-simplified/images/s3031.png,0,tbx11k,11103
data/raw/tbx11k-simplified/images/s3035.png,0,tbx11k,11104
data/raw/tbx11k-simplified/images/s3036.png,0,tbx11k,11105
data/raw/tbx11k-simplified/images/s3042.png,0,tbx11k,11109
data/raw/tbx11k-simplified/images/s3045.png,0,tbx11k,11111
data/raw/tbx11k-simplified/images/s3046.png,0,tbx11k,11112
data/raw/tbx11k-simplified/images/s3047.png,0,tbx11k,11113
data/raw/tbx11k-simplified/images/s3048.png,0,tbx11k,11114
data/raw/tbx11k-simplified/images/s3049.png,0,tbx11k,11115
data/raw/tbx11k-simplified/images/s3050.png,0,tbx11k,11116
data/raw/tbx11k-simplified/images/s3054.png,0,tbx11k,11120
data/raw/tbx11k-simplified/images/s3055.png,0,tbx11k,11121
data/raw/tbx11k-simplified/images/s3056.png,0,tbx11k,11122
data/raw/tbx11k-simplified/images/s3057.png,0,tbx11k,11123
data/raw/tbx11k-simplified/images/s3058.png,0,tbx11k,11124
data/raw/tbx11k-simplified/images/s3059.png,0,tbx11k,11125
data/raw/tbx11k-simplified/images/s3061.png,0,tbx11k,11126
data/raw/tbx11k-simplified/images/s3063.png,0,tbx11k,11128
data/raw/tbx11k-simplified/images/s3064.png,0,tbx11k,11129
data/raw/tbx11k-simplified/images/s3065.png,0,tbx11k,11130
data/raw/tbx11k-simplified/images/s3066.png,0,tbx11k,11131
data/raw/tbx11k-simplified/images/s3067.png,0,tbx11k,11132
data/raw/tbx11k-simplified/images/s3070.png,0,tbx11k,11133
data/raw/tbx11k-simplified/images/s3073.png,0,tbx11k,11134
data/raw/tbx11k-simplified/images/s3074.png,0,tbx11k,11135
data/raw/tbx11k-simplified/images/s3075.png,0,tbx11k,11136
data/raw/tbx11k-simplified/images/s3076.png,0,tbx11k,11137
data/raw/tbx11k-simplified/images/s3077.png,0,tbx11k,11138
data/raw/tbx11k-simplified/images/s3080.png,0,tbx11k,11141
data/raw/tbx11k-simplified/images/s3082.png,0,tbx11k,11142
data/raw/tbx11k-simplified/images/s3083.png,0,tbx11k,11143
data/raw/tbx11k-simplified/images/s3085.png,0,tbx11k,11144
data/raw/tbx11k-simplified/images/s3088.png,0,tbx11k,11147
data/raw/tbx11k-simplified/images/s3089.png,0,tbx11k,11148
data/raw/tbx11k-simplified/images/s3090.png,0,tbx11k,11149
data/raw/tbx11k-simplified/images/s3093.png,0,tbx11k,11150
data/raw/tbx11k-simplified/images/s3094.png,0,tbx11k,11151
data/raw/tbx11k-simplified/images/s3095.png,0,tbx11k,11152
data/raw/tbx11k-simplified/images/s3096.png,0,tbx11k,11153
data/raw/tbx11k-simplified/images/s3097.png,0,tbx11k,11154
data/raw/tbx11k-simplified/images/s3101.png,0,tbx11k,11157
data/raw/tbx11k-simplified/images/s3103.png,0,tbx11k,11159
data/raw/tbx11k-simplified/images/s3105.png,0,tbx11k,11161
data/raw/tbx11k-simplified/images/s3107.png,0,tbx11k,11163
data/raw/tbx11k-simplified/images/s3111.png,0,tbx11k,11164
data/raw/tbx11k-simplified/images/s3112.png,0,tbx11k,11165
data/raw/tbx11k-simplified/images/s3114.png,0,tbx11k,11167
data/raw/tbx11k-simplified/images/s3116.png,0,tbx11k,11169
data/raw/tbx11k-simplified/images/s3117.png,0,tbx11k,11170
data/raw/tbx11k-simplified/images/s3118.png,0,tbx11k,11171
data/raw/tbx11k-simplified/images/s3121.png,0,tbx11k,11173
data/raw/tbx11k-simplified/images/s3122.png,0,tbx11k,11174
data/raw/tbx11k-simplified/images/s3123.png,0,tbx11k,11175
data/raw/tbx11k-simplified/images/s3125.png,0,tbx11k,11176
data/raw/tbx11k-simplified/images/s3126.png,0,tbx11k,11177
data/raw/tbx11k-simplified/images/s3128.png,0,tbx11k,11179
data/raw/tbx11k-simplified/images/s3130.png,0,tbx11k,11180
data/raw/tbx11k-simplified/images/s3133.png,0,tbx11k,11181
data/raw/tbx11k-simplified/images/s3134.png,0,tbx11k,11182
data/raw/tbx11k-simplified/images/s3136.png,0,tbx11k,11183
data/raw/tbx11k-simplified/images/s3137.png,0,tbx11k,11184
data/raw/tbx11k-simplified/images/s3138.png,0,tbx11k,11185
data/raw/tbx11k-simplified/images/s3139.png,0,tbx11k,11186
data/raw/tbx11k-simplified/images/s3140.png,0,tbx11k,11187
data/raw/tbx11k-simplified/images/s3147.png,0,tbx11k,11191
data/raw/tbx11k-simplified/images/s3149.png,0,tbx11k,11193
data/raw/tbx11k-simplified/images/s3150.png,0,tbx11k,11194
data/raw/tbx11k-simplified/images/s3151.png,0,tbx11k,11195
data/raw/tbx11k-simplified/images/s3153.png,0,tbx11k,11196
data/raw/tbx11k-simplified/images/s3154.png,0,tbx11k,11197
data/raw/tbx11k-simplified/images/s3155.png,0,tbx11k,11198
data/raw/tbx11k-simplified/images/s3156.png,0,tbx11k,11199
data/raw/tbx11k-simplified/images/s3157.png,0,tbx11k,11200
data/raw/tbx11k-simplified/images/s3158.png,0,tbx11k,11201
data/raw/tbx11k-simplified/images/s3160.png,0,tbx11k,11202
data/raw/tbx11k-simplified/images/s3161.png,0,tbx11k,11203
data/raw/tbx11k-simplified/images/s3164.png,0,tbx11k,11205
data/raw/tbx11k-simplified/images/s3165.png,0,tbx11k,11206
data/raw/tbx11k-simplified/images/s3166.png,0,tbx11k,11207
data/raw/tbx11k-simplified/images/s3168.png,0,tbx11k,11209
data/raw/tbx11k-simplified/images/s3169.png,0,tbx11k,11210
data/raw/tbx11k-simplified/images/s3171.png,0,tbx11k,11212
data/raw/tbx11k-simplified/images/s3172.png,0,tbx11k,11213
data/raw/tbx11k-simplified/images/s3173.png,0,tbx11k,11214
data/raw/tbx11k-simplified/images/s3174.png,0,tbx11k,11215
data/raw/tbx11k-simplified/images/s3175.png,0,tbx11k,11216
data/raw/tbx11k-simplified/images/s3176.png,0,tbx11k,11217
data/raw/tbx11k-simplified/images/s3177.png,0,tbx11k,11218
data/raw/tbx11k-simplified/images/s3178.png,0,tbx11k,11219
data/raw/tbx11k-simplified/images/s3179.png,0,tbx11k,11220
data/raw/tbx11k-simplified/images/s3181.png,0,tbx11k,11221
data/raw/tbx11k-simplified/images/s3182.png,0,tbx11k,11222
data/raw/tbx11k-simplified/images/s3183.png,0,tbx11k,11223
data/raw/tbx11k-simplified/images/s3184.png,0,tbx11k,11224
data/raw/tbx11k-simplified/images/s3185.png,0,tbx11k,11225
data/raw/tbx11k-simplified/images/s3186.png,0,tbx11k,11226
data/raw/tbx11k-simplified/images/s3187.png,0,tbx11k,11227
data/raw/tbx11k-simplified/images/s3188.png,0,tbx11k,11228
data/raw/tbx11k-simplified/images/s3189.png,0,tbx11k,11229
data/raw/tbx11k-simplified/images/s3190.png,0,tbx11k,11230
data/raw/tbx11k-simplified/images/s3191.png,0,tbx11k,11231
data/raw/tbx11k-simplified/images/s3193.png,0,tbx11k,11232
data/raw/tbx11k-simplified/images/s3195.png,0,tbx11k,11233
data/raw/tbx11k-simplified/images/s3197.png,0,tbx11k,11235
data/raw/tbx11k-simplified/images/s3199.png,0,tbx11k,11236
data/raw/tbx11k-simplified/images/s3203.png,0,tbx11k,11238
data/raw/tbx11k-simplified/images/s3205.png,0,tbx11k,11239
data/raw/tbx11k-simplified/images/s3206.png,0,tbx11k,11240
data/raw/tbx11k-simplified/images/s3207.png,0,tbx11k,11241
data/raw/tbx11k-simplified/images/s3208.png,0,tbx11k,11242
data/raw/tbx11k-simplified/images/s3209.png,0,tbx11k,11243
data/raw/tbx11k-simplified/images/s3211.png,0,tbx11k,11244
data/raw/tbx11k-simplified/images/s3212.png,0,tbx11k,11245
data/raw/tbx11k-simplified/images/s3214.png,0,tbx11k,11246
data/raw/tbx11k-simplified/images/s3216.png,0,tbx11k,11247
data/raw/tbx11k-simplified/images/s3217.png,0,tbx11k,11248
data/raw/tbx11k-simplified/images/s3218.png,0,tbx11k,11249
data/raw/tbx11k-simplified/images/s3221.png,0,tbx11k,11250
data/raw/tbx11k-simplified/images/s3222.png,0,tbx11k,11251
data/raw/tbx11k-simplified/images/s3223.png,0,tbx11k,11252
data/raw/tbx11k-simplified/images/s3225.png,0,tbx11k,11254
data/raw/tbx11k-simplified/images/s3227.png,0,tbx11k,11255
data/raw/tbx11k-simplified/images/s3228.png,0,tbx11k,11256
data/raw/tbx11k-simplified/images/s3229.png,0,tbx11k,11257
data/raw/tbx11k-simplified/images/s3230.png,0,tbx11k,11258
data/raw/tbx11k-simplified/images/s3232.png,0,tbx11k,11259
data/raw/tbx11k-simplified/images/s3234.png,0,tbx11k,11260
data/raw/tbx11k-simplified/images/s3235.png,0,tbx11k,11261
data/raw/tbx11k-simplified/images/s3236.png,0,tbx11k,11262
data/raw/tbx11k-simplified/images/s3238.png,0,tbx11k,11264
data/raw/tbx11k-simplified/images/s3240.png,0,tbx11k,11265
data/raw/tbx11k-simplified/images/s3241.png,0,tbx11k,11266
data/raw/tbx11k-simplified/images/s3242.png,0,tbx11k,11267
data/raw/tbx11k-simplified/images/s3243.png,0,tbx11k,11268
data/raw/tbx11k-simplified/images/s3244.png,0,tbx11k,11269
data/raw/tbx11k-simplified/images/s3247.png,0,tbx11k,11271
data/raw/tbx11k-simplified/images/s3248.png,0,tbx11k,11272
data/raw/tbx11k-simplified/images/s3249.png,0,tbx11k,11273
data/raw/tbx11k-simplified/images/s3251.png,0,tbx11k,11275
data/raw/tbx11k-simplified/images/s3252.png,0,tbx11k,11276
data/raw/tbx11k-simplified/images/s3254.png,0,tbx11k,11278
data/raw/tbx11k-simplified/images/s3256.png,0,tbx11k,11280
data/raw/tbx11k-simplified/images/s3257.png,0,tbx11k,11281
data/raw/tbx11k-simplified/images/s3258.png,0,tbx11k,11282
data/raw/tbx11k-simplified/images/s3259.png,0,tbx11k,11283
data/raw/tbx11k-simplified/images/s3260.png,0,tbx11k,11284
data/raw/tbx11k-simplified/images/s3261.png,0,tbx11k,11285
data/raw/tbx11k-simplified/images/s3262.png,0,tbx11k,11286
data/raw/tbx11k-simplified/images/s3263.png,0,tbx11k,11287
data/raw/tbx11k-simplified/images/s3267.png,0,tbx11k,11290
data/raw/tbx11k-simplified/images/s3268.png,0,tbx11k,11291
data/raw/tbx11k-simplified/images/s3269.png,0,tbx11k,11292
data/raw/tbx11k-simplified/images/s3271.png,0,tbx11k,11294
data/raw/tbx11k-simplified/images/s3272.png,0,tbx11k,11295
data/raw/tbx11k-simplified/images/s3273.png,0,tbx11k,11296
data/raw/tbx11k-simplified/images/s3276.png,0,tbx11k,11298
data/raw/tbx11k-simplified/images/s3278.png,0,tbx11k,11299
data/raw/tbx11k-simplified/images/s3280.png,0,tbx11k,11300
data/raw/tbx11k-simplified/images/s3281.png,0,tbx11k,11301
data/raw/tbx11k-simplified/images/s3283.png,0,tbx11k,11303
data/raw/tbx11k-simplified/images/s3285.png,0,tbx11k,11304
data/raw/tbx11k-simplified/images/s3286.png,0,tbx11k,11305
data/raw/tbx11k-simplified/images/s3288.png,0,tbx11k,11307
data/raw/tbx11k-simplified/images/s3289.png,0,tbx11k,11308
data/raw/tbx11k-simplified/images/s3292.png,0,tbx11k,11310
data/raw/tbx11k-simplified/images/s3293.png,0,tbx11k,11311
data/raw/tbx11k-simplified/images/s3294.png,0,tbx11k,11312
data/raw/tbx11k-simplified/images/s3295.png,0,tbx11k,11313
data/raw/tbx11k-simplified/images/s3296.png,0,tbx11k,11314
data/raw/tbx11k-simplified/images/s3299.png,0,tbx11k,11316
data/raw/tbx11k-simplified/images/s3303.png,0,tbx11k,11318
data/raw/tbx11k-simplified/images/s3304.png,0,tbx11k,11319
data/raw/tbx11k-simplified/images/s3305.png,0,tbx11k,11320
data/raw/tbx11k-simplified/images/s3306.png,0,tbx11k,11321
data/raw/tbx11k-simplified/images/s3308.png,0,tbx11k,11323
data/raw/tbx11k-simplified/images/s3309.png,0,tbx11k,11324
data/raw/tbx11k-simplified/images/s3310.png,0,tbx11k,11325
data/raw/tbx11k-simplified/images/s3311.png,0,tbx11k,11326
data/raw/tbx11k-simplified/images/s3313.png,0,tbx11k,11327
data/raw/tbx11k-simplified/images/s3314.png,0,tbx11k,11328
data/raw/tbx11k-simplified/images/s3316.png,0,tbx11k,11329
data/raw/tbx11k-simplified/images/s3317.png,0,tbx11k,11330
data/raw/tbx11k-simplified/images/s3318.png,0,tbx11k,11331
data/raw/tbx11k-simplified/images/s3322.png,0,tbx11k,11334
data/raw/tbx11k-simplified/images/s3323.png,0,tbx11k,11335
data/raw/tbx11k-simplified/images/s3324.png,0,tbx11k,11336
data/raw/tbx11k-simplified/images/s3325.png,0,tbx11k,11337
data/raw/tbx11k-simplified/images/s3329.png,0,tbx11k,11338
data/raw/tbx11k-simplified/images/s3330.png,0,tbx11k,11339
data/raw/tbx11k-simplified/images/s3331.png,0,tbx11k,11340
data/raw/tbx11k-simplified/images/s3332.png,0,tbx11k,11341
data/raw/tbx11k-simplified/images/s3333.png,0,tbx11k,11342
data/raw/tbx11k-simplified/images/s3334.png,0,tbx11k,11343
data/raw/tbx11k-simplified/images/s3335.png,0,tbx11k,11344
data/raw/tbx11k-simplified/images/s3337.png,0,tbx11k,11345
data/raw/tbx11k-simplified/images/s3339.png,0,tbx11k,11346
data/raw/tbx11k-simplified/images/s3341.png,0,tbx11k,11348
data/raw/tbx11k-simplified/images/s3344.png,0,tbx11k,11350
data/raw/tbx11k-simplified/images/s3346.png,0,tbx11k,11351
data/raw/tbx11k-simplified/images/s3348.png,0,tbx11k,11352
data/raw/tbx11k-simplified/images/s3349.png,0,tbx11k,11353
data/raw/tbx11k-simplified/images/s3350.png,0,tbx11k,11354
data/raw/tbx11k-simplified/images/s3351.png,0,tbx11k,11355
data/raw/tbx11k-simplified/images/s3352.png,0,tbx11k,11356
data/raw/tbx11k-simplified/images/s3353.png,0,tbx11k,11357
data/raw/tbx11k-simplified/images/s3355.png,0,tbx11k,11359
data/raw/tbx11k-simplified/images/s3356.png,0,tbx11k,11360
data/raw/tbx11k-simplified/images/s3357.png,0,tbx11k,11361
data/raw/tbx11k-simplified/images/s3359.png,0,tbx11k,11362
data/raw/tbx11k-simplified/images/s3361.png,0,tbx11k,11364
data/raw/tbx11k-simplified/images/s3362.png,0,tbx11k,11365
data/raw/tbx11k-simplified/images/s3364.png,0,tbx11k,11366
data/raw/tbx11k-simplified/images/s3366.png,0,tbx11k,11368
data/raw/tbx11k-simplified/images/s3368.png,0,tbx11k,11370
data/raw/tbx11k-simplified/images/s3369.png,0,tbx11k,11371
data/raw/tbx11k-simplified/images/s3373.png,0,tbx11k,11373
data/raw/tbx11k-simplified/images/s3376.png,0,tbx11k,11374
data/raw/tbx11k-simplified/images/s3379.png,0,tbx11k,11376
data/raw/tbx11k-simplified/images/s3380.png,0,tbx11k,11377
data/raw/tbx11k-simplified/images/s3382.png,0,tbx11k,11379
data/raw/tbx11k-simplified/images/s3384.png,0,tbx11k,11380
data/raw/tbx11k-simplified/images/s3386.png,0,tbx11k,11382
data/raw/tbx11k-simplified/images/s3389.png,0,tbx11k,11384
data/raw/tbx11k-simplified/images/s3390.png,0,tbx11k,11385
data/raw/tbx11k-simplified/images/s3394.png,0,tbx11k,11386
data/raw/tbx11k-simplified/images/s3397.png,0,tbx11k,11387
data/raw/tbx11k-simplified/images/s3399.png,0,tbx11k,11388
data/raw/tbx11k-simplified/images/s3400.png,0,tbx11k,11389
data/raw/tbx11k-simplified/images/s3401.png,0,tbx11k,11390
data/raw/tbx11k-simplified/images/s3403.png,0,tbx11k,11392
data/raw/tbx11k-simplified/images/s3404.png,0,tbx11k,11393
data/raw/tbx11k-simplified/images/s3405.png,0,tbx11k,11394
data/raw/tbx11k-simplified/images/s3407.png,0,tbx11k,11395
data/raw/tbx11k-simplified/images/s3408.png,0,tbx11k,11396
data/raw/tbx11k-simplified/images/s3409.png,0,tbx11k,11397
data/raw/tbx11k-simplified/images/s3410.png,0,tbx11k,11398
data/raw/tbx11k-simplified/images/s3411.png,0,tbx11k,11399
data/raw/tbx11k-simplified/images/s3412.png,0,tbx11k,11400
data/raw/tbx11k-simplified/images/s3413.png,0,tbx11k,11401
data/raw/tbx11k-simplified/images/s3414.png,0,tbx11k,11402
data/raw/tbx11k-simplified/images/s3416.png,0,tbx11k,11404
data/raw/tbx11k-simplified/images/s3418.png,0,tbx11k,11405
data/raw/tbx11k-simplified/images/s3419.png,0,tbx11k,11406
data/raw/tbx11k-simplified/images/s3420.png,0,tbx11k,11407
data/raw/tbx11k-simplified/images/s3421.png,0,tbx11k,11408
data/raw/tbx11k-simplified/images/s3424.png,0,tbx11k,11409
data/raw/tbx11k-simplified/images/s3426.png,0,tbx11k,11411
data/raw/tbx11k-simplified/images/s3427.png,0,tbx11k,11412
data/raw/tbx11k-simplified/images/s3428.png,0,tbx11k,11413
data/raw/tbx11k-simplified/images/s3429.png,0,tbx11k,11414
data/raw/tbx11k-simplified/images/s3430.png,0,tbx11k,11415
data/raw/tbx11k-simplified/images/s3432.png,0,tbx11k,11417
data/raw/tbx11k-simplified/images/s3436.png,0,tbx11k,11419
data/raw/tbx11k-simplified/images/s3437.png,0,tbx11k,11420
data/raw/tbx11k-simplified/images/s3439.png,0,tbx11k,11422
data/raw/tbx11k-simplified/images/s3440.png,0,tbx11k,11423
data/raw/tbx11k-simplified/images/s3442.png,0,tbx11k,11424
data/raw/tbx11k-simplified/images/s3445.png,0,tbx11k,11426
data/raw/tbx11k-simplified/images/s3447.png,0,tbx11k,11428
data/raw/tbx11k-simplified/images/s3448.png,0,tbx11k,11429
data/raw/tbx11k-simplified/images/s3449.png,0,tbx11k,11430
data/raw/tbx11k-simplified/images/s3450.png,0,tbx11k,11431
data/raw/tbx11k-simplified/images/s3451.png,0,tbx11k,11432
data/raw/tbx11k-simplified/images/s3452.png,0,tbx11k,11433
data/raw/tbx11k-simplified/images/s3453.png,0,tbx11k,11434
data/raw/tbx11k-simplified/images/s3454.png,0,tbx11k,11435
data/raw/tbx11k-simplified/images/s3456.png,0,tbx11k,11436
data/raw/tbx11k-simplified/images/s3458.png,0,tbx11k,11437
data/raw/tbx11k-simplified/images/s3460.png,0,tbx11k,11438
data/raw/tbx11k-simplified/images/s3462.png,0,tbx11k,11440
data/raw/tbx11k-simplified/images/s3463.png,0,tbx11k,11441
data/raw/tbx11k-simplified/images/s3465.png,0,tbx11k,11442
data/raw/tbx11k-simplified/images/s3468.png,0,tbx11k,11444
data/raw/tbx11k-simplified/images/s3472.png,0,tbx11k,11445
data/raw/tbx11k-simplified/images/s3474.png,0,tbx11k,11446
data/raw/tbx11k-simplified/images/s3475.png,0,tbx11k,11447
data/raw/tbx11k-simplified/images/s3476.png,0,tbx11k,11448
data/raw/tbx11k-simplified/images/s3478.png,0,tbx11k,11449
data/raw/tbx11k-simplified/images/s3480.png,0,tbx11k,11451
data/raw/tbx11k-simplified/images/s3481.png,0,tbx11k,11452
data/raw/tbx11k-simplified/images/s3483.png,0,tbx11k,11454
data/raw/tbx11k-simplified/images/s3484.png,0,tbx11k,11455
data/raw/tbx11k-simplified/images/s3485.png,0,tbx11k,11456
data/raw/tbx11k-simplified/images/s3486.png,0,tbx11k,11457
data/raw/tbx11k-simplified/images/s3487.png,0,tbx11k,11458
data/raw/tbx11k-simplified/images/s3488.png,0,tbx11k,11459
data/raw/tbx11k-simplified/images/s3489.png,0,tbx11k,11460
data/raw/tbx11k-simplified/images/s3491.png,0,tbx11k,11462
data/raw/tbx11k-simplified/images/s3494.png,0,tbx11k,11464
data/raw/tbx11k-simplified/images/s3495.png,0,tbx11k,11465
data/raw/tbx11k-simplified/images/s3497.png,0,tbx11k,11466
data/raw/tbx11k-simplified/images/s3498.png,0,tbx11k,11467
data/raw/tbx11k-simplified/images/s3502.png,0,tbx11k,11469
data/raw/tbx11k-simplified/images/s3503.png,0,tbx11k,11470
data/raw/tbx11k-simplified/images/s3504.png,0,tbx11k,11471
data/raw/tbx11k-simplified/images/s3505.png,0,tbx11k,11472
data/raw/tbx11k-simplified/images/s3508.png,0,tbx11k,11473
data/raw/tbx11k-simplified/images/s3509.png,0,tbx11k,11474
data/raw/tbx11k-simplified/images/s3510.png,0,tbx11k,11475
data/raw/tbx11k-simplified/images/s3511.png,0,tbx11k,11476
data/raw/tbx11k-simplified/images/s3512.png,0,tbx11k,11477
data/raw/tbx11k-simplified/images/s3514.png,0,tbx11k,11479
data/raw/tbx11k-simplified/images/s3515.png,0,tbx11k,11480
data/raw/tbx11k-simplified/images/s3516.png,0,tbx11k,11481
data/raw/tbx11k-simplified/images/s3519.png,0,tbx11k,11484
data/raw/tbx11k-simplified/images/s3520.png,0,tbx11k,11485
data/raw/tbx11k-simplified/images/s3521.png,0,tbx11k,11486
data/raw/tbx11k-simplified/images/s3522.png,0,tbx11k,11487
data/raw/tbx11k-simplified/images/s3524.png,0,tbx11k,11489
data/raw/tbx11k-simplified/images/s3526.png,0,tbx11k,11491
data/raw/tbx11k-simplified/images/s3527.png,0,tbx11k,11492
data/raw/tbx11k-simplified/images/s3528.png,0,tbx11k,11493
data/raw/tbx11k-simplified/images/s3529.png,0,tbx11k,11494
data/raw/tbx11k-simplified/images/s3530.png,0,tbx11k,11495
data/raw/tbx11k-simplified/images/s3532.png,0,tbx11k,11496
data/raw/tbx11k-simplified/images/s3533.png,0,tbx11k,11497
data/raw/tbx11k-simplified/images/s3534.png,0,tbx11k,11498
data/raw/tbx11k-simplified/images/s3535.png,0,tbx11k,11499
data/raw/tbx11k-simplified/images/s3536.png,0,tbx11k,11500
data/raw/tbx11k-simplified/images/s3537.png,0,tbx11k,11501
data/raw/tbx11k-simplified/images/s3540.png,0,tbx11k,11502
data/raw/tbx11k-simplified/images/s3544.png,0,tbx11k,11505
data/raw/tbx11k-simplified/images/s3546.png,0,tbx11k,11506
data/raw/tbx11k-simplified/images/s3547.png,0,tbx11k,11507
data/raw/tbx11k-simplified/images/s3548.png,0,tbx11k,11508
data/raw/tbx11k-simplified/images/s3549.png,0,tbx11k,11509
data/raw/tbx11k-simplified/images/s3550.png,0,tbx11k,11510
data/raw/tbx11k-simplified/images/s3551.png,0,tbx11k,11511
data/raw/tbx11k-simplified/images/s3552.png,0,tbx11k,11512
data/raw/tbx11k-simplified/images/s3553.png,0,tbx11k,11513
data/raw/tbx11k-simplified/images/s3554.png,0,tbx11k,11514
data/raw/tbx11k-simplified/images/s3557.png,0,tbx11k,11516
data/raw/tbx11k-simplified/images/s3560.png,0,tbx11k,11517
data/raw/tbx11k-simplified/images/s3561.png,0,tbx11k,11518
data/raw/tbx11k-simplified/images/s3563.png,0,tbx11k,11519
data/raw/tbx11k-simplified/images/s3565.png,0,tbx11k,11521
data/raw/tbx11k-simplified/images/s3566.png,0,tbx11k,11522
data/raw/tbx11k-simplified/images/s3569.png,0,tbx11k,11524
data/raw/tbx11k-simplified/images/s3572.png,0,tbx11k,11526
data/raw/tbx11k-simplified/images/s3575.png,0,tbx11k,11527
data/raw/tbx11k-simplified/images/s3577.png,0,tbx11k,11529
data/raw/tbx11k-simplified/images/s3578.png,0,tbx11k,11530
data/raw/tbx11k-simplified/images/s3580.png,0,tbx11k,11532
data/raw/tbx11k-simplified/images/s3581.png,0,tbx11k,11533
data/raw/tbx11k-simplified/images/s3582.png,0,tbx11k,11534
data/raw/tbx11k-simplified/images/s3584.png,0,tbx11k,11535
data/raw/tbx11k-simplified/images/s3585.png,0,tbx11k,11536
data/raw/tbx11k-simplified/images/s3587.png,0,tbx11k,11537
data/raw/tbx11k-simplified/images/s3588.png,0,tbx11k,11538
data/raw/tbx11k-simplified/images/s3589.png,0,tbx11k,11539
data/raw/tbx11k-simplified/images/s3590.png,0,tbx11k,11540
data/raw/tbx11k-simplified/images/s3591.png,0,tbx11k,11541
data/raw/tbx11k-simplified/images/s3594.png,0,tbx11k,11542
data/raw/tbx11k-simplified/images/s3598.png,0,tbx11k,11544
data/raw/tbx11k-simplified/images/s3599.png,0,tbx11k,11545
data/raw/tbx11k-simplified/images/s3600.png,0,tbx11k,11546
data/raw/tbx11k-simplified/images/s3601.png,0,tbx11k,11547
data/raw/tbx11k-simplified/images/s3603.png,0,tbx11k,11549
data/raw/tbx11k-simplified/images/s3604.png,0,tbx11k,11550
data/raw/tbx11k-simplified/images/s3605.png,0,tbx11k,11551
data/raw/tbx11k-simplified/images/s3608.png,0,tbx11k,11553
data/raw/tbx11k-simplified/images/s3610.png,0,tbx11k,11554
data/raw/tbx11k-simplified/images/s3611.png,0,tbx11k,11555
data/raw/tbx11k-simplified/images/s3612.png,0,tbx11k,11556
data/raw/tbx11k-simplified/images/s3613.png,0,tbx11k,11557
data/raw/tbx11k-simplified/images/s3614.png,0,tbx11k,11558
data/raw/tbx11k-simplified/images/s3615.png,0,tbx11k,11559
data/raw/tbx11k-simplified/images/s3616.png,0,tbx11k,11560
data/raw/tbx11k-simplified/images/s3618.png,0,tbx11k,11562
data/raw/tbx11k-simplified/images/s3619.png,0,tbx11k,11563
data/raw/tbx11k-simplified/images/s3622.png,0,tbx11k,11564
data/raw/tbx11k-simplified/images/s3625.png,0,tbx11k,11566
data/raw/tbx11k-simplified/images/s3626.png,0,tbx11k,11567
data/raw/tbx11k-simplified/images/s3627.png,0,tbx11k,11568
data/raw/tbx11k-simplified/images/s3632.png,0,tbx11k,11570
data/raw/tbx11k-simplified/images/s3635.png,0,tbx11k,11571
data/raw/tbx11k-simplified/images/s3641.png,0,tbx11k,11572
data/raw/tbx11k-simplified/images/s3643.png,0,tbx11k,11574
data/raw/tbx11k-simplified/images/s3644.png,0,tbx11k,11575
data/raw/tbx11k-simplified/images/s3645.png,0,tbx11k,11576
data/raw/tbx11k-simplified/images/s3646.png,0,tbx11k,11577
data/raw/tbx11k-simplified/images/s3647.png,0,tbx11k,11578
data/raw/tbx11k-simplified/images/s3649.png,0,tbx11k,11580
data/raw/tbx11k-simplified/images/s3650.png,0,tbx11k,11581
data/raw/tbx11k-simplified/images/s3651.png,0,tbx11k,11582
data/raw/tbx11k-simplified/images/s3652.png,0,tbx11k,11583
data/raw/tbx11k-simplified/images/s3653.png,0,tbx11k,11584
data/raw/tbx11k-simplified/images/s3657.png,0,tbx11k,11587
data/raw/tbx11k-simplified/images/s3658.png,0,tbx11k,11588
data/raw/tbx11k-simplified/images/s3659.png,0,tbx11k,11589
data/raw/tbx11k-simplified/images/s3660.png,0,tbx11k,11590
data/raw/tbx11k-simplified/images/s3661.png,0,tbx11k,11591
data/raw/tbx11k-simplified/images/s3664.png,0,tbx11k,11593
data/raw/tbx11k-simplified/images/s3665.png,0,tbx11k,11594
data/raw/tbx11k-simplified/images/s3666.png,0,tbx11k,11595
data/raw/tbx11k-simplified/images/s3667.png,0,tbx11k,11596
data/raw/tbx11k-simplified/images/s3668.png,0,tbx11k,11597
data/raw/tbx11k-simplified/images/s3671.png,0,tbx11k,11600
data/raw/tbx11k-simplified/images/s3672.png,0,tbx11k,11601
data/raw/tbx11k-simplified/images/s3673.png,0,tbx11k,11602
data/raw/tbx11k-simplified/images/s3676.png,0,tbx11k,11603
data/raw/tbx11k-simplified/images/s3678.png,0,tbx11k,11605
data/raw/tbx11k-simplified/images/s3679.png,0,tbx11k,11606
data/raw/tbx11k-simplified/images/s3681.png,0,tbx11k,11607
data/raw/tbx11k-simplified/images/s3683.png,0,tbx11k,11609
data/raw/tbx11k-simplified/images/s3684.png,0,tbx11k,11610
data/raw/tbx11k-simplified/images/s3686.png,0,tbx11k,11612
data/raw/tbx11k-simplified/images/s3689.png,0,tbx11k,11614
data/raw/tbx11k-simplified/images/s3690.png,0,tbx11k,11615
data/raw/tbx11k-simplified/images/s3691.png,0,tbx11k,11616
data/raw/tbx11k-simplified/images/s3693.png,0,tbx11k,11617
data/raw/tbx11k-simplified/images/s3694.png,0,tbx11k,11618
data/raw/tbx11k-simplified/images/s3700.png,0,tbx11k,11619
data/raw/tbx11k-simplified/images/s3701.png,0,tbx11k,11620
data/raw/tbx11k-simplified/images/s3704.png,0,tbx11k,11622
data/raw/tbx11k-simplified/images/s3706.png,0,tbx11k,11623
data/raw/tbx11k-simplified/images/s3710.png,0,tbx11k,11624
data/raw/tbx11k-simplified/images/s3711.png,0,tbx11k,11625
data/raw/tbx11k-simplified/images/s3712.png,0,tbx11k,11626
data/raw/tbx11k-simplified/images/s3713.png,0,tbx11k,11627
data/raw/tbx11k-simplified/images/s3715.png,0,tbx11k,11629
data/raw/tbx11k-simplified/images/s3716.png,0,tbx11k,11630
data/raw/tbx11k-simplified/images/s3718.png,0,tbx11k,11631
data/raw/tbx11k-simplified/images/s3721.png,0,tbx11k,11632
data/raw/tbx11k-simplified/images/s3725.png,0,tbx11k,11634
data/raw/tbx11k-simplified/images/s3726.png,0,tbx11k,11635
data/raw/tbx11k-simplified/images/s3727.png,0,tbx11k,11636
data/raw/tbx11k-simplified/images/s3728.png,0,tbx11k,11637
data/raw/tbx11k-simplified/images/s3730.png,0,tbx11k,11638
data/raw/tbx11k-simplified/images/s3731.png,0,tbx11k,11639
data/raw/tbx11k-simplified/images/s3732.png,0,tbx11k,11640
data/raw/tbx11k-simplified/images/s3733.png,0,tbx11k,11641
data/raw/tbx11k-simplified/images/s3734.png,0,tbx11k,11642
data/raw/tbx11k-simplified/images/s3737.png,0,tbx11k,11644
data/raw/tbx11k-simplified/images/s3738.png,0,tbx11k,11645
data/raw/tbx11k-simplified/images/s3740.png,0,tbx11k,11646
data/raw/tbx11k-simplified/images/s3743.png,0,tbx11k,11648
data/raw/tbx11k-simplified/images/s3744.png,0,tbx11k,11649
data/raw/tbx11k-simplified/images/s3748.png,0,tbx11k,11651
data/raw/tbx11k-simplified/images/s3751.png,0,tbx11k,11652
data/raw/tbx11k-simplified/images/s3752.png,0,tbx11k,11653
data/raw/tbx11k-simplified/images/s3754.png,0,tbx11k,11654
data/raw/tbx11k-simplified/images/s3757.png,0,tbx11k,11656
data/raw/tbx11k-simplified/images/s3758.png,0,tbx11k,11657
data/raw/tbx11k-simplified/images/s3764.png,0,tbx11k,11661
data/raw/tbx11k-simplified/images/s3765.png,0,tbx11k,11662
data/raw/tbx11k-simplified/images/s3767.png,0,tbx11k,11663
data/raw/tbx11k-simplified/images/s3772.png,0,tbx11k,11664
data/raw/tbx11k-simplified/images/s3773.png,0,tbx11k,11665
data/raw/tbx11k-simplified/images/s3776.png,0,tbx11k,11666
data/raw/tbx11k-simplified/images/s3777.png,0,tbx11k,11667
data/raw/tbx11k-simplified/images/s3778.png,0,tbx11k,11668
data/raw/tbx11k-simplified/images/s3779.png,0,tbx11k,11669
data/raw/tbx11k-simplified/images/s3780.png,0,tbx11k,11670
data/raw/tbx11k-simplified/images/s3781.png,0,tbx11k,11671
data/raw/tbx11k-simplified/images/s3783.png,0,tbx11k,11672
data/raw/tbx11k-simplified/images/s3784.png,0,tbx11k,11673
data/raw/tbx11k-simplified/images/s3785.png,0,tbx11k,11674
data/raw/tbx11k-simplified/images/s3787.png,0,tbx11k,11676
data/raw/tbx11k-simplified/images/s3788.png,0,tbx11k,11677
data/raw/tbx11k-simplified/images/s3789.png,0,tbx11k,11678
data/raw/tbx11k-simplified/images/s3792.png,0,tbx11k,11680
data/raw/tbx11k-simplified/images/s3793.png,0,tbx11k,11681
data/raw/tbx11k-simplified/images/s3797.png,0,tbx11k,11683
data/raw/tbx11k-simplified/images/s3798.png,0,tbx11k,11684
data/raw/tbx11k-simplified/images/s3799.png,0,tbx11k,11685
data/raw/tbx11k-simplified/images/s3800.png,0,tbx11k,11686
data/raw/tbx11k-simplified/images/s3802.png,0,tbx11k,11688
data/raw/tbx11k-simplified/images/s3803.png,0,tbx11k,11689
data/raw/tbx11k-simplified/images/s3804.png,0,tbx11k,11690
data/raw/tbx11k-simplified/images/s3805.png,0,tbx11k,11691
data/raw/tbx11k-simplified/images/s3806.png,0,tbx11k,11692
data/raw/tbx11k-simplified/images/s3807.png,0,tbx11k,11693
data/raw/tbx11k-simplified/images/s3809.png,0,tbx11k,11694
data/raw/tbx11k-simplified/images/s3810.png,0,tbx11k,11695
data/raw/tbx11k-simplified/images/s3811.png,0,tbx11k,11696
data/raw/tbx11k-simplified/images/s3812.png,0,tbx11k,11697
data/raw/tbx11k-simplified/images/s3813.png,0,tbx11k,11698
data/raw/tbx11k-simplified/images/s3815.png,0,tbx11k,11699
data/raw/tbx11k-simplified/images/s3816.png,0,tbx11k,11700
data/raw/tbx11k-simplified/images/s3817.png,0,tbx11k,11701
data/raw/tbx11k-simplified/images/s3818.png,0,tbx11k,11702
data/raw/tbx11k-simplified/images/s3819.png,0,tbx11k,11703
data/raw/tbx11k-simplified/images/s3820.png,0,tbx11k,11704
data/raw/tbx11k-simplified/images/s3821.png,0,tbx11k,11705
data/raw/tbx11k-simplified/images/s3822.png,0,tbx11k,11706
data/raw/tbx11k-simplified/images/s3823.png,0,tbx11k,11707
data/raw/tbx11k-simplified/images/s3826.png,0,tbx11k,11708
data/raw/tbx11k-simplified/images/s3828.png,0,tbx11k,11710
data/raw/tbx11k-simplified/images/s3831.png,0,tbx11k,11711
data/raw/tbx11k-simplified/images/s3832.png,0,tbx11k,11712
data/raw/tbx11k-simplified/images/s3833.png,0,tbx11k,11713
data/raw/tbx11k-simplified/images/s3835.png,0,tbx11k,11715
data/raw/tbx11k-simplified/images/s3836.png,0,tbx11k,11716
data/raw/tbx11k-simplified/images/s3837.png,0,tbx11k,11717
data/raw/tbx11k-simplified/images/s3838.png,0,tbx11k,11718
data/raw/tbx11k-simplified/images/s3839.png,0,tbx11k,11719
data/raw/tbx11k-simplified/images/s3840.png,0,tbx11k,11720
data/raw/tbx11k-simplified/images/s3841.png,0,tbx11k,11721
data/raw/tbx11k-simplified/images/s3842.png,0,tbx11k,11722
data/raw/tbx11k-simplified/images/s3843.png,0,tbx11k,11723
data/raw/tbx11k-simplified/images/s3847.png,0,tbx11k,11726
data/raw/tbx11k-simplified/images/s3848.png,0,tbx11k,11727
data/raw/tbx11k-simplified/images/s3853.png,0,tbx11k,11728
data/raw/tbx11k-simplified/images/s3854.png,0,tbx11k,11729
data/raw/tbx11k-simplified/images/s3855.png,0,tbx11k,11730
data/raw/tbx11k-simplified/images/s3858.png,0,tbx11k,11732
data/raw/tbx11k-simplified/images/s3859.png,0,tbx11k,11733
data/raw/tbx11k-simplified/images/s3860.png,0,tbx11k,11734
data/raw/tbx11k-simplified/images/s3861.png,0,tbx11k,11735
data/raw/tbx11k-simplified/images/s3862.png,0,tbx11k,11736
data/raw/tbx11k-simplified/images/s3863.png,0,tbx11k,11737
data/raw/tbx11k-simplified/images/s3865.png,0,tbx11k,11739
data/raw/tbx11k-simplified/images/s3868.png,0,tbx11k,11741
data/raw/tbx11k-simplified/images/s3870.png,0,tbx11k,11742
data/raw/tbx11k-simplified/images/s3871.png,0,tbx11k,11743
data/raw/tbx11k-simplified/images/s3872.png,0,tbx11k,11744
data/raw/tbx11k-simplified/images/s3873.png,0,tbx11k,11745
data/raw/tbx11k-simplified/images/s3875.png,0,tbx11k,11747
data/raw/tbx11k-simplified/images/s3877.png,0,tbx11k,11748
data/raw/tbx11k-simplified/images/s3880.png,0,tbx11k,11750
data/raw/tbx11k-simplified/images/s3882.png,0,tbx11k,11751
data/raw/tbx11k-simplified/images/s3884.png,0,tbx11k,11752
data/raw/tbx11k-simplified/images/s3885.png,0,tbx11k,11753
data/raw/tbx11k-simplified/images/s3887.png,0,tbx11k,11755
data/raw/tbx11k-simplified/images/s3888.png,0,tbx11k,11756
data/raw/tbx11k-simplified/images/s3889.png,0,tbx11k,11757
data/raw/tbx11k-simplified/images/s3890.png,0,tbx11k,11758
data/raw/tbx11k-simplified/images/s3891.png,0,tbx11k,11759
data/raw/tbx11k-simplified/images/s3894.png,0,tbx11k,11761
data/raw/tbx11k-simplified/images/s3895.png,0,tbx11k,11762
data/raw/tbx11k-simplified/images/s3898.png,0,tbx11k,11764
data/raw/tbx11k-simplified/images/s3899.png,0,tbx11k,11765
data/raw/tbx11k-simplified/images/s3900.png,0,tbx11k,11766
data/raw/tbx11k-simplified/images/s3903.png,0,tbx11k,11768
data/raw/tbx11k-simplified/images/s3910.png,0,tbx11k,11769
data/raw/tbx11k-simplified/images/s3911.png,0,tbx11k,11770
data/raw/tbx11k-simplified/images/s3913.png,0,tbx11k,11772
data/raw/tbx11k-simplified/images/s3914.png,0,tbx11k,11773
data/raw/tbx11k-simplified/images/s3915.png,0,tbx11k,11774
data/raw/tbx11k-simplified/images/s3916.png,0,tbx11k,11775
data/raw/tbx11k-simplified/images/s3919.png,0,tbx11k,11777
data/raw/tbx11k-simplified/images/s3924.png,0,tbx11k,11780
data/raw/tbx11k-simplified/images/s3925.png,0,tbx11k,11781
data/raw/tbx11k-simplified/images/s3926.png,0,tbx11k,11782
data/raw/tbx11k-simplified/images/s3928.png,0,tbx11k,11784
data/raw/tbx11k-simplified/images/s3929.png,0,tbx11k,11785
data/raw/tbx11k-simplified/images/s3931.png,0,tbx11k,11786
data/raw/tbx11k-simplified/images/s3934.png,0,tbx11k,11787
data/raw/tbx11k-simplified/images/s3936.png,0,tbx11k,11789
data/raw/tbx11k-simplified/images/s3937.png,0,tbx11k,11790
data/raw/tbx11k-simplified/images/s3939.png,0,tbx11k,11791
data/raw/tbx11k-simplified/images/s3940.png,0,tbx11k,11792
data/raw/tbx11k-simplified/images/s3941.png,0,tbx11k,11793
data/raw/tbx11k-simplified/images/s3942.png,0,tbx11k,11794
data/raw/tbx11k-simplified/images/s3944.png,0,tbx11k,11796
data/raw/tbx11k-simplified/images/s3946.png,0,tbx11k,11797
data/raw/tbx11k-simplified/images/s3948.png,0,tbx11k,11798
data/raw/tbx11k-simplified/images/s3949.png,0,tbx11k,11799
data/raw/tbx11k-simplified/images/s3953.png,0,tbx11k,11801
data/raw/tbx11k-simplified/images/s3954.png,0,tbx11k,11802
data/raw/tbx11k-simplified/images/s3955.png,0,tbx11k,11803
data/raw/tbx11k-simplified/images/s3956.png,0,tbx11k,11804
data/raw/tbx11k-simplified/images/s3958.png,0,tbx11k,11805
data/raw/tbx11k-simplified/images/s3959.png,0,tbx11k,11806
data/raw/tbx11k-simplified/images/s3961.png,0,tbx11k,11808
data/raw/tbx11k-simplified/images/s3962.png,0,tbx11k,11809
data/raw/tbx11k-simplified/images/s3964.png,0,tbx11k,11810
data/raw/tbx11k-simplified/images/s3965.png,0,tbx11k,11811
data/raw/tbx11k-simplified/images/s3969.png,0,tbx11k,11814
data/raw/tbx11k-simplified/images/s3970.png,0,tbx11k,11815
data/raw/tbx11k-simplified/images/s3972.png,0,tbx11k,11816
data/raw/tbx11k-simplified/images/s3973.png,0,tbx11k,11817
data/raw/tbx11k-simplified/images/s3974.png,0,tbx11k,11818
data/raw/tbx11k-simplified/images/s3976.png,0,tbx11k,11819
data/raw/tbx11k-simplified/images/s3978.png,0,tbx11k,11821
data/raw/tbx11k-simplified/images/s3982.png,0,tbx11k,11823
data/raw/tbx11k-simplified/images/s3983.png,0,tbx11k,11824
data/raw/tbx11k-simplified/images/s3984.png,0,tbx11k,11825
data/raw/tbx11k-simplified/images/s3988.png,0,tbx11k,11827
data/raw/tbx11k-simplified/images/s3990.png,0,tbx11k,11828
data/raw/tbx11k-simplified/images/s3991.png,0,tbx11k,11829
data/raw/tbx11k-simplified/images/s3992.png,0,tbx11k,11830
data/raw/tbx11k-simplified/images/s3993.png,0,tbx11k,11831
data/raw/tbx11k-simplified/images/s3996.png,0,tbx11k,11834
data/raw/tbx11k-simplified/images/s3997.png,0,tbx11k,11835
data/raw/tbx11k-simplified/images/s4000.png,0,tbx11k,11836
data/raw/tbx11k-simplified/images/s4001.png,0,tbx11k,11837
data/raw/tbx11k-simplified/images/s4004.png,0,tbx11k,11839
data/raw/tbx11k-simplified/images/s4005.png,0,tbx11k,11840
data/raw/tbx11k-simplified/images/s4009.png,0,tbx11k,11842
data/raw/tbx11k-simplified/images/s4010.png,0,tbx11k,11843
data/raw/tbx11k-simplified/images/s4013.png,0,tbx11k,11845
data/raw/tbx11k-simplified/images/s4014.png,0,tbx11k,11846
data/raw/tbx11k-simplified/images/s4018.png,0,tbx11k,11850
data/raw/tbx11k-simplified/images/s4021.png,0,tbx11k,11853
data/raw/tbx11k-simplified/images/s4022.png,0,tbx11k,11854
data/raw/tbx11k-simplified/images/s4023.png,0,tbx11k,11855
data/raw/tbx11k-simplified/images/s4024.png,0,tbx11k,11856
data/raw/tbx11k-simplified/images/s4028.png,0,tbx11k,11858
data/raw/tbx11k-simplified/images/s4031.png,0,tbx11k,11860
data/raw/tbx11k-simplified/images/s4032.png,0,tbx11k,11861
data/raw/tbx11k-simplified/images/s4033.png,0,tbx11k,11862
data/raw/tbx11k-simplified/images/s4035.png,0,tbx11k,11863
data/raw/tbx11k-simplified/images/s4036.png,0,tbx11k,11864
data/raw/tbx11k-simplified/images/s4037.png,0,tbx11k,11865
data/raw/tbx11k-simplified/images/s4038.png,0,tbx11k,11866
data/raw/tbx11k-simplified/images/s4039.png,0,tbx11k,11867
data/raw/tbx11k-simplified/images/s4040.png,0,tbx11k,11868
data/raw/tbx11k-simplified/images/s4041.png,0,tbx11k,11869
data/raw/tbx11k-simplified/images/s4044.png,0,tbx11k,11870
data/raw/tbx11k-simplified/images/s4045.png,0,tbx11k,11871
data/raw/tbx11k-simplified/images/s4046.png,0,tbx11k,11872
data/raw/tbx11k-simplified/images/s4047.png,0,tbx11k,11873
data/raw/tbx11k-simplified/images/s4049.png,0,tbx11k,11874
data/raw/tbx11k-simplified/images/s4050.png,0,tbx11k,11875
data/raw/tbx11k-simplified/images/s4051.png,0,tbx11k,11876
data/raw/tbx11k-simplified/images/s4052.png,0,tbx11k,11877
data/raw/tbx11k-simplified/images/s4053.png,0,tbx11k,11878
data/raw/tbx11k-simplified/images/s4056.png,0,tbx11k,11879
data/raw/tbx11k-simplified/images/s4060.png,0,tbx11k,11881
data/raw/tbx11k-simplified/images/s4062.png,0,tbx11k,11882
data/raw/tbx11k-simplified/images/s4064.png,0,tbx11k,11883
data/raw/tbx11k-simplified/images/s4065.png,0,tbx11k,11884
data/raw/tbx11k-simplified/images/s4066.png,0,tbx11k,11885
data/raw/tbx11k-simplified/images/s4067.png,0,tbx11k,11886
data/raw/tbx11k-simplified/images/s4068.png,0,tbx11k,11887
data/raw/tbx11k-simplified/images/s4070.png,0,tbx11k,11889
data/raw/tbx11k-simplified/images/s4071.png,0,tbx11k,11890
data/raw/tbx11k-simplified/images/s4072.png,0,tbx11k,11891
data/raw/tbx11k-simplified/images/s4074.png,0,tbx11k,11893
data/raw/tbx11k-simplified/images/s4075.png,0,tbx11k,11894
data/raw/tbx11k-simplified/images/s4077.png,0,tbx11k,11895
data/raw/tbx11k-simplified/images/s4078.png,0,tbx11k,11896
data/raw/tbx11k-simplified/images/s4079.png,0,tbx11k,11897
data/raw/tbx11k-simplified/images/s4081.png,0,tbx11k,11899
data/raw/tbx11k-simplified/images/s4083.png,0,tbx11k,11901
data/raw/tbx11k-simplified/images/s4084.png,0,tbx11k,11902
data/raw/tbx11k-simplified/images/s4087.png,0,tbx11k,11903
data/raw/tbx11k-simplified/images/s4088.png,0,tbx11k,11904
data/raw/tbx11k-simplified/images/s4089.png,0,tbx11k,11905
data/raw/tbx11k-simplified/images/s4091.png,0,tbx11k,11907
data/raw/tbx11k-simplified/images/s4093.png,0,tbx11k,11909
data/raw/tbx11k-simplified/images/s4095.png,0,tbx11k,11910
data/raw/tbx11k-simplified/images/s4096.png,0,tbx11k,11911
data/raw/tbx11k-simplified/images/s4097.png,0,tbx11k,11912
data/raw/tbx11k-simplified/images/s4099.png,0,tbx11k,11913
data/raw/tbx11k-simplified/images/s4104.png,0,tbx11k,11916
data/raw/tbx11k-simplified/images/s4105.png,0,tbx11k,11917
data/raw/tbx11k-simplified/images/s4106.png,0,tbx11k,11918
data/raw/tbx11k-simplified/images/s4108.png,0,tbx11k,11919
data/raw/tbx11k-simplified/images/s4109.png,0,tbx11k,11920
data/raw/tbx11k-simplified/images/s4111.png,0,tbx11k,11922
data/raw/tbx11k-simplified/images/s4113.png,0,tbx11k,11924
data/raw/tbx11k-simplified/images/s4114.png,0,tbx11k,11925
data/raw/tbx11k-simplified/images/s4116.png,0,tbx11k,11927
data/raw/tbx11k-simplified/images/s4117.png,0,tbx11k,11928
data/raw/tbx11k-simplified/images/s4118.png,0,tbx11k,11929
data/raw/tbx11k-simplified/images/s4119.png,0,tbx11k,11930
data/raw/tbx11k-simplified/images/s4120.png,0,tbx11k,11931
data/raw/tbx11k-simplified/images/s4122.png,0,tbx11k,11933
data/raw/tbx11k-simplified/images/s4123.png,0,tbx11k,11934
data/raw/tbx11k-simplified/images/s4124.png,0,tbx11k,11935
data/raw/tbx11k-simplified/images/s4125.png,0,tbx11k,11936
data/raw/tbx11k-simplified/images/s4126.png,0,tbx11k,11937
data/raw/tbx11k-simplified/images/s4127.png,0,tbx11k,11938
data/raw/tbx11k-simplified/images/s4128.png,0,tbx11k,11939
data/raw/tbx11k-simplified/images/s4130.png,0,tbx11k,11940
data/raw/tbx11k-simplified/images/s4131.png,0,tbx11k,11941
data/raw/tbx11k-simplified/images/s4132.png,0,tbx11k,11942
data/raw/tbx11k-simplified/images/s4135.png,0,tbx11k,11943
data/raw/tbx11k-simplified/images/s4136.png,0,tbx11k,11944
data/raw/tbx11k-simplified/images/s4138.png,0,tbx11k,11945
data/raw/tbx11k-simplified/images/s4139.png,0,tbx11k,11946
data/raw/tbx11k-simplified/images/s4140.png,0,tbx11k,11947
data/raw/tbx11k-simplified/images/s4143.png,0,tbx11k,11948
data/raw/tbx11k-simplified/images/s4145.png,0,tbx11k,11950
data/raw/tbx11k-simplified/images/s4146.png,0,tbx11k,11951
data/raw/tbx11k-simplified/images/s4148.png,0,tbx11k,11953
data/raw/tbx11k-simplified/images/s4150.png,0,tbx11k,11955
data/raw/tbx11k-simplified/images/s4152.png,0,tbx11k,11956
data/raw/tbx11k-simplified/images/s4153.png,0,tbx11k,11957
data/raw/tbx11k-simplified/images/s4157.png,0,tbx11k,11959
data/raw/tbx11k-simplified/images/s4158.png,0,tbx11k,11960
data/raw/tbx11k-simplified/images/s4159.png,0,tbx11k,11961
data/raw/tbx11k-simplified/images/s4160.png,0,tbx11k,11962
data/raw/tbx11k-simplified/images/s4161.png,0,tbx11k,11963
data/raw/tbx11k-simplified/images/s4162.png,0,tbx11k,11964
data/raw/tbx11k-simplified/images/s4163.png,0,tbx11k,11965
data/raw/tbx11k-simplified/images/s4164.png,0,tbx11k,11966
data/raw/tbx11k-simplified/images/s4166.png,0,tbx11k,11968
data/raw/tbx11k-simplified/images/s4167.png,0,tbx11k,11969
data/raw/tbx11k-simplified/images/s4168.png,0,tbx11k,11970
data/raw/tbx11k-simplified/images/s4172.png,0,tbx11k,11971
data/raw/tbx11k-simplified/images/s4175.png,0,tbx11k,11972
data/raw/tbx11k-simplified/images/s4176.png,0,tbx11k,11973
data/raw/tbx11k-simplified/images/s4177.png,0,tbx11k,11974
data/raw/tbx11k-simplified/images/s4178.png,0,tbx11k,11975
data/raw/tbx11k-simplified/images/s4179.png,0,tbx11k,11976
data/raw/tbx11k-simplified/images/s4180.png,0,tbx11k,11977
data/raw/tbx11k-simplified/images/s4181.png,0,tbx11k,11978
data/raw/tbx11k-simplified/images/s4183.png,0,tbx11k,11979
data/raw/tbx11k-simplified/images/s4184.png,0,tbx11k,11980
data/raw/tbx11k-simplified/images/s4186.png,0,tbx11k,11981
data/raw/tbx11k-simplified/images/s4189.png,0,tbx11k,11983
data/raw/tbx11k-simplified/images/s4190.png,0,tbx11k,11984
data/raw/tbx11k-simplified/images/s4191.png,0,tbx11k,11985
data/raw/tbx11k-simplified/images/s4193.png,0,tbx11k,11987
data/raw/tbx11k-simplified/images/s4196.png,0,tbx11k,11988
data/raw/tbx11k-simplified/images/s4200.png,0,tbx11k,11990
data/raw/tbx11k-simplified/images/s4202.png,0,tbx11k,11991
data/raw/tbx11k-simplified/images/s4204.png,0,tbx11k,11992
data/raw/tbx11k-simplified/images/s4206.png,0,tbx11k,11994
data/raw/tbx11k-simplified/images/s4207.png,0,tbx11k,11995
data/raw/tbx11k-simplified/images/s4208.png,0,tbx11k,11996
data/raw/tbx11k-simplified/images/s4212.png,0,tbx11k,11997
data/raw/tbx11k-simplified/images/s4214.png,0,tbx11k,11999
data/raw/tbx11k-simplified/images/s4216.png,0,tbx11k,12000
data/raw/tbx11k-simplified/images/s4219.png,0,tbx11k,12003
data/raw/tbx11k-simplified/images/s4220.png,0,tbx11k,12004
data/raw/tbx11k-simplified/images/s4222.png,0,tbx11k,12005
data/raw/tbx11k-simplified/images/s4225.png,0,tbx11k,12007
data/raw/tbx11k-simplified/images/s4226.png,0,tbx11k,12008
data/raw/tbx11k-simplified/images/s4227.png,0,tbx11k,12009
data/raw/tbx11k-simplified/images/s4229.png,0,tbx11k,12010
data/raw/tbx11k-simplified/images/s4230.png,0,tbx11k,12011
data/raw/tbx11k-simplified/images/s4232.png,0,tbx11k,12013
data/raw/tbx11k-simplified/images/s4233.png,0,tbx11k,12014
data/raw/tbx11k-simplified/images/s4234.png,0,tbx11k,12015
data/raw/tbx11k-simplified/images/s4235.png,0,tbx11k,12016
data/raw/tbx11k-simplified/images/s4236.png,0,tbx11k,12017
data/raw/tbx11k-simplified/images/s4237.png,0,tbx11k,12018
data/raw/tbx11k-simplified/images/s4238.png,0,tbx11k,12019
data/raw/tbx11k-simplified/images/s4241.png,0,tbx11k,12021
data/raw/tbx11k-simplified/images/s4242.png,0,tbx11k,12022
data/raw/tbx11k-simplified/images/s4243.png,0,tbx11k,12023
data/raw/tbx11k-simplified/images/s4244.png,0,tbx11k,12024
data/raw/tbx11k-simplified/images/s4246.png,0,tbx11k,12026
data/raw/tbx11k-simplified/images/s4247.png,0,tbx11k,12027
data/raw/tbx11k-simplified/images/s4249.png,0,tbx11k,12029
data/raw/tbx11k-simplified/images/s4250.png,0,tbx11k,12030
data/raw/tbx11k-simplified/images/s4251.png,0,tbx11k,12031
data/raw/tbx11k-simplified/images/s4252.png,0,tbx11k,12032
data/raw/tbx11k-simplified/images/s4253.png,0,tbx11k,12033
data/raw/tbx11k-simplified/images/s4254.png,0,tbx11k,12034
data/raw/tbx11k-simplified/images/s4255.png,0,tbx11k,12035
data/raw/tbx11k-simplified/images/s4256.png,0,tbx11k,12036
data/raw/tbx11k-simplified/images/s4257.png,0,tbx11k,12037
data/raw/tbx11k-simplified/images/s4259.png,0,tbx11k,12038
data/raw/tbx11k-simplified/images/s4260.png,0,tbx11k,12039
data/raw/tbx11k-simplified/images/s4262.png,0,tbx11k,12040
data/raw/tbx11k-simplified/images/s4263.png,0,tbx11k,12041
data/raw/tbx11k-simplified/images/s4267.png,0,tbx11k,12044
data/raw/tbx11k-simplified/images/s4268.png,0,tbx11k,12045
data/raw/tbx11k-simplified/images/s4270.png,0,tbx11k,12046
data/raw/tbx11k-simplified/images/s4271.png,0,tbx11k,12047
data/raw/tbx11k-simplified/images/s4272.png,0,tbx11k,12048
data/raw/tbx11k-simplified/images/s4273.png,0,tbx11k,12049
data/raw/tbx11k-simplified/images/s4274.png,0,tbx11k,12050
data/raw/tbx11k-simplified/images/s4277.png,0,tbx11k,12053
data/raw/tbx11k-simplified/images/s4278.png,0,tbx11k,12054
data/raw/tbx11k-simplified/images/s4283.png,0,tbx11k,12057
data/raw/tbx11k-simplified/images/s4286.png,0,tbx11k,12059
data/raw/tbx11k-simplified/images/s4288.png,0,tbx11k,12060
data/raw/tbx11k-simplified/images/s4289.png,0,tbx11k,12061
data/raw/tbx11k-simplified/images/s4290.png,0,tbx11k,12062
data/raw/tbx11k-simplified/images/s4291.png,0,tbx11k,12063
data/raw/tbx11k-simplified/images/s4293.png,0,tbx11k,12065
data/raw/tbx11k-simplified/images/s4294.png,0,tbx11k,12066
data/raw/tbx11k-simplified/images/s4295.png,0,tbx11k,12067
data/raw/tbx11k-simplified/images/s4296.png,0,tbx11k,12068
data/raw/tbx11k-simplified/images/s4299.png,0,tbx11k,12069
data/raw/tbx11k-simplified/images/s4302.png,0,tbx11k,12071
data/raw/tbx11k-simplified/images/s4306.png,0,tbx11k,12072
data/raw/tbx11k-simplified/images/s4307.png,0,tbx11k,12073
data/raw/tbx11k-simplified/images/s4308.png,0,tbx11k,12074
data/raw/tbx11k-simplified/images/s4309.png,0,tbx11k,12075
data/raw/tbx11k-simplified/images/s4311.png,0,tbx11k,12076
data/raw/tbx11k-simplified/images/s4312.png,0,tbx11k,12077
data/raw/tbx11k-simplified/images/s4314.png,0,tbx11k,12079
data/raw/tbx11k-simplified/images/s4315.png,0,tbx11k,12080
data/raw/tbx11k-simplified/images/s4317.png,0,tbx11k,12082
data/raw/tbx11k-simplified/images/s4318.png,0,tbx11k,12083
data/raw/tbx11k-simplified/images/s4319.png,0,tbx11k,12084
data/raw/tbx11k-simplified/images/s4320.png,0,tbx11k,12085
data/raw/tbx11k-simplified/images/s4321.png,0,tbx11k,12086
data/raw/tbx11k-simplified/images/s4322.png,0,tbx11k,12087
data/raw/tbx11k-simplified/images/s4323.png,0,tbx11k,12088
data/raw/tbx11k-simplified/images/s4327.png,0,tbx11k,12089
data/raw/tbx11k-simplified/images/s4328.png,0,tbx11k,12090
data/raw/tbx11k-simplified/images/s4330.png,0,tbx11k,12091
data/raw/tbx11k-simplified/images/s4333.png,0,tbx11k,12092
data/raw/tbx11k-simplified/images/s4335.png,0,tbx11k,12093
data/raw/tbx11k-simplified/images/s4338.png,0,tbx11k,12096
data/raw/tbx11k-simplified/images/s4343.png,0,tbx11k,12099
data/raw/tbx11k-simplified/images/s4344.png,0,tbx11k,12100
data/raw/tbx11k-simplified/images/s4346.png,0,tbx11k,12102
data/raw/tbx11k-simplified/images/s4347.png,0,tbx11k,12103
data/raw/tbx11k-simplified/images/s4348.png,0,tbx11k,12104
data/raw/tbx11k-simplified/images/s4349.png,0,tbx11k,12105
data/raw/tbx11k-simplified/images/s4351.png,0,tbx11k,12106
data/raw/tbx11k-simplified/images/s4353.png,0,tbx11k,12108
data/raw/tbx11k-simplified/images/s4357.png,0,tbx11k,12109
data/raw/tbx11k-simplified/images/s4358.png,0,tbx11k,12110
data/raw/tbx11k-simplified/images/s4359.png,0,tbx11k,12111
data/raw/tbx11k-simplified/images/s4362.png,0,tbx11k,12112
data/raw/tbx11k-simplified/images/s4363.png,0,tbx11k,12113
data/raw/tbx11k-simplified/images/s4364.png,0,tbx11k,12114
data/raw/tbx11k-simplified/images/s4365.png,0,tbx11k,12115
data/raw/tbx11k-simplified/images/s4366.png,0,tbx11k,12116
data/raw/tbx11k-simplified/images/s4369.png,0,tbx11k,12117
data/raw/tbx11k-simplified/images/s4370.png,0,tbx11k,12118
data/raw/tbx11k-simplified/images/s4371.png,0,tbx11k,12119
data/raw/tbx11k-simplified/images/s4374.png,0,tbx11k,12120
data/raw/tbx11k-simplified/images/s4376.png,0,tbx11k,12122
data/raw/tbx11k-simplified/images/s4377.png,0,tbx11k,12123
data/raw/tbx11k-simplified/images/s4380.png,0,tbx11k,12124
data/raw/tbx11k-simplified/images/s4384.png,0,tbx11k,12126
data/raw/tbx11k-simplified/images/s4385.png,0,tbx11k,12127
data/raw/tbx11k-simplified/images/s4386.png,0,tbx11k,12128
data/raw/tbx11k-simplified/images/s4387.png,0,tbx11k,12129
data/raw/tbx11k-simplified/images/s4389.png,0,tbx11k,12130
data/raw/tbx11k-simplified/images/s4391.png,0,tbx11k,12131
data/raw/tbx11k-simplified/images/s4393.png,0,tbx11k,12133
data/raw/tbx11k-simplified/images/s4394.png,0,tbx11k,12134
data/raw/tbx11k-simplified/images/s4395.png,0,tbx11k,12135
data/raw/tbx11k-simplified/images/s4397.png,0,tbx11k,12136
data/raw/tbx11k-simplified/images/s4399.png,0,tbx11k,12137
data/raw/tbx11k-simplified/images/s4400.png,0,tbx11k,12138
data/raw/tbx11k-simplified/images/s4404.png,0,tbx11k,12141
data/raw/tbx11k-simplified/images/s4405.png,0,tbx11k,12142
data/raw/tbx11k-simplified/images/s4407.png,0,tbx11k,12143
data/raw/tbx11k-simplified/images/s4408.png,0,tbx11k,12144
data/raw/tbx11k-simplified/images/s4409.png,0,tbx11k,12145
data/raw/tbx11k-simplified/images/s4410.png,0,tbx11k,12146
data/raw/tbx11k-simplified/images/s4412.png,0,tbx11k,12148
data/raw/tbx11k-simplified/images/s4417.png,0,tbx11k,12152
data/raw/tbx11k-simplified/images/s4418.png,0,tbx11k,12153
data/raw/tbx11k-simplified/images/s4420.png,0,tbx11k,12154
data/raw/tbx11k-simplified/images/s4421.png,0,tbx11k,12155
data/raw/tbx11k-simplified/images/s4423.png,0,tbx11k,12157
data/raw/tbx11k-simplified/images/s4426.png,0,tbx11k,12160
data/raw/tbx11k-simplified/images/s4427.png,0,tbx11k,12161
data/raw/tbx11k-simplified/images/s4428.png,0,tbx11k,12162
data/raw/tbx11k-simplified/images/s4430.png,0,tbx11k,12163
data/raw/tbx11k-simplified/images/s4431.png,0,tbx11k,12164
data/raw/tbx11k-simplified/images/s4432.png,0,tbx11k,12165
data/raw/tbx11k-simplified/images/s4439.png,0,tbx11k,12168
data/raw/tbx11k-simplified/images/s4440.png,0,tbx11k,12169
data/raw/tbx11k-simplified/images/s4441.png,0,tbx11k,12170
data/raw/tbx11k-simplified/images/s4443.png,0,tbx11k,12172
data/raw/tbx11k-simplified/images/s4444.png,0,tbx11k,12173
data/raw/tbx11k-simplified/images/s4446.png,0,tbx11k,12174
data/raw/tbx11k-simplified/images/s4447.png,0,tbx11k,12175
data/raw/tbx11k-simplified/images/s4448.png,0,tbx11k,12176
data/raw/tbx11k-simplified/images/s4451.png,0,tbx11k,12178
data/raw/tbx11k-simplified/images/s4452.png,0,tbx11k,12179
data/raw/tbx11k-simplified/images/s4453.png,0,tbx11k,12180
data/raw/tbx11k-simplified/images/s4454.png,0,tbx11k,12181
data/raw/tbx11k-simplified/images/s4455.png,0,tbx11k,12182
data/raw/tbx11k-simplified/images/s4456.png,0,tbx11k,12183
data/raw/tbx11k-simplified/images/s4457.png,0,tbx11k,12184
data/raw/tbx11k-simplified/images/s4458.png,0,tbx11k,12185
data/raw/tbx11k-simplified/images/s4461.png,0,tbx11k,12186
data/raw/tbx11k-simplified/images/s4463.png,0,tbx11k,12188
data/raw/tbx11k-simplified/images/s4465.png,0,tbx11k,12189
data/raw/tbx11k-simplified/images/s4466.png,0,tbx11k,12190
data/raw/tbx11k-simplified/images/s4467.png,0,tbx11k,12191
data/raw/tbx11k-simplified/images/s4469.png,0,tbx11k,12192
data/raw/tbx11k-simplified/images/s4470.png,0,tbx11k,12193
data/raw/tbx11k-simplified/images/s4471.png,0,tbx11k,12194
data/raw/tbx11k-simplified/images/s4472.png,0,tbx11k,12195
data/raw/tbx11k-simplified/images/s4473.png,0,tbx11k,12196
data/raw/tbx11k-simplified/images/s4475.png,0,tbx11k,12198
data/raw/tbx11k-simplified/images/s4476.png,0,tbx11k,12199
data/raw/tbx11k-simplified/images/s4478.png,0,tbx11k,12200
data/raw/tbx11k-simplified/images/s4480.png,0,tbx11k,12201
data/raw/tbx11k-simplified/images/s4481.png,0,tbx11k,12202
data/raw/tbx11k-simplified/images/s4482.png,0,tbx11k,12203
data/raw/tbx11k-simplified/images/s4483.png,0,tbx11k,12204
data/raw/tbx11k-simplified/images/s4484.png,0,tbx11k,12205
data/raw/tbx11k-simplified/images/s4485.png,0,tbx11k,12206
data/raw/tbx11k-simplified/images/s4486.png,0,tbx11k,12207
data/raw/tbx11k-simplified/images/s4488.png,0,tbx11k,12208
data/raw/tbx11k-simplified/images/s4489.png,0,tbx11k,12209
data/raw/tbx11k-simplified/images/s4490.png,0,tbx11k,12210
data/raw/tbx11k-simplified/images/s4492.png,0,tbx11k,12212
data/raw/tbx11k-simplified/images/s4498.png,0,tbx11k,12214
data/raw/tbx11k-simplified/images/s4500.png,0,tbx11k,12215
data/raw/tbx11k-simplified/images/s4503.png,0,tbx11k,12216
data/raw/tbx11k-simplified/images/s4504.png,0,tbx11k,12217
data/raw/tbx11k-simplified/images/s4505.png,0,tbx11k,12218
data/raw/tbx11k-simplified/images/s4506.png,0,tbx11k,12219
data/raw/tbx11k-simplified/images/s4509.png,0,tbx11k,12221
data/raw/tbx11k-simplified/images/s4514.png,0,tbx11k,12222
data/raw/tbx11k-simplified/images/s4520.png,0,tbx11k,12225
data/raw/tbx11k-simplified/images/s4521.png,0,tbx11k,12226
data/raw/tbx11k-simplified/images/s4524.png,0,tbx11k,12227
data/raw/tbx11k-simplified/images/s4525.png,0,tbx11k,12228
data/raw/tbx11k-simplified/images/s4527.png,0,tbx11k,12230
data/raw/tbx11k-simplified/images/s4528.png,0,tbx11k,12231
data/raw/tbx11k-simplified/images/s4530.png,0,tbx11k,12233
data/raw/tbx11k-simplified/images/s4533.png,0,tbx11k,12236
data/raw/tbx11k-simplified/images/s4534.png,0,tbx11k,12237
data/raw/tbx11k-simplified/images/s4538.png,0,tbx11k,12241
data/raw/tbx11k-simplified/images/s4539.png,0,tbx11k,12242
data/raw/tbx11k-simplified/images/s4541.png,0,tbx11k,12243
data/raw/tbx11k-simplified/images/s4542.png,0,tbx11k,12244
data/raw/tbx11k-simplified/images/s4544.png,0,tbx11k,12246
data/raw/tbx11k-simplified/images/s4547.png,0,tbx11k,12247
data/raw/tbx11k-simplified/images/s4548.png,0,tbx11k,12248
data/raw/tbx11k-simplified/images/s4551.png,0,tbx11k,12249
data/raw/tbx11k-simplified/images/s4554.png,0,tbx11k,12251
data/raw/tbx11k-simplified/images/s4555.png,0,tbx11k,12252
data/raw/tbx11k-simplified/images/s4556.png,0,tbx11k,12253
data/raw/tbx11k-simplified/images/s4559.png,0,tbx11k,12255
data/raw/tbx11k-simplified/images/s4560.png,0,tbx11k,12256
data/raw/tbx11k-simplified/images/s4561.png,0,tbx11k,12257
data/raw/tbx11k-simplified/images/s4562.png,0,tbx11k,12258
data/raw/tbx11k-simplified/images/s4563.png,0,tbx11k,12259
data/raw/tbx11k-simplified/images/s4564.png,0,tbx11k,12260
data/raw/tbx11k-simplified/images/s4565.png,0,tbx11k,12261
data/raw/tbx11k-simplified/images/s4568.png,0,tbx11k,12263
data/raw/tbx11k-simplified/images/s4569.png,0,tbx11k,12264
data/raw/tbx11k-simplified/images/s4570.png,0,tbx11k,12265
data/raw/tbx11k-simplified/images/s4571.png,0,tbx11k,12266
data/raw/tbx11k-simplified/images/s4575.png,0,tbx11k,12268
data/raw/tbx11k-simplified/images/s4578.png,0,tbx11k,12270
data/raw/tbx11k-simplified/images/s4579.png,0,tbx11k,12271
data/raw/tbx11k-simplified/images/s4580.png,0,tbx11k,12272
data/raw/tbx11k-simplified/images/s4581.png,0,tbx11k,12273
data/raw/tbx11k-simplified/images/s4582.png,0,tbx11k,12274
data/raw/tbx11k-simplified/images/s4583.png,0,tbx11k,12275
data/raw/tbx11k-simplified/images/s4584.png,0,tbx11k,12276
data/raw/tbx11k-simplified/images/s4587.png,0,tbx11k,12279
data/raw/tbx11k-simplified/images/s4588.png,0,tbx11k,12280
data/raw/tbx11k-simplified/images/s4589.png,0,tbx11k,12281
data/raw/tbx11k-simplified/images/s4590.png,0,tbx11k,12282
data/raw/tbx11k-simplified/images/s4593.png,0,tbx11k,12283
data/raw/tbx11k-simplified/images/s4594.png,0,tbx11k,12284
data/raw/tbx11k-simplified/images/s4595.png,0,tbx11k,12285
data/raw/tbx11k-simplified/images/s4597.png,0,tbx11k,12287
data/raw/tbx11k-simplified/images/s4598.png,0,tbx11k,12288
data/raw/tbx11k-simplified/images/s4599.png,0,tbx11k,12289
data/raw/tbx11k-simplified/images/s4602.png,0,tbx11k,12290
data/raw/tbx11k-simplified/images/s4605.png,0,tbx11k,12291
data/raw/tbx11k-simplified/images/s4606.png,0,tbx11k,12292
data/raw/tbx11k-simplified/images/s4609.png,0,tbx11k,12294
data/raw/tbx11k-simplified/images/s4610.png,0,tbx11k,12295
data/raw/tbx11k-simplified/images/s4611.png,0,tbx11k,12296
data/raw/tbx11k-simplified/images/s4612.png,0,tbx11k,12297
data/raw/tbx11k-simplified/images/s4613.png,0,tbx11k,12298
data/raw/tbx11k-simplified/images/s4614.png,0,tbx11k,12299
data/raw/tbx11k-simplified/images/s4615.png,0,tbx11k,12300
data/raw/tbx11k-simplified/images/s4616.png,0,tbx11k,12301
data/raw/tbx11k-simplified/images/s4619.png,0,tbx11k,12303
data/raw/tbx11k-simplified/images/s4622.png,0,tbx11k,12305
data/raw/tbx11k-simplified/images/s4623.png,0,tbx11k,12306
data/raw/tbx11k-simplified/images/s4625.png,0,tbx11k,12308
data/raw/tbx11k-simplified/images/s4628.png,0,tbx11k,12310
data/raw/tbx11k-simplified/images/s4629.png,0,tbx11k,12311
data/raw/tbx11k-simplified/images/s4631.png,0,tbx11k,12312
data/raw/tbx11k-simplified/images/s4633.png,0,tbx11k,12313
data/raw/tbx11k-simplified/images/s4634.png,0,tbx11k,12314
data/raw/tbx11k-simplified/images/s4635.png,0,tbx11k,12315
data/raw/tbx11k-simplified/images/s4636.png,0,tbx11k,12316
data/raw/tbx11k-simplified/images/s4638.png,0,tbx11k,12318
data/raw/tbx11k-simplified/images/s4640.png,0,tbx11k,12319
data/raw/tbx11k-simplified/images/s4641.png,0,tbx11k,12320
data/raw/tbx11k-simplified/images/s4642.png,0,tbx11k,12321
data/raw/tbx11k-simplified/images/s4643.png,0,tbx11k,12322
data/raw/tbx11k-simplified/images/s4644.png,0,tbx11k,12323
data/raw/tbx11k-simplified/images/s4645.png,0,tbx11k,12324
data/raw/tbx11k-simplified/images/s4648.png,0,tbx11k,12326
data/raw/tbx11k-simplified/images/s4649.png,0,tbx11k,12327
data/raw/tbx11k-simplified/images/s4650.png,0,tbx11k,12328
data/raw/tbx11k-simplified/images/s4651.png,0,tbx11k,12329
data/raw/tbx11k-simplified/images/s4652.png,0,tbx11k,12330
data/raw/tbx11k-simplified/images/s4654.png,0,tbx11k,12332
data/raw/tbx11k-simplified/images/s4655.png,0,tbx11k,12333
data/raw/tbx11k-simplified/images/s4659.png,0,tbx11k,12335
data/raw/tbx11k-simplified/images/s4660.png,0,tbx11k,12336
data/raw/tbx11k-simplified/images/s4661.png,0,tbx11k,12337
data/raw/tbx11k-simplified/images/s4663.png,0,tbx11k,12338
data/raw/tbx11k-simplified/images/s4664.png,0,tbx11k,12339
data/raw/tbx11k-simplified/images/s4665.png,0,tbx11k,12340
data/raw/tbx11k-simplified/images/s4667.png,0,tbx11k,12341
data/raw/tbx11k-simplified/images/s4669.png,0,tbx11k,12343
data/raw/tbx11k-simplified/images/s4670.png,0,tbx11k,12344
data/raw/tbx11k-simplified/images/s4671.png,0,tbx11k,12345
data/raw/tbx11k-simplified/images/s4672.png,0,tbx11k,12346
data/raw/tbx11k-simplified/images/s4673.png,0,tbx11k,12347
data/raw/tbx11k-simplified/images/s4675.png,0,tbx11k,12348
data/raw/tbx11k-simplified/images/s4680.png,0,tbx11k,12351
data/raw/tbx11k-simplified/images/s4681.png,0,tbx11k,12352
data/raw/tbx11k-simplified/images/s4682.png,0,tbx11k,12353
data/raw/tbx11k-simplified/images/s4684.png,0,tbx11k,12354
data/raw/tbx11k-simplified/images/s4685.png,0,tbx11k,12355
data/raw/tbx11k-simplified/images/s4686.png,0,tbx11k,12356
data/raw/tbx11k-simplified/images/s4688.png,0,tbx11k,12357
data/raw/tbx11k-simplified/images/s4689.png,0,tbx11k,12358
data/raw/tbx11k-simplified/images/s4690.png,0,tbx11k,12359
data/raw/tbx11k-simplified/images/s4691.png,0,tbx11k,12360
data/raw/tbx11k-simplified/images/s4696.png,0,tbx11k,12364
data/raw/tbx11k-simplified/images/s4698.png,0,tbx11k,12366
data/raw/tbx11k-simplified/images/s4701.png,0,tbx11k,12367
data/raw/tbx11k-simplified/images/s4704.png,0,tbx11k,12369
data/raw/tbx11k-simplified/images/s4705.png,0,tbx11k,12370
data/raw/tbx11k-simplified/images/s4706.png,0,tbx11k,12371
data/raw/tbx11k-simplified/images/s4707.png,0,tbx11k,12372
data/raw/tbx11k-simplified/images/s4708.png,0,tbx11k,12373
data/raw/tbx11k-simplified/images/s4710.png,0,tbx11k,12375
data/raw/tbx11k-simplified/images/s4711.png,0,tbx11k,12376
data/raw/tbx11k-simplified/images/s4712.png,0,tbx11k,12377
data/raw/tbx11k-simplified/images/s4713.png,0,tbx11k,12378
data/raw/tbx11k-simplified/images/s4714.png,0,tbx11k,12379
data/raw/tbx11k-simplified/images/s4715.png,0,tbx11k,12380
data/raw/tbx11k-simplified/images/s4716.png,0,tbx11k,12381
data/raw/tbx11k-simplified/images/s4718.png,0,tbx11k,12382
data/raw/tbx11k-simplified/images/s4720.png,0,tbx11k,12384
data/raw/tbx11k-simplified/images/s4721.png,0,tbx11k,12385
data/raw/tbx11k-simplified/images/s4723.png,0,tbx11k,12386
data/raw/tbx11k-simplified/images/s4724.png,0,tbx11k,12387
data/raw/tbx11k-simplified/images/s4725.png,0,tbx11k,12388
data/raw/tbx11k-simplified/images/s4726.png,0,tbx11k,12389
data/raw/tbx11k-simplified/images/s4727.png,0,tbx11k,12390
data/raw/tbx11k-simplified/images/s4728.png,0,tbx11k,12391
data/raw/tbx11k-simplified/images/s4729.png,0,tbx11k,12392
data/raw/tbx11k-simplified/images/s4730.png,0,tbx11k,12393
data/raw/tbx11k-simplified/images/s4732.png,0,tbx11k,12395
data/raw/tbx11k-simplified/images/s4733.png,0,tbx11k,12396
data/raw/tbx11k-simplified/images/s4734.png,0,tbx11k,12397
data/raw/tbx11k-simplified/images/s4737.png,0,tbx11k,12399
data/raw/tbx11k-simplified/images/s4738.png,0,tbx11k,12400
data/raw/tbx11k-simplified/images/s4739.png,0,tbx11k,12401
data/raw/tbx11k-simplified/images/s4740.png,0,tbx11k,12402
data/raw/tbx11k-simplified/images/s4741.png,0,tbx11k,12403
data/raw/tbx11k-simplified/images/s4742.png,0,tbx11k,12404
data/raw/tbx11k-simplified/images/s4743.png,0,tbx11k,12405
data/raw/tbx11k-simplified/images/s4744.png,0,tbx11k,12406
data/raw/tbx11k-simplified/images/s4745.png,0,tbx11k,12407
data/raw/tbx11k-simplified/images/s4747.png,0,tbx11k,12408
data/raw/tbx11k-simplified/images/s4751.png,0,tbx11k,12412
data/raw/tbx11k-simplified/images/s4754.png,0,tbx11k,12414
data/raw/tbx11k-simplified/images/s4756.png,0,tbx11k,12416
data/raw/tbx11k-simplified/images/s4757.png,0,tbx11k,12417
data/raw/tbx11k-simplified/images/s4758.png,0,tbx11k,12418
data/raw/tbx11k-simplified/images/s4759.png,0,tbx11k,12419
data/raw/tbx11k-simplified/images/s4760.png,0,tbx11k,12420
data/raw/tbx11k-simplified/images/s4761.png,0,tbx11k,12421
data/raw/tbx11k-simplified/images/s4763.png,0,tbx11k,12422
data/raw/tbx11k-simplified/images/s4764.png,0,tbx11k,12423
data/raw/tbx11k-simplified/images/s4765.png,0,tbx11k,12424
data/raw/tbx11k-simplified/images/s4766.png,0,tbx11k,12425
data/raw/tbx11k-simplified/images/s4769.png,0,tbx11k,12426
data/raw/tbx11k-simplified/images/s4770.png,0,tbx11k,12427
data/raw/tbx11k-simplified/images/s4774.png,0,tbx11k,12429
data/raw/tbx11k-simplified/images/s4775.png,0,tbx11k,12430
data/raw/tbx11k-simplified/images/s4776.png,0,tbx11k,12431
data/raw/tbx11k-simplified/images/s4777.png,0,tbx11k,12432
data/raw/tbx11k-simplified/images/s4780.png,0,tbx11k,12433
data/raw/tbx11k-simplified/images/s4781.png,0,tbx11k,12434
data/raw/tbx11k-simplified/images/s4783.png,0,tbx11k,12435
data/raw/tbx11k-simplified/images/s4784.png,0,tbx11k,12436
data/raw/tbx11k-simplified/images/s4786.png,0,tbx11k,12437
data/raw/tbx11k-simplified/images/s4788.png,0,tbx11k,12439
data/raw/tbx11k-simplified/images/s4789.png,0,tbx11k,12440
data/raw/tbx11k-simplified/images/s4790.png,0,tbx11k,12441
data/raw/tbx11k-simplified/images/s4791.png,0,tbx11k,12442
data/raw/tbx11k-simplified/images/s4792.png,0,tbx11k,12443
data/raw/tbx11k-simplified/images/s4794.png,0,tbx11k,12444
data/raw/tbx11k-simplified/images/s4795.png,0,tbx11k,12445
data/raw/tbx11k-simplified/images/s4796.png,0,tbx11k,12446
data/raw/tbx11k-simplified/images/s4799.png,0,tbx11k,12448
data/raw/tbx11k-simplified/images/s4803.png,0,tbx11k,12452
data/raw/tbx11k-simplified/images/s4804.png,0,tbx11k,12453
data/raw/tbx11k-simplified/images/s4807.png,0,tbx11k,12454
data/raw/tbx11k-simplified/images/s4811.png,0,tbx11k,12456
data/raw/tbx11k-simplified/images/s4812.png,0,tbx11k,12457
data/raw/tbx11k-simplified/images/s4813.png,0,tbx11k,12458
data/raw/tbx11k-simplified/images/s4814.png,0,tbx11k,12459
data/raw/tbx11k-simplified/images/s4815.png,0,tbx11k,12460
data/raw/tbx11k-simplified/images/s4816.png,0,tbx11k,12461
data/raw/tbx11k-simplified/images/s4817.png,0,tbx11k,12462
data/raw/tbx11k-simplified/images/s4821.png,0,tbx11k,12465
data/raw/tbx11k-simplified/images/s4822.png,0,tbx11k,12466
data/raw/tbx11k-simplified/images/s4823.png,0,tbx11k,12467
data/raw/tbx11k-simplified/images/s4824.png,0,tbx11k,12468
data/raw/tbx11k-simplified/images/s4825.png,0,tbx11k,12469
data/raw/tbx11k-simplified/images/s4826.png,0,tbx11k,12470
data/raw/tbx11k-simplified/images/s4827.png,0,tbx11k,12471
data/raw/tbx11k-simplified/images/s4829.png,0,tbx11k,12473
data/raw/tbx11k-simplified/images/s4830.png,0,tbx11k,12474
data/raw/tbx11k-simplified/images/s4831.png,0,tbx11k,12475
data/raw/tbx11k-simplified/images/s4835.png,0,tbx11k,12477
data/raw/tbx11k-simplified/images/s4837.png,0,tbx11k,12479
data/raw/tbx11k-simplified/images/s4838.png,0,tbx11k,12480
data/raw/tbx11k-simplified/images/s4839.png,0,tbx11k,12481
data/raw/tbx11k-simplified/images/s4841.png,0,tbx11k,12483
data/raw/tbx11k-simplified/images/s4843.png,0,tbx11k,12484
data/raw/tbx11k-simplified/images/s4845.png,0,tbx11k,12486
data/raw/tbx11k-simplified/images/s4850.png,0,tbx11k,12488
data/raw/tbx11k-simplified/images/s4852.png,0,tbx11k,12490
data/raw/tbx11k-simplified/images/s4853.png,0,tbx11k,12491
data/raw/tbx11k-simplified/images/s4854.png,0,tbx11k,12492
data/raw/tbx11k-simplified/images/s4857.png,0,tbx11k,12494
data/raw/tbx11k-simplified/images/s4858.png,0,tbx11k,12495
data/raw/tbx11k-simplified/images/s4859.png,0,tbx11k,12496
data/raw/tbx11k-simplified/images/s4860.png,0,tbx11k,12497
data/raw/tbx11k-simplified/images/s4861.png,0,tbx11k,12498
data/raw/tbx11k-simplified/images/s4865.png,0,tbx11k,12501
data/raw/tbx11k-simplified/images/s4866.png,0,tbx11k,12502
data/raw/tbx11k-simplified/images/s4868.png,0,tbx11k,12503
data/raw/tbx11k-simplified/images/s4869.png,0,tbx11k,12504
data/raw/tbx11k-simplified/images/s4870.png,0,tbx11k,12505
data/raw/tbx11k-simplified/images/s4871.png,0,tbx11k,12506
data/raw/tbx11k-simplified/images/s4877.png,0,tbx11k,12509
data/raw/tbx11k-simplified/images/s4878.png,0,tbx11k,12510
data/raw/tbx11k-simplified/images/s4879.png,0,tbx11k,12511
data/raw/tbx11k-simplified/images/s4880.png,0,tbx11k,12512
data/raw/tbx11k-simplified/images/s4882.png,0,tbx11k,12513
data/raw/tbx11k-simplified/images/s4884.png,0,tbx11k,12514
data/raw/tbx11k-simplified/images/s4885.png,0,tbx11k,12515
data/raw/tbx11k-simplified/images/s4886.png,0,tbx11k,12516
data/raw/tbx11k-simplified/images/s4887.png,0,tbx11k,12517
data/raw/tbx11k-simplified/images/s4888.png,0,tbx11k,12518
data/raw/tbx11k-simplified/images/s4889.png,0,tbx11k,12519
data/raw/tbx11k-simplified/images/s4892.png,0,tbx11k,12521
data/raw/tbx11k-simplified/images/s4898.png,0,tbx11k,12524
data/raw/tbx11k-simplified/images/s4899.png,0,tbx11k,12525
data/raw/tbx11k-simplified/images/s4901.png,0,tbx11k,12526
data/raw/tbx11k-simplified/images/s4903.png,0,tbx11k,12527
data/raw/tbx11k-simplified/images/s4904.png,0,tbx11k,12528
data/raw/tbx11k-simplified/images/s4905.png,0,tbx11k,12529
data/raw/tbx11k-simplified/images/s4906.png,0,tbx11k,12530
data/raw/tbx11k-simplified/images/s4907.png,0,tbx11k,12531
data/raw/tbx11k-simplified/images/s4908.png,0,tbx11k,12532
data/raw/tbx11k-simplified/images/s4910.png,0,tbx11k,12534
data/raw/tbx11k-simplified/images/s4911.png,0,tbx11k,12535
data/raw/tbx11k-simplified/images/s4913.png,0,tbx11k,12536
data/raw/tbx11k-simplified/images/s4914.png,0,tbx11k,12537
data/raw/tbx11k-simplified/images/s4915.png,0,tbx11k,12538
data/raw/tbx11k-simplified/images/s4919.png,0,tbx11k,12540
data/raw/tbx11k-simplified/images/s4920.png,0,tbx11k,12541
data/raw/tbx11k-simplified/images/s4921.png,0,tbx11k,12542
data/raw/tbx11k-simplified/images/s4922.png,0,tbx11k,12543
data/raw/tbx11k-simplified/images/s4923.png,0,tbx11k,12544
data/raw/tbx11k-simplified/images/s4925.png,0,tbx11k,12545
data/raw/tbx11k-simplified/images/s4929.png,0,tbx11k,12549
data/raw/tbx11k-simplified/images/s4931.png,0,tbx11k,12550
data/raw/tbx11k-simplified/images/s4933.png,0,tbx11k,12552
data/raw/tbx11k-simplified/images/s4936.png,0,tbx11k,12554
data/raw/tbx11k-simplified/images/s4937.png,0,tbx11k,12555
data/raw/tbx11k-simplified/images/s4940.png,0,tbx11k,12556
data/raw/tbx11k-simplified/images/s4942.png,0,tbx11k,12557
data/raw/tbx11k-simplified/images/s4943.png,0,tbx11k,12558
data/raw/tbx11k-simplified/images/s4945.png,0,tbx11k,12559
data/raw/tbx11k-simplified/images/s4947.png,0,tbx11k,12560
data/raw/tbx11k-simplified/images/s4948.png,0,tbx11k,12561
data/raw/tbx11k-simplified/images/s4949.png,0,tbx11k,12562
data/raw/tbx11k-simplified/images/s4953.png,0,tbx11k,12564
data/raw/tbx11k-simplified/images/s4954.png,0,tbx11k,12565
data/raw/tbx11k-simplified/images/s4955.png,0,tbx11k,12566
data/raw/tbx11k-simplified/images/s4956.png,0,tbx11k,12567
data/raw/tbx11k-simplified/images/s4957.png,0,tbx11k,12568
data/raw/tbx11k-simplified/images/s4959.png,0,tbx11k,12569
data/raw/tbx11k-simplified/images/s4961.png,0,tbx11k,12571
data/raw/tbx11k-simplified/images/s4962.png,0,tbx11k,12572
data/raw/tbx11k-simplified/images/s4963.png,0,tbx11k,12573
data/raw/tbx11k-simplified/images/s4964.png,0,tbx11k,12574
data/raw/tbx11k-simplified/images/s4965.png,0,tbx11k,12575
data/raw/tbx11k-simplified/images/s4966.png,0,tbx11k,12576
data/raw/tbx11k-simplified/images/s4967.png,0,tbx11k,12577
data/raw/tbx11k-simplified/images/s4969.png,0,tbx11k,12579
data/raw/tbx11k-simplified/images/s4970.png,0,tbx11k,12580
data/raw/tbx11k-simplified/images/s4972.png,0,tbx11k,12581
data/raw/tbx11k-simplified/images/s4973.png,0,tbx11k,12582
data/raw/tbx11k-simplified/images/s4975.png,0,tbx11k,12584
data/raw/tbx11k-simplified/images/s4977.png,0,tbx11k,12586
data/raw/tbx11k-simplified/images/s4981.png,0,tbx11k,12587
data/raw/tbx11k-simplified/images/s4982.png,0,tbx11k,12588
data/raw/tbx11k-simplified/images/s4983.png,0,tbx11k,12589
data/raw/tbx11k-simplified/images/s4985.png,0,tbx11k,12590
data/raw/tbx11k-simplified/images/s4987.png,0,tbx11k,12591
data/raw/tbx11k-simplified/images/s4990.png,0,tbx11k,12593
data/raw/tbx11k-simplified/images/s4991.png,0,tbx11k,12594
data/raw/tbx11k-simplified/images/s4992.png,0,tbx11k,12595
data/raw/tbx11k-simplified/images/s4993.png,0,tbx11k,12596
data/raw/tbx11k-simplified/images/s4994.png,0,tbx11k,12597
data/raw/tbx11k-simplified/images/s4995.png,0,tbx11k,12598
data/raw/tbx11k-simplified/images/s4998.png,0,tbx11k,12599
data/raw/tbx11k-simplified/images/tb0004.png,1,tbx11k,12600
data/raw/tbx11k-simplified/images/tb0005.png,1,tbx11k,12601
data/raw/tbx11k-simplified/images/tb0009.png,1,tbx11k,12603
data/raw/tbx11k-simplified/images/tb0012.png,1,tbx11k,12604
data/raw/tbx11k-simplified/images/tb0014.png,1,tbx11k,12605
data/raw/tbx11k-simplified/images/tb0015.png,1,tbx11k,12606
data/raw/tbx11k-simplified/images/tb0018.png,1,tbx11k,12607
data/raw/tbx11k-simplified/images/tb0021.png,1,tbx11k,12610
data/raw/tbx11k-simplified/images/tb0024.png,1,tbx11k,12611
data/raw/tbx11k-simplified/images/tb0026.png,1,tbx11k,12612
data/raw/tbx11k-simplified/images/tb0027.png,1,tbx11k,12613
data/raw/tbx11k-simplified/images/tb0029.png,1,tbx11k,12614
data/raw/tbx11k-simplified/images/tb0030.png,1,tbx11k,12615
data/raw/tbx11k-simplified/images/tb0031.png,1,tbx11k,12616
data/raw/tbx11k-simplified/images/tb0032.png,1,tbx11k,12617
data/raw/tbx11k-simplified/images/tb0033.png,1,tbx11k,12618
data/raw/tbx11k-simplified/images/tb0034.png,1,tbx11k,12619
data/raw/tbx11k-simplified/images/tb0040.png,1,tbx11k,12621
data/raw/tbx11k-simplified/images/tb0042.png,1,tbx11k,12622
data/raw/tbx11k-simplified/images/tb0043.png,1,tbx11k,12623
data/raw/tbx11k-simplified/images/tb0049.png,1,tbx11k,12624
data/raw/tbx11k-simplified/images/tb0050.png,1,tbx11k,12625
data/raw/tbx11k-simplified/images/tb0053.png,1,tbx11k,12626
data/raw/tbx11k-simplified/images/tb0054.png,1,tbx11k,12627
data/raw/tbx11k-simplified/images/tb0056.png,1,tbx11k,12628
data/raw/tbx11k-simplified/images/tb0059.png,1,tbx11k,12629
data/raw/tbx11k-simplified/images/tb0062.png,1,tbx11k,12630
data/raw/tbx11k-simplified/images/tb0063.png,1,tbx11k,12631
data/raw/tbx11k-simplified/images/tb0065.png,1,tbx11k,12632
data/raw/tbx11k-simplified/images/tb0066.png,1,tbx11k,12633
data/raw/tbx11k-simplified/images/tb0068.png,1,tbx11k,12634
data/raw/tbx11k-simplified/images/tb0069.png,1,tbx11k,12635
data/raw/tbx11k-simplified/images/tb0071.png,1,tbx11k,12636
data/raw/tbx11k-simplified/images/tb0073.png,1,tbx11k,12637
data/raw/tbx11k-simplified/images/tb0076.png,1,tbx11k,12639
data/raw/tbx11k-simplified/images/tb0077.png,1,tbx11k,12640
data/raw/tbx11k-simplified/images/tb0080.png,1,tbx11k,12642
data/raw/tbx11k-simplified/images/tb0081.png,1,tbx11k,12643
data/raw/tbx11k-simplified/images/tb0082.png,1,tbx11k,12644
data/raw/tbx11k-simplified/images/tb0084.png,1,tbx11k,12646
data/raw/tbx11k-simplified/images/tb0085.png,1,tbx11k,12647
data/raw/tbx11k-simplified/images/tb0087.png,1,tbx11k,12649
data/raw/tbx11k-simplified/images/tb0088.png,1,tbx11k,12650
data/raw/tbx11k-simplified/images/tb0089.png,1,tbx11k,12651
data/raw/tbx11k-simplified/images/tb0090.png,1,tbx11k,12652
data/raw/tbx11k-simplified/images/tb0092.png,1,tbx11k,12653
data/raw/tbx11k-simplified/images/tb0094.png,1,tbx11k,12654
data/raw/tbx11k-simplified/images/tb0095.png,1,tbx11k,12655
data/raw/tbx11k-simplified/images/tb0096.png,1,tbx11k,12656
data/raw/tbx11k-simplified/images/tb0098.png,1,tbx11k,12657
data/raw/tbx11k-simplified/images/tb0100.png,1,tbx11k,12658
data/raw/tbx11k-simplified/images/tb0103.png,1,tbx11k,12659
data/raw/tbx11k-simplified/images/tb0107.png,1,tbx11k,12661
data/raw/tbx11k-simplified/images/tb0108.png,1,tbx11k,12662
data/raw/tbx11k-simplified/images/tb0114.png,1,tbx11k,12663
data/raw/tbx11k-simplified/images/tb0118.png,1,tbx11k,12664
data/raw/tbx11k-simplified/images/tb0124.png,1,tbx11k,12666
data/raw/tbx11k-simplified/images/tb0125.png,1,tbx11k,12667
data/raw/tbx11k-simplified/images/tb0126.png,1,tbx11k,12668
data/raw/tbx11k-simplified/images/tb0128.png,1,tbx11k,12669
data/raw/tbx11k-simplified/images/tb0132.png,1,tbx11k,12670
data/raw/tbx11k-simplified/images/tb0133.png,1,tbx11k,12671
data/raw/tbx11k-simplified/images/tb0134.png,1,tbx11k,12672
data/raw/tbx11k-simplified/images/tb0136.png,1,tbx11k,12674
data/raw/tbx11k-simplified/images/tb0137.png,1,tbx11k,12675
data/raw/tbx11k-simplified/images/tb0138.png,1,tbx11k,12676
data/raw/tbx11k-simplified/images/tb0139.png,1,tbx11k,12677
data/raw/tbx11k-simplified/images/tb0142.png,1,tbx11k,12680
data/raw/tbx11k-simplified/images/tb0147.png,1,tbx11k,12682
data/raw/tbx11k-simplified/images/tb0148.png,1,tbx11k,12683
data/raw/tbx11k-simplified/images/tb0153.png,1,tbx11k,12684
data/raw/tbx11k-simplified/images/tb0154.png,1,tbx11k,12685
data/raw/tbx11k-simplified/images/tb0155.png,1,tbx11k,12686
data/raw/tbx11k-simplified/images/tb0156.png,1,tbx11k,12687
data/raw/tbx11k-simplified/images/tb0162.png,1,tbx11k,12688
data/raw/tbx11k-simplified/images/tb0163.png,1,tbx11k,12689
data/raw/tbx11k-simplified/images/tb0166.png,1,tbx11k,12690
data/raw/tbx11k-simplified/images/tb0167.png,1,tbx11k,12691
data/raw/tbx11k-simplified/images/tb0174.png,1,tbx11k,12693
data/raw/tbx11k-simplified/images/tb0176.png,1,tbx11k,12694
data/raw/tbx11k-simplified/images/tb0177.png,1,tbx11k,12695
data/raw/tbx11k-simplified/images/tb0179.png,1,tbx11k,12696
data/raw/tbx11k-simplified/images/tb0186.png,1,tbx11k,12699
data/raw/tbx11k-simplified/images/tb0190.png,1,tbx11k,12700
data/raw/tbx11k-simplified/images/tb0192.png,1,tbx11k,12701
data/raw/tbx11k-simplified/images/tb0196.png,1,tbx11k,12704
data/raw/tbx11k-simplified/images/tb0199.png,1,tbx11k,12706
data/raw/tbx11k-simplified/images/tb0201.png,1,tbx11k,12708
data/raw/tbx11k-simplified/images/tb0202.png,1,tbx11k,12709
data/raw/tbx11k-simplified/images/tb0203.png,1,tbx11k,12710
data/raw/tbx11k-simplified/images/tb0205.png,1,tbx11k,12711
data/raw/tbx11k-simplified/images/tb0208.png,1,tbx11k,12712
data/raw/tbx11k-simplified/images/tb0209.png,1,tbx11k,12713
data/raw/tbx11k-simplified/images/tb0217.png,1,tbx11k,12716
data/raw/tbx11k-simplified/images/tb0219.png,1,tbx11k,12717
data/raw/tbx11k-simplified/images/tb0226.png,1,tbx11k,12720
data/raw/tbx11k-simplified/images/tb0227.png,1,tbx11k,12721
data/raw/tbx11k-simplified/images/tb0228.png,1,tbx11k,12722
data/raw/tbx11k-simplified/images/tb0231.png,1,tbx11k,12723
data/raw/tbx11k-simplified/images/tb0234.png,1,tbx11k,12724
data/raw/tbx11k-simplified/images/tb0235.png,1,tbx11k,12725
data/raw/tbx11k-simplified/images/tb0237.png,1,tbx11k,12726
data/raw/tbx11k-simplified/images/tb0238.png,1,tbx11k,12727
data/raw/tbx11k-simplified/images/tb0239.png,1,tbx11k,12728
data/raw/tbx11k-simplified/images/tb0242.png,1,tbx11k,12730
data/raw/tbx11k-simplified/images/tb0244.png,1,tbx11k,12731
data/raw/tbx11k-simplified/images/tb0250.png,1,tbx11k,12733
data/raw/tbx11k-simplified/images/tb0251.png,1,tbx11k,12734
data/raw/tbx11k-simplified/images/tb0252.png,1,tbx11k,12735
data/raw/tbx11k-simplified/images/tb0255.png,1,tbx11k,12736
data/raw/tbx11k-simplified/images/tb0262.png,1,tbx11k,12738
data/raw/tbx11k-simplified/images/tb0264.png,1,tbx11k,12739
data/raw/tbx11k-simplified/images/tb0266.png,1,tbx11k,12740
data/raw/tbx11k-simplified/images/tb0267.png,1,tbx11k,12741
data/raw/tbx11k-simplified/images/tb0269.png,1,tbx11k,12742
data/raw/tbx11k-simplified/images/tb0270.png,1,tbx11k,12743
data/raw/tbx11k-simplified/images/tb0273.png,1,tbx11k,12744
data/raw/tbx11k-simplified/images/tb0277.png,1,tbx11k,12745
data/raw/tbx11k-simplified/images/tb0279.png,1,tbx11k,12746
data/raw/tbx11k-simplified/images/tb0280.png,1,tbx11k,12747
data/raw/tbx11k-simplified/images/tb0283.png,1,tbx11k,12748
data/raw/tbx11k-simplified/images/tb0284.png,1,tbx11k,12749
data/raw/tbx11k-simplified/images/tb0286.png,1,tbx11k,12751
data/raw/tbx11k-simplified/images/tb0287.png,1,tbx11k,12752
data/raw/tbx11k-simplified/images/tb0288.png,1,tbx11k,12753
data/raw/tbx11k-simplified/images/tb0290.png,1,tbx11k,12754
data/raw/tbx11k-simplified/images/tb0291.png,1,tbx11k,12755
data/raw/tbx11k-simplified/images/tb0292.png,1,tbx11k,12756
data/raw/tbx11k-simplified/images/tb0293.png,1,tbx11k,12757
data/raw/tbx11k-simplified/images/tb0294.png,1,tbx11k,12758
data/raw/tbx11k-simplified/images/tb0297.png,1,tbx11k,12759
data/raw/tbx11k-simplified/images/tb0298.png,1,tbx11k,12760
data/raw/tbx11k-simplified/images/tb0299.png,1,tbx11k,12761
data/raw/tbx11k-simplified/images/tb0301.png,1,tbx11k,12763
data/raw/tbx11k-simplified/images/tb0303.png,1,tbx11k,12764
data/raw/tbx11k-simplified/images/tb0307.png,1,tbx11k,12765
data/raw/tbx11k-simplified/images/tb0309.png,1,tbx11k,12766
data/raw/tbx11k-simplified/images/tb0313.png,1,tbx11k,12767
data/raw/tbx11k-simplified/images/tb0315.png,1,tbx11k,12768
data/raw/tbx11k-simplified/images/tb0318.png,1,tbx11k,12769
data/raw/tbx11k-simplified/images/tb0322.png,1,tbx11k,12771
data/raw/tbx11k-simplified/images/tb0323.png,1,tbx11k,12772
data/raw/tbx11k-simplified/images/tb0324.png,1,tbx11k,12773
data/raw/tbx11k-simplified/images/tb0325.png,1,tbx11k,12774
data/raw/tbx11k-simplified/images/tb0326.png,1,tbx11k,12775
data/raw/tbx11k-simplified/images/tb0327.png,1,tbx11k,12776
data/raw/tbx11k-simplified/images/tb0329.png,1,tbx11k,12777
data/raw/tbx11k-simplified/images/tb0332.png,1,tbx11k,12778
data/raw/tbx11k-simplified/images/tb0333.png,1,tbx11k,12779
data/raw/tbx11k-simplified/images/tb0335.png,1,tbx11k,12780
data/raw/tbx11k-simplified/images/tb0336.png,1,tbx11k,12781
data/raw/tbx11k-simplified/images/tb0337.png,1,tbx11k,12782
data/raw/tbx11k-simplified/images/tb0338.png,1,tbx11k,12783
data/raw/tbx11k-simplified/images/tb0342.png,1,tbx11k,12784
data/raw/tbx11k-simplified/images/tb0343.png,1,tbx11k,12785
data/raw/tbx11k-simplified/images/tb0345.png,1,tbx11k,12786
data/raw/tbx11k-simplified/images/tb0347.png,1,tbx11k,12788
data/raw/tbx11k-simplified/images/tb0348.png,1,tbx11k,12789
data/raw/tbx11k-simplified/images/tb0350.png,1,tbx11k,12791
data/raw/tbx11k-simplified/images/tb0352.png,1,tbx11k,12792
data/raw/tbx11k-simplified/images/tb0354.png,1,tbx11k,12794
data/raw/tbx11k-simplified/images/tb0356.png,1,tbx11k,12796
data/raw/tbx11k-simplified/images/tb0357.png,1,tbx11k,12797
data/raw/tbx11k-simplified/images/tb0360.png,1,tbx11k,12798
data/raw/tbx11k-simplified/images/tb0361.png,1,tbx11k,12799
data/raw/tbx11k-simplified/images/tb0364.png,1,tbx11k,12800
data/raw/tbx11k-simplified/images/tb0365.png,1,tbx11k,12801
data/raw/tbx11k-simplified/images/tb0366.png,1,tbx11k,12802
data/raw/tbx11k-simplified/images/tb0369.png,1,tbx11k,12803
data/raw/tbx11k-simplified/images/tb0372.png,1,tbx11k,12804
data/raw/tbx11k-simplified/images/tb0373.png,1,tbx11k,12805
data/raw/tbx11k-simplified/images/tb0376.png,1,tbx11k,12806
data/raw/tbx11k-simplified/images/tb0377.png,1,tbx11k,12807
data/raw/tbx11k-simplified/images/tb0382.png,1,tbx11k,12810
data/raw/tbx11k-simplified/images/tb0383.png,1,tbx11k,12811
data/raw/tbx11k-simplified/images/tb0388.png,1,tbx11k,12813
data/raw/tbx11k-simplified/images/tb0389.png,1,tbx11k,12814
data/raw/tbx11k-simplified/images/tb0390.png,1,tbx11k,12815
data/raw/tbx11k-simplified/images/tb0391.png,1,tbx11k,12816
data/raw/tbx11k-simplified/images/tb0392.png,1,tbx11k,12817
data/raw/tbx11k-simplified/images/tb0395.png,1,tbx11k,12819
data/raw/tbx11k-simplified/images/tb0398.png,1,tbx11k,12820
data/raw/tbx11k-simplified/images/tb0402.png,1,tbx11k,12821
data/raw/tbx11k-simplified/images/tb0404.png,1,tbx11k,12822
data/raw/tbx11k-simplified/images/tb0405.png,1,tbx11k,12823
data/raw/tbx11k-simplified/images/tb0406.png,1,tbx11k,12824
data/raw/tbx11k-simplified/images/tb0407.png,1,tbx11k,12825
data/raw/tbx11k-simplified/images/tb0409.png,1,tbx11k,12826
data/raw/tbx11k-simplified/images/tb0413.png,1,tbx11k,12827
data/raw/tbx11k-simplified/images/tb0420.png,1,tbx11k,12830
data/raw/tbx11k-simplified/images/tb0425.png,1,tbx11k,12831
data/raw/tbx11k-simplified/images/tb0427.png,1,tbx11k,12832
data/raw/tbx11k-simplified/images/tb0431.png,1,tbx11k,12833
data/raw/tbx11k-simplified/images/tb0433.png,1,tbx11k,12834
data/raw/tbx11k-simplified/images/tb0439.png,1,tbx11k,12836
data/raw/tbx11k-simplified/images/tb0441.png,1,tbx11k,12837
data/raw/tbx11k-simplified/images/tb0443.png,1,tbx11k,12839
data/raw/tbx11k-simplified/images/tb0445.png,1,tbx11k,12840
data/raw/tbx11k-simplified/images/tb0446.png,1,tbx11k,12841
data/raw/tbx11k-simplified/images/tb0447.png,1,tbx11k,12842
data/raw/tbx11k-simplified/images/tb0450.png,1,tbx11k,12843
data/raw/tbx11k-simplified/images/tb0453.png,1,tbx11k,12844
data/raw/tbx11k-simplified/images/tb0460.png,1,tbx11k,12846
data/raw/tbx11k-simplified/images/tb0469.png,1,tbx11k,12848
data/raw/tbx11k-simplified/images/tb0470.png,1,tbx11k,12849
data/raw/tbx11k-simplified/images/tb0474.png,1,tbx11k,12851
data/raw/tbx11k-simplified/images/tb0476.png,1,tbx11k,12852
data/raw/tbx11k-simplified/images/tb0477.png,1,tbx11k,12853
data/raw/tbx11k-simplified/images/tb0478.png,1,tbx11k,12854
data/raw/tbx11k-simplified/images/tb0479.png,1,tbx11k,12855
data/raw/tbx11k-simplified/images/tb0480.png,1,tbx11k,12856
data/raw/tbx11k-simplified/images/tb0484.png,1,tbx11k,12857
data/raw/tbx11k-simplified/images/tb0485.png,1,tbx11k,12858
data/raw/tbx11k-simplified/images/tb0487.png,1,tbx11k,12859
data/raw/tbx11k-simplified/images/tb0492.png,1,tbx11k,12861
data/raw/tbx11k-simplified/images/tb0493.png,1,tbx11k,12862
data/raw/tbx11k-simplified/images/tb0495.png,1,tbx11k,12863
data/raw/tbx11k-simplified/images/tb0497.png,1,tbx11k,12865
data/raw/tbx11k-simplified/images/tb0498.png,1,tbx11k,12866
data/raw/tbx11k-simplified/images/tb0499.png,1,tbx11k,12867
data/raw/tbx11k-simplified/images/tb0501.png,1,tbx11k,12868
data/raw/tbx11k-simplified/images/tb0504.png,1,tbx11k,12870
data/raw/tbx11k-simplified/images/tb0505.png,1,tbx11k,12871
data/raw/tbx11k-simplified/images/tb0506.png,1,tbx11k,12872
data/raw/tbx11k-simplified/images/tb0509.png,1,tbx11k,12874
data/raw/tbx11k-simplified/images/tb0514.png,1,tbx11k,12876
data/raw/tbx11k-simplified/images/tb0515.png,1,tbx11k,12877
data/raw/tbx11k-simplified/images/tb0518.png,1,tbx11k,12878
data/raw/tbx11k-simplified/images/tb0523.png,1,tbx11k,12879
data/raw/tbx11k-simplified/images/tb0524.png,1,tbx11k,12880
data/raw/tbx11k-simplified/images/tb0526.png,1,tbx11k,12881
data/raw/tbx11k-simplified/images/tb0527.png,1,tbx11k,12882
data/raw/tbx11k-simplified/images/tb0530.png,1,tbx11k,12885
data/raw/tbx11k-simplified/images/tb0533.png,1,tbx11k,12886
data/raw/tbx11k-simplified/images/tb0536.png,1,tbx11k,12888
data/raw/tbx11k-simplified/images/tb0537.png,1,tbx11k,12889
data/raw/tbx11k-simplified/images/tb0538.png,1,tbx11k,12890
data/raw/tbx11k-simplified/images/tb0540.png,1,tbx11k,12891
data/raw/tbx11k-simplified/images/tb0543.png,1,tbx11k,12893
data/raw/tbx11k-simplified/images/tb0544.png,1,tbx11k,12894
data/raw/tbx11k-simplified/images/tb0552.png,1,tbx11k,12896
data/raw/tbx11k-simplified/images/tb0553.png,1,tbx11k,12897
data/raw/tbx11k-simplified/images/tb0554.png,1,tbx11k,12898
data/raw/tbx11k-simplified/images/tb0556.png,1,tbx11k,12899
data/raw/tbx11k-simplified/images/tb0559.png,1,tbx11k,12901
data/raw/tbx11k-simplified/images/tb0564.png,1,tbx11k,12903
data/raw/tbx11k-simplified/images/tb0567.png,1,tbx11k,12905
data/raw/tbx11k-simplified/images/tb0569.png,1,tbx11k,12906
data/raw/tbx11k-simplified/images/tb0570.png,1,tbx11k,12907
data/raw/tbx11k-simplified/images/tb0573.png,1,tbx11k,12909
data/raw/tbx11k-simplified/images/tb0574.png,1,tbx11k,12910
data/raw/tbx11k-simplified/images/tb0575.png,1,tbx11k,12911
data/raw/tbx11k-simplified/images/tb0576.png,1,tbx11k,12912
data/raw/tbx11k-simplified/images/tb0577.png,1,tbx11k,12913
data/raw/tbx11k-simplified/images/tb0579.png,1,tbx11k,12914
data/raw/tbx11k-simplified/images/tb0581.png,1,tbx11k,12915
data/raw/tbx11k-simplified/images/tb0583.png,1,tbx11k,12916
data/raw/tbx11k-simplified/images/tb0584.png,1,tbx11k,12917
data/raw/tbx11k-simplified/images/tb0585.png,1,tbx11k,12918
data/raw/tbx11k-simplified/images/tb0586.png,1,tbx11k,12919
data/raw/tbx11k-simplified/images/tb0587.png,1,tbx11k,12920
data/raw/tbx11k-simplified/images/tb0591.png,1,tbx11k,12921
data/raw/tbx11k-simplified/images/tb0593.png,1,tbx11k,12922
data/raw/tbx11k-simplified/images/tb0594.png,1,tbx11k,12923
data/raw/tbx11k-simplified/images/tb0595.png,1,tbx11k,12924
data/raw/tbx11k-simplified/images/tb0596.png,1,tbx11k,12925
data/raw/tbx11k-simplified/images/tb0598.png,1,tbx11k,12926
data/raw/tbx11k-simplified/images/tb0601.png,1,tbx11k,12927
data/raw/tbx11k-simplified/images/tb0602.png,1,tbx11k,12928
data/raw/tbx11k-simplified/images/tb0603.png,1,tbx11k,12929
data/raw/tbx11k-simplified/images/tb0607.png,1,tbx11k,12930
data/raw/tbx11k-simplified/images/tb0608.png,1,tbx11k,12931
data/raw/tbx11k-simplified/images/tb0610.png,1,tbx11k,12932
data/raw/tbx11k-simplified/images/tb0611.png,1,tbx11k,12933
data/raw/tbx11k-simplified/images/tb0612.png,1,tbx11k,12934
data/raw/tbx11k-simplified/images/tb0616.png,1,tbx11k,12935
data/raw/tbx11k-simplified/images/tb0617.png,1,tbx11k,12936
data/raw/tbx11k-simplified/images/tb0619.png,1,tbx11k,12937
data/raw/tbx11k-simplified/images/tb0620.png,1,tbx11k,12938
data/raw/tbx11k-simplified/images/tb0621.png,1,tbx11k,12939
data/raw/tbx11k-simplified/images/tb0623.png,1,tbx11k,12941
data/raw/tbx11k-simplified/images/tb0625.png,1,tbx11k,12942
data/raw/tbx11k-simplified/images/tb0626.png,1,tbx11k,12943
data/raw/tbx11k-simplified/images/tb0627.png,1,tbx11k,12944
data/raw/tbx11k-simplified/images/tb0628.png,1,tbx11k,12945
data/raw/tbx11k-simplified/images/tb0633.png,1,tbx11k,12946
data/raw/tbx11k-simplified/images/tb0637.png,1,tbx11k,12947
data/raw/tbx11k-simplified/images/tb0638.png,1,tbx11k,12948
data/raw/tbx11k-simplified/images/tb0639.png,1,tbx11k,12949
data/raw/tbx11k-simplified/images/tb0640.png,1,tbx11k,12950
data/raw/tbx11k-simplified/images/tb0647.png,1,tbx11k,12953
data/raw/tbx11k-simplified/images/tb0657.png,1,tbx11k,12955
data/raw/tbx11k-simplified/images/tb0659.png,1,tbx11k,12956
data/raw/tbx11k-simplified/images/tb0660.png,1,tbx11k,12957
data/raw/tbx11k-simplified/images/tb0662.png,1,tbx11k,12958
data/raw/tbx11k-simplified/images/tb0666.png,1,tbx11k,12960
data/raw/tbx11k-simplified/images/tb0667.png,1,tbx11k,12961
data/raw/tbx11k-simplified/images/tb0668.png,1,tbx11k,12962
data/raw/tbx11k-simplified/images/tb0672.png,1,tbx11k,12964
data/raw/tbx11k-simplified/images/tb0675.png,1,tbx11k,12965
data/raw/tbx11k-simplified/images/tb0676.png,1,tbx11k,12966
data/raw/tbx11k-simplified/images/tb0678.png,1,tbx11k,12967
data/raw/tbx11k-simplified/images/tb0680.png,1,tbx11k,12969
data/raw/tbx11k-simplified/images/tb0681.png,1,tbx11k,12970
data/raw/tbx11k-simplified/images/tb0684.png,1,tbx11k,12971
data/raw/tbx11k-simplified/images/tb0686.png,1,tbx11k,12972
data/raw/tbx11k-simplified/images/tb0688.png,1,tbx11k,12973
data/raw/tbx11k-simplified/images/tb0692.png,1,tbx11k,12975
data/raw/tbx11k-simplified/images/tb0693.png,1,tbx11k,12976
data/raw/tbx11k-simplified/images/tb0695.png,1,tbx11k,12977
data/raw/tbx11k-simplified/images/tb0702.png,1,tbx11k,12979
data/raw/tbx11k-simplified/images/tb0705.png,1,tbx11k,12980
data/raw/tbx11k-simplified/images/tb0708.png,1,tbx11k,12981
data/raw/tbx11k-simplified/images/tb0710.png,1,tbx11k,12982
data/raw/tbx11k-simplified/images/tb0711.png,1,tbx11k,12983
data/raw/tbx11k-simplified/images/tb0713.png,1,tbx11k,12984
data/raw/tbx11k-simplified/images/tb0715.png,1,tbx11k,12985
data/raw/tbx11k-simplified/images/tb0716.png,1,tbx11k,12986
data/raw/tbx11k-simplified/images/tb0717.png,1,tbx11k,12987
data/raw/tbx11k-simplified/images/tb0719.png,1,tbx11k,12988
data/raw/tbx11k-simplified/images/tb0721.png,1,tbx11k,12990
data/raw/tbx11k-simplified/images/tb0724.png,1,tbx11k,12991
data/raw/tbx11k-simplified/images/tb0725.png,1,tbx11k,12992
data/raw/tbx11k-simplified/images/tb0726.png,1,tbx11k,12993
data/raw/tbx11k-simplified/images/tb0732.png,1,tbx11k,12995
data/raw/tbx11k-simplified/images/tb0733.png,1,tbx11k,12996
data/raw/tbx11k-simplified/images/tb0734.png,1,tbx11k,12997
data/raw/tbx11k-simplified/images/tb0735.png,1,tbx11k,12998
data/raw/tbx11k-simplified/images/tb0738.png,1,tbx11k,12999
data/raw/tbx11k-simplified/images/tb0743.png,1,tbx11k,13002
data/raw/tbx11k-simplified/images/tb0750.png,1,tbx11k,13004
data/raw/tbx11k-simplified/images/tb0751.png,1,tbx11k,13005
data/raw/tbx11k-simplified/images/tb0754.png,1,tbx11k,13006
data/raw/tbx11k-simplified/images/tb0755.png,1,tbx11k,13007
data/raw/tbx11k-simplified/images/tb0758.png,1,tbx11k,13008
data/raw/tbx11k-simplified/images/tb0759.png,1,tbx11k,13009
data/raw/tbx11k-simplified/images/tb0762.png,1,tbx11k,13010
data/raw/tbx11k-simplified/images/tb0765.png,1,tbx11k,13011
data/raw/tbx11k-simplified/images/tb0767.png,1,tbx11k,13012
data/raw/tbx11k-simplified/images/tb0773.png,1,tbx11k,13014
data/raw/tbx11k-simplified/images/tb0776.png,1,tbx11k,13015
data/raw/tbx11k-simplified/images/tb0777.png,1,tbx11k,13016
data/raw/tbx11k-simplified/images/tb0781.png,1,tbx11k,13017
data/raw/tbx11k-simplified/images/tb0783.png,1,tbx11k,13018
data/raw/tbx11k-simplified/images/tb0784.png,1,tbx11k,13019
data/raw/tbx11k-simplified/images/tb0786.png,1,tbx11k,13020
data/raw/tbx11k-simplified/images/tb0787.png,1,tbx11k,13021
data/raw/tbx11k-simplified/images/tb0792.png,1,tbx11k,13023
data/raw/tbx11k-simplified/images/tb0794.png,1,tbx11k,13024
data/raw/tbx11k-simplified/images/tb0796.png,1,tbx11k,13026
data/raw/tbx11k-simplified/images/tb0797.png,1,tbx11k,13027
data/raw/tbx11k-simplified/images/tb0798.png,1,tbx11k,13028
data/raw/tbx11k-simplified/images/tb0799.png,1,tbx11k,13029
data/raw/tbx11k-simplified/images/tb0801.png,1,tbx11k,13030
data/raw/tbx11k-simplified/images/tb0802.png,1,tbx11k,13031
data/raw/tbx11k-simplified/images/tb0804.png,1,tbx11k,13032
data/raw/tbx11k-simplified/images/tb0806.png,1,tbx11k,13033
data/raw/tbx11k-simplified/images/tb0807.png,1,tbx11k,13034
data/raw/tbx11k-simplified/images/tb0812.png,1,tbx11k,13035
data/raw/tbx11k-simplified/images/tb0814.png,1,tbx11k,13036
data/raw/tbx11k-simplified/images/tb0816.png,1,tbx11k,13037
data/raw/tbx11k-simplified/images/tb0819.png,1,tbx11k,13038
data/raw/tbx11k-simplified/images/tb0821.png,1,tbx11k,13039
data/raw/tbx11k-simplified/images/tb0822.png,1,tbx11k,13040
data/raw/tbx11k-simplified/images/tb0823.png,1,tbx11k,13041
data/raw/tbx11k-simplified/images/tb0824.png,1,tbx11k,13042
data/raw/tbx11k-simplified/images/tb0826.png,1,tbx11k,13044
data/raw/tbx11k-simplified/images/tb0827.png,1,tbx11k,13045
data/raw/tbx11k-simplified/images/tb0831.png,1,tbx11k,13047
data/raw/tbx11k-simplified/images/tb0832.png,1,tbx11k,13048
data/raw/tbx11k-simplified/images/tb0833.png,1,tbx11k,13049
data/raw/tbx11k-simplified/images/tb0834.png,1,tbx11k,13050
data/raw/tbx11k-simplified/images/tb0837.png,1,tbx11k,13051
data/raw/tbx11k-simplified/images/tb0838.png,1,tbx11k,13052
data/raw/tbx11k-simplified/images/tb0839.png,1,tbx11k,13053
data/raw/tbx11k-simplified/images/tb0841.png,1,tbx11k,13054
data/raw/tbx11k-simplified/images/tb0842.png,1,tbx11k,13055
data/raw/tbx11k-simplified/images/tb0843.png,1,tbx11k,13056
data/raw/tbx11k-simplified/images/tb0844.png,1,tbx11k,13057
data/raw/tbx11k-simplified/images/tb0846.png,1,tbx11k,13058
data/raw/tbx11k-simplified/images/tb0848.png,1,tbx11k,13059
data/raw/tbx11k-simplified/images/tb0849.png,1,tbx11k,13060
data/raw/tbx11k-simplified/images/tb0851.png,1,tbx11k,13061
data/raw/tbx11k-simplified/images/tb0852.png,1,tbx11k,13062
data/raw/tbx11k-simplified/images/tb0853.png,1,tbx11k,13063
data/raw/tbx11k-simplified/images/tb0855.png,1,tbx11k,13064
data/raw/tbx11k-simplified/images/tb0859.png,1,tbx11k,13066
data/raw/tbx11k-simplified/images/tb0860.png,1,tbx11k,13067
data/raw/tbx11k-simplified/images/tb0862.png,1,tbx11k,13068
data/raw/tbx11k-simplified/images/tb0863.png,1,tbx11k,13069
data/raw/tbx11k-simplified/images/tb0865.png,1,tbx11k,13071
data/raw/tbx11k-simplified/images/tb0874.png,1,tbx11k,13074
data/raw/tbx11k-simplified/images/tb0875.png,1,tbx11k,13075
data/raw/tbx11k-simplified/images/tb0879.png,1,tbx11k,13077
data/raw/tbx11k-simplified/images/tb0880.png,1,tbx11k,13078
data/raw/tbx11k-simplified/images/tb0881.png,1,tbx11k,13079
data/raw/tbx11k-simplified/images/tb0887.png,1,tbx11k,13082
data/raw/tbx11k-simplified/images/tb0889.png,1,tbx11k,13084
data/raw/tbx11k-simplified/images/tb0890.png,1,tbx11k,13085
data/raw/tbx11k-simplified/images/tb0892.png,1,tbx11k,13086
data/raw/tbx11k-simplified/images/tb0893.png,1,tbx11k,13087
data/raw/tbx11k-simplified/images/tb0895.png,1,tbx11k,13088
data/raw/tbx11k-simplified/images/tb0896.png,1,tbx11k,13089
data/raw/tbx11k-simplified/images/tb0897.png,1,tbx11k,13090
data/raw/tbx11k-simplified/images/tb0898.png,1,tbx11k,13091
data/raw/tbx11k-simplified/images/tb0900.png,1,tbx11k,13093
data/raw/tbx11k-simplified/images/tb0902.png,1,tbx11k,13094
data/raw/tbx11k-simplified/images/tb0903.png,1,tbx11k,13095
data/raw/tbx11k-simplified/images/tb0905.png,1,tbx11k,13096
data/raw/tbx11k-simplified/images/tb0907.png,1,tbx11k,13097
data/raw/tbx11k-simplified/images/tb0908.png,1,tbx11k,13098
data/raw/tbx11k-simplified/images/tb0909.png,1,tbx11k,13099
data/raw/tbx11k-simplified/images/tb0914.png,1,tbx11k,13100
data/raw/tbx11k-simplified/images/tb0915.png,1,tbx11k,13101
data/raw/tbx11k-simplified/images/tb0916.png,1,tbx11k,13102
data/raw/tbx11k-simplified/images/tb0917.png,1,tbx11k,13103
data/raw/tbx11k-simplified/images/tb0918.png,1,tbx11k,13104
data/raw/tbx11k-simplified/images/tb0920.png,1,tbx11k,13106
data/raw/tbx11k-simplified/images/tb0923.png,1,tbx11k,13107
data/raw/tbx11k-simplified/images/tb0925.png,1,tbx11k,13108
data/raw/tbx11k-simplified/images/tb0926.png,1,tbx11k,13109
data/raw/tbx11k-simplified/images/tb0927.png,1,tbx11k,13110
data/raw/tbx11k-simplified/images/tb0928.png,1,tbx11k,13111
data/raw/tbx11k-simplified/images/tb0929.png,1,tbx11k,13112
data/raw/tbx11k-simplified/images/tb0930.png,1,tbx11k,13113
data/raw/tbx11k-simplified/images/tb0938.png,1,tbx11k,13115
data/raw/tbx11k-simplified/images/tb0943.png,1,tbx11k,13116
data/raw/tbx11k-simplified/images/tb0945.png,1,tbx11k,13117
data/raw/tbx11k-simplified/images/tb0949.png,1,tbx11k,13118
data/raw/tbx11k-simplified/images/tb0950.png,1,tbx11k,13119
data/raw/tbx11k-simplified/images/tb0951.png,1,tbx11k,13120
data/raw/tbx11k-simplified/images/tb0953.png,1,tbx11k,13121
data/raw/tbx11k-simplified/images/tb0954.png,1,tbx11k,13122
data/raw/tbx11k-simplified/images/tb0955.png,1,tbx11k,13123
data/raw/tbx11k-simplified/images/tb0957.png,1,tbx11k,13124
data/raw/tbx11k-simplified/images/tb0961.png,1,tbx11k,13125
data/raw/tbx11k-simplified/images/tb0962.png,1,tbx11k,13126
data/raw/tbx11k-simplified/images/tb0963.png,1,tbx11k,13127
data/raw/tbx11k-simplified/images/tb0964.png,1,tbx11k,13128
data/raw/tbx11k-simplified/images/tb0966.png,1,tbx11k,13129
data/raw/tbx11k-simplified/images/tb0968.png,1,tbx11k,13130
data/raw/tbx11k-simplified/images/tb0970.png,1,tbx11k,13131
data/raw/tbx11k-simplified/images/tb0974.png,1,tbx11k,13132
data/raw/tbx11k-simplified/images/tb0980.png,1,tbx11k,13134
data/raw/tbx11k-simplified/images/tb0981.png,1,tbx11k,13135
data/raw/tbx11k-simplified/images/tb0982.png,1,tbx11k,13136
data/raw/tbx11k-simplified/images/tb0983.png,1,tbx11k,13137
data/raw/tbx11k-simplified/images/tb0984.png,1,tbx11k,13138
data/raw/tbx11k-simplified/images/tb0985.png,1,tbx11k,13139
data/raw/tbx11k-simplified/images/tb0987.png,1,tbx11k,13140
data/raw/tbx11k-simplified/images/tb0990.png,1,tbx11k,13141
data/raw/tbx11k-simplified/images/tb0991.png,1,tbx11k,13142
data/raw/tbx11k-simplified/images/tb0996.png,1,tbx11k,13144
data/raw/tbx11k-simplified/images/tb0997.png,1,tbx11k,13145
data/raw/tbx11k-simplified/images/tb0998.png,1,tbx11k,13146
data/raw/tbx11k-simplified/images/tb0999.png,1,tbx11k,13147
data/raw/tbx11k-simplified/images/tb1000.png,1,tbx11k,13148
data/raw/tbx11k-simplified/images/tb1002.png,1,tbx11k,13149
data/raw/tbx11k-simplified/images/tb1003.png,1,tbx11k,13150
data/raw/tbx11k-simplified/images/tb1005.png,1,tbx11k,13152
data/raw/tbx11k-simplified/images/tb1008.png,1,tbx11k,13154
data/raw/tbx11k-simplified/images/tb1010.png,1,tbx11k,13155
data/raw/tbx11k-simplified/images/tb1011.png,1,tbx11k,13156
data/raw/tbx11k-simplified/images/tb1012.png,1,tbx11k,13157
data/raw/tbx11k-simplified/images/tb1013.png,1,tbx11k,13158
data/raw/tbx11k-simplified/images/tb1018.png,1,tbx11k,13161
data/raw/tbx11k-simplified/images/tb1020.png,1,tbx11k,13162
data/raw/tbx11k-simplified/images/tb1021.png,1,tbx11k,13163
data/raw/tbx11k-simplified/images/tb1024.png,1,tbx11k,13165
data/raw/tbx11k-simplified/images/tb1027.png,1,tbx11k,13166
data/raw/tbx11k-simplified/images/tb1029.png,1,tbx11k,13168
data/raw/tbx11k-simplified/images/tb1032.png,1,tbx11k,13171
data/raw/tbx11k-simplified/images/tb1037.png,1,tbx11k,13174
data/raw/tbx11k-simplified/images/tb1043.png,1,tbx11k,13177
data/raw/tbx11k-simplified/images/tb1044.png,1,tbx11k,13178
data/raw/tbx11k-simplified/images/tb1045.png,1,tbx11k,13179
data/raw/tbx11k-simplified/images/tb1047.png,1,tbx11k,13180
data/raw/tbx11k-simplified/images/tb1049.png,1,tbx11k,13181
data/raw/tbx11k-simplified/images/tb1050.png,1,tbx11k,13182
data/raw/tbx11k-simplified/images/tb1052.png,1,tbx11k,13183
data/raw/tbx11k-simplified/images/tb1054.png,1,tbx11k,13184
data/raw/tbx11k-simplified/images/tb1055.png,1,tbx11k,13185
data/raw/tbx11k-simplified/images/tb1057.png,1,tbx11k,13186
data/raw/tbx11k-simplified/images/tb1060.png,1,tbx11k,13188
data/raw/tbx11k-simplified/images/tb1066.png,1,tbx11k,13189
data/raw/tbx11k-simplified/images/tb1068.png,1,tbx11k,13190
data/raw/tbx11k-simplified/images/tb1070.png,1,tbx11k,13191
data/raw/tbx11k-simplified/images/tb1072.png,1,tbx11k,13193
data/raw/tbx11k-simplified/images/tb1073.png,1,tbx11k,13194
data/raw/tbx11k-simplified/images/tb1074.png,1,tbx11k,13195
data/raw/tbx11k-simplified/images/tb1077.png,1,tbx11k,13197
data/raw/tbx11k-simplified/images/tb1078.png,1,tbx11k,13198
data/raw/tbx11k-simplified/images/tb1080.png,1,tbx11k,13200
data/raw/tbx11k-simplified/images/tb1084.png,1,tbx11k,13201
data/raw/tbx11k-simplified/images/tb1086.png,1,tbx11k,13203
data/raw/tbx11k-simplified/images/tb1090.png,1,tbx11k,13204
data/raw/tbx11k-simplified/images/tb1092.png,1,tbx11k,13205
data/raw/tbx11k-simplified/images/tb1096.png,1,tbx11k,13207
data/raw/tbx11k-simplified/images/tb1098.png,1,tbx11k,13208
data/raw/tbx11k-simplified/images/tb1099.png,1,tbx11k,13209
data/raw/tbx11k-simplified/images/tb1104.png,1,tbx11k,13211
data/raw/tbx11k-simplified/images/tb1105.png,1,tbx11k,13212
data/raw/tbx11k-simplified/images/tb1108.png,1,tbx11k,13214
data/raw/tbx11k-simplified/images/tb1113.png,1,tbx11k,13215
data/raw/tbx11k-simplified/images/tb1114.png,1,tbx11k,13216
data/raw/tbx11k-simplified/images/tb1115.png,1,tbx11k,13217
data/raw/tbx11k-simplified/images/tb1117.png,1,tbx11k,13218
data/raw/tbx11k-simplified/images/tb1120.png,1,tbx11k,13219
data/raw/tbx11k-simplified/images/tb1122.png,1,tbx11k,13220
data/raw/tbx11k-simplified/images/tb1123.png,1,tbx11k,13221
data/raw/tbx11k-simplified/images/tb1124.png,1,tbx11k,13222
data/raw/tbx11k-simplified/images/tb1126.png,1,tbx11k,13223
data/raw/tbx11k-simplified/images/tb1127.png,1,tbx11k,13224
data/raw/tbx11k-simplified/images/tb1137.png,1,tbx11k,13227
data/raw/tbx11k-simplified/images/tb1138.png,1,tbx11k,13228
data/raw/tbx11k-simplified/images/tb1139.png,1,tbx11k,13229
data/raw/tbx11k-simplified/images/tb1141.png,1,tbx11k,13230
data/raw/tbx11k-simplified/images/tb1143.png,1,tbx11k,13231
data/raw/tbx11k-simplified/images/tb1150.png,1,tbx11k,13233
data/raw/tbx11k-simplified/images/tb1152.png,1,tbx11k,13234
data/raw/tbx11k-simplified/images/tb1156.png,1,tbx11k,13235
data/raw/tbx11k-simplified/images/tb1157.png,1,tbx11k,13236
data/raw/tbx11k-simplified/images/tb1160.png,1,tbx11k,13237
data/raw/tbx11k-simplified/images/tb1161.png,1,tbx11k,13238
data/raw/tbx11k-simplified/images/tb1163.png,1,tbx11k,13239
data/raw/tbx11k-simplified/images/tb1167.png,1,tbx11k,13241
data/raw/tbx11k-simplified/images/tb1168.png,1,tbx11k,13242
data/raw/tbx11k-simplified/images/tb1170.png,1,tbx11k,13243
data/raw/tbx11k-simplified/images/tb1173.png,1,tbx11k,13244
data/raw/tbx11k-simplified/images/tb1174.png,1,tbx11k,13245
data/raw/tbx11k-simplified/images/tb1175.png,1,tbx11k,13246
data/raw/tbx11k-simplified/images/tb1177.png,1,tbx11k,13247
data/raw/tbx11k-simplified/images/tb1178.png,1,tbx11k,13248
data/raw/tbx11k-simplified/images/tb1183.png,1,tbx11k,13250
data/raw/tbx11k-simplified/images/tb1186.png,1,tbx11k,13252
data/raw/tbx11k-simplified/images/tb1188.png,1,tbx11k,13253
data/raw/tbx11k-simplified/images/tb1190.png,1,tbx11k,13254
data/raw/tbx11k-simplified/images/tb1191.png,1,tbx11k,13255
data/raw/tbx11k-simplified/images/tb1194.png,1,tbx11k,13257
